0,0,0,0,0,0,0,0,0,0,0,0,0,0,0,0,0,0,3.8053e+06,0,0,0,0,0,0,0,0,0,0,0,0,0,0,0,0,1.2113e+08,0,0,0,0,0,0,0,0,0,0,0,0,0,0,0,0,0,0,0,0,0,0,0,0,0,0,0,0,0,0,0,0,0,0,0,0,0,0,0,0,0,0,0,0,0,0,0,0,0,0,0,0,0,0,0,0,0,0,0,0,0,0,0,0,0,0,0,0,0,0,0,0,0,0,0,0,0,0,0,0,0,0,0,0,0,0,0,0,0,0,0,0,0,0,0,0,0,0,0,0,0,0,0,0,0,0,0,0,0,0,0,0,0,3.1109e+07,0,0,0,0,0,0,0,0,0,0,0,0,0,0,0,0,0,0,0,0,0,0,0,0,0,0,0,0,0,0,0,0,0,0,0,0,0,0,0,0,0,0,0,0,0,0,0,0,0,0
0,0,0,0,0,0,9.2697e+07,0,0,0,0,0,0,0,9.9054e+07,0,3.7681e+07,0,0,0,0,0,0,0,0,5.2543e+07,0,0,0,0,0,0,0,0,0,1.2103e+08,0,0,2.8582e+08,0,0,0,0,0,0,0,0,0,0,0,0,0,0,0,0,0,0,0,0,0,0,0,0,0,0,0,0,0,0,0,0,0,0,0,0,0,0,0,0,4.3723e+07,0,0,0,0,7.2527e+07,0,0,0,0,0,0,0,0,0,0,0,0,0,0,0,1.2079e+08,0,0,0,0,0,0,0,0.00032253,0,0,0,0,0,0,0,0,0,1.9856e+08,0,0,0,0,0,0,0,0,0,0,0,0,0,0,1.0912e+08,0,1.2584e+08,0,0,0,0,0,0,0,0,0,1.8127e+08,0,0,0,0,0,0,0,0,0,0,0,0,0,0,0,0,0,0,0,0,0,0,0,0,0,0,0,0,0,0,0,0,0,0,0,0,0,0,0,0,0,0,0,0,0,0,0,0,0,4.1152e+07,0,0,0,0
0,0,0,0,0,0,0,0,0,0,0,0,0,0,0,0,0,0,0,0,0,0,0,0,0,0,0,0,0,0,0,0,0,0,0,0,0,0,0,0,0,0,0,0,0,0,0,0,0,0,0,0,0,0,0,0,0,0,0,0,0,0,0,0,0,0,0,0,0,0,0,0,0,0,0,0,0,0,0,0,0,0,0,0,0,0,0,0,0,0,0,0,0,0,0,0,0,0,0,0,0,0,0,0,0,0,0,0,0,0,0,0,0,0,0,0,0,0,0,0,0,0,0,0,0,0,0,0,0,0,0,0,0,0,0,0,0,0,0,0,0,0,0,0,0,0,0,0,0,0,0,0,0,0,0,0,0,0,0,0,0,0,0,0,0,0,0,0,0,0,0,0,0,0,0,0,0,0,0,0,0,0,0,0,0,0,0,0,0,0,0,0,0,0,0,0,0,0,0,0
0,0,1.3696e+08,1.9462e+07,1.8168e+08,0,0,0,0,2.1783e+08,0,0,0,0,0,0,0,0,2.1737e+08,0,0,0,0,0,1.8077e+08,0,0,0,0,1.1447e+08,0,0,0,0,3.0468e+08,2.6381e+08,0,3.3327e+08,0,0,0,1.1715e+08,0,0,0,1.5306e+08,1.461e+08,0,0,0,0,0,0,0,1.5383e+08,0,0,0,0,0,8.791e+06,1.5524e+08,0,0,0,0,0,2.2566e+08,0,0,0,0,0,0,0,0,0,0,2.2484e+08,0,1.4525e+08,0,0,1.8382e+08,0,0,0,0,9.9599e+07,0,1.7449e+08,0,2.4592e+08,6.2538e+07,0,0,0,0,0,0,0,0,0,2.0529e+05,0,0,0,1.8281e+08,0,0,0,0,3.7756e+07,0,0,0,0,0,0,0,1.7194e+08,0,0,0,5.641e+07,0,3.2274e+07,0,9.2564e+07,0,0,0,0,0,0,0,0,0,0,2.2854e+08,0,0,2.1729e+08,0,0,0,1.0272e+08,0,0,1.8275e+08,0,0,0,0,0,0,0,1.3916e+08,0,0,0,0,2.7143e+08,0,0,0,0,0,4.7743e+07,0,0,0,0,0,5.9659e+07,0,0,8.9027e+06,0,0,0,2.355e+08,0,2.0545e+06,0,1.9768e+07,0,0,0,0,0,0,0,8.8129e+07,0,0,0,0,0,0
0,0,0,0,0,0,0,0,0,0,0,0,0,0,0,0,0,0,0,0,0,0,0,0,0,0,0,0,0,0,0,0,0,0,0,0,0,0,0,0,0,0,0,0,0,0,0,0,0,0,0,0,0,0,0,0,0,0,0,0,0,0,0,0,0,0,0,0,0,0,0,0,0,0,0,0,0,0,0,0,0,0,0,0,0,0,0,0,0,0,0,0,0,0,0,0,0,0,0,0,0,0,0,0,0,0,0,0,0,0,0,0,0,0,0,0,0,0,0,0,0,0,0,0,0,0,0,0,0,0,0,0,0,0,0,0,0,0,0,0,0,0,0,0,0,0,0,0,0,0,0,0,0,0,0,0,0,0,0,0,0,0,0,0,0,0,0,0,0,0,0,0,0,0,0,0,0,0,0,0,0,0,0,0,0,0,0,0,0,0,0,0,0,0,0,0,0,0,0,0
0,0,0,0,0,0,0,0,0,0,0,0,0,0,0,0,0,0,0,0,0,0,0,0,0,0,0,0,0,0,0,0,0,0,0,0,0,0,0,0,0,0,0,0,0,0,0,0,0,0,0,0,0,0,0,0,0,0,0,0,0,0,0,0,0,0,0,0,0,0,0,0,0,0,0,0,0,0,0,0,0,0,0,0,0,0,0,0,0,0,0,0,0,0,0,0,0,0,0,0,0,0,0,0,0,0,0,0,0,0,0,0,0,0,0,0,0,0,0,0,0,0,0,0,0,0,0,0,0,0,0,0,0,0,0,0,0,0,0,0,0,0,0,0,0,0,0,0,0,0,0,0,0,0,0,0,0,0,0,0,0,0,0,0,0,0,0,0,0,0,0,0,0,0,0,0,0,0,0,0,0,0,0,0,0,0,0,0,0,0,0,0,0,0,0,0,0,0,0,0
0,0,0,0,0,0,0,0,0,0,0,0,0,0,0,0,0,0,0,0,0,0,0,0,0,0,0,0,0,0,0,0,0,0,0,0,0,0,0,0,0,0,0,0,0,0,0,0,0,0,0,0,0,0,0,0,0,0,0,0,0,0,0,0,0,0,0,0,0,0,0,0,0,0,0,0,0,0,0,0,0,0,0,0,0,0,0,0,0,0,0,0,0,0,0,0,0,0,0,0,0,0,0,0,0,0,0,0,0,0,0,0,0,0,0,0,0,0,0,0,0,0,0,0,0,0,0,0,0,0,0,0,0,0,0,0,0,0,0,0,0,0,0,0,0,0,0,0,0,0,0,0,0,0,0,0,0,0,0,0,0,0,0,0,0,0,0,0,0,0,0,0,0,0,0,0,0,0,0,0,0,0,0,0,0,0,0,0,0,0,0,0,0,0,0,0,0,0,0,0
0,0,0,0,0,0,0,0,0,0,0,0,0,0,0,0,0,0,0,0,0,0,0,0,0,0,0,0,0,0,0,0,0,0,0,0,0,0,0,0,0,0,0,0,0,0,0,0,0,0,0,0,0,0,0,0,0,0,0,0,0,0,0,0,0,0,0,0,0,0,0,0,0,0,0,0,0,0,0,0,0,0,0,0,0,0,0,0,0,0,0,0,0,0,0,0,0,0,0,0,0,0,0,0,0,0,0,0,0,0,0,0,0,0,0,0,0,0,0,0,0,0,0,0,0,0,0,0,0,0,0,0,0,0,0,0,0,0,0,0,0,0,0,0,0,0,0,0,0,0,0,0,0,0,0,0,0,0,0,0,0,0,0,0,0,0,0,0,0,0,0,0,0,0,0,0,0,0,0,0,0,0,0,0,0,0,0,2.4006e+08,0,0,0,0,0,0,0,0,0,0,0,0
4.5432e+08,0,0,0,0,0,1.1322e+08,0,0,1.8865e+08,0,0,2.849e+08,0,0,0,0,0,0,0,0,0,2.0602e+08,1.7664e+08,5.432e+07,0,0,0,0,0,4.0444e+08,0,1.2711e+08,2.2963e+08,5.743e+07,0,2.543e+08,0,0,9.8227e+06,3.1202e+07,0,6.9835e+07,0,0,0,0,0,0,0,1.2176e+08,1.8857e+08,0,0,1.4848e+08,0,0,0,2.8591e+08,0,2.0613e+08,2.7743e+08,0,0,0,0,0,0,0,0,0,1.5397e+08,0,1.0339e+08,4.5895e+07,1.3949e+08,0,2.1099e+08,0,0,4.3077e+07,3.4988e+07,2.7197e+08,0,0,3.0331e+07,2.2187e+08,2.6897e+08,0,0,0,0,2.9532e+08,0,0,1.9854e+07,0,0,0,0,3.9667e+08,0,0,0,1.7253e+08,0,0,6.2169e+07,0,3.7512e+07,9.1544e+06,0,0,1.1031e+08,0,0,0,1.2465e+08,2.0299e+08,0,0,0,0,0,0,6.7583e+07,0,0,0,0,1.0736e+08,1.6413e+08,1.9494e+07,0,0,0,4.5492e+07,2.3271e+05,1.2725e+08,1.7325e+08,0,0,0,0,0,0,0,0,2.7771e+07,2.1495e+08,0,0,1.8517e+08,0,0,0,0,0,0,0,0,0,0,0,0,3.0306e+07,0,0,0,0,0,0,0,2.1437e+07,0,0,0,0,3.6893e+08,0,0,0,0,0,0,0,0,0,0,3.9859e+08,0,0,5.6928e+07,0,6.0622e+07,6.5403e+07,2.6656e+08,0,0,4.2587e+07
1.3356e+09,1.6379e+09,1.2649e+09,1.264e+09,1.5349e+09,1.4928e+09,1.2776e+09,1.3552e+09,1.7935e+09,1.9527e+09,1.1716e+09,1.4471e+09,1.1519e+09,1.3951e+09,1.6074e+09,1.2225e+09,1.4652e+09,1.0731e+09,1.3557e+09,1.3471e+09,1.5039e+09,1.1403e+09,1.8383e+09,1.7616e+09,1.0943e+09,1.4595e+09,1.6233e+09,1.273e+09,1.3211e+09,1.4135e+09,1.0963e+09,1.2373e+09,1.3534e+09,1.2347e+09,1.2035e+09,1.6124e+09,1.1084e+09,1.8667e+09,1.1673e+09,1.3774e+09,1.8473e+09,1.4444e+09,6.3467e+08,1.0368e+09,1.2191e+09,1.6863e+09,1.5593e+09,1.6951e+09,1.7018e+09,1.5476e+09,1.2471e+09,1.5155e+09,1.9724e+09,1.2701e+09,1.9158e+09,1.6882e+09,1.4671e+09,1.4402e+09,1.3587e+09,1.4488e+09,1.3432e+09,1.0998e+09,1.4837e+09,1.336e+09,1.3863e+09,1.5446e+09,1.5469e+09,1.5108e+09,1.1758e+09,1.41e+09,1.4979e+09,1.1127e+09,9.3748e+08,1.7601e+09,1.1117e+09,1.4562e+09,1.3808e+09,1.6038e+09,1.9403e+09,9.3645e+08,9.1959e+08,1.5043e+09,1.146e+09,2.1347e+09,1.5619e+09,1.3828e+09,1.9021e+09,1.6458e+09,1.3373e+09,1.7727e+09,1.5121e+09,1.5214e+09,1.6621e+09,1.2619e+09,1.333e+09,1.4271e+09,1.2583e+09,1.7423e+09,1.2198e+09,1.5243e+09,1.5202e+09,1.8083e+09,1.6742e+09,1.3103e+09,1.1033e+09,1.4227e+09,9.8295e+08,9.2934e+08,1.0468e+09,1.5881e+09,9.9474e+08,1.1876e+09,1.5335e+09,1.3191e+09,1.6226e+09,1.4916e+09,1.4243e+09,1.3582e+09,1.3062e+09,1.5737e+09,1.6064e+09,1.416e+09,1.4195e+09,1.5937e+09,1.2576e+09,1.4697e+09,1.1023e+09,1.3203e+09,1.2269e+09,1.2478e+09,1.6619e+09,1.082e+09,1.7469e+09,9.9255e+08,1.0248e+09,1.2816e+09,1.4728e+09,1.7562e+09,1.155e+09,9.2424e+08,1.4194e+09,1.4075e+09,1.9644e+09,1.438e+09,1.5e+09,1.3229e+09,1.7919e+09,1.2563e+09,8.5327e+08,1.8342e+09,1.2281e+09,1.2197e+09,1.2853e+09,1.6293e+09,1.5888e+09,1.4103e+09,1.196e+09,1.3062e+09,1.2651e+09,1.6109e+09,1.9919e+09,1.4339e+09,1.7663e+09,1.3177e+09,1.1727e+09,1.5304e+09,1.4932e+09,1.5638e+09,1.2702e+09,1.3276e+09,1.5107e+09,1.1527e+09,1.5725e+09,1.6671e+09,1.7857e+09,1.2767e+09,1.511e+09,1.1324e+09,1.8286e+09,1.8635e+09,1.715e+09,1.2349e+09,2.0697e+09,1.3314e+09,1.3588e+09,1.0623e+09,1.1976e+09,1.4542e+09,1.2732e+09,1.4799e+09,1.7671e+09,1.3922e+09,1.0861e+09,1.3411e+09,1.4854e+09,1.2552e+09,1.9915e+09,2.0374e+09,1.7618e+09,1.0263e+09
0,0,2.529e+08,1.5605e+08,4.4844e+08,1.0205e+09,3.1894e+08,5.9011e+08,5.788e+08,4.7976e+08,7.0605e+08,6.3847e+08,3.7138e+08,0,5.1846e+08,6.9042e+08,8.0279e+08,5.795e+08,3.7677e+08,4.9417e+08,0,3.6171e+08,1.5076e+07,1.8933e+08,2.7719e+08,9.1124e+08,6.5228e+08,7.7553e+08,6.9395e+08,2.0383e+08,0,6.5368e+08,9.7383e+08,5.7845e+06,7.6571e+08,6.7175e+08,0,7.3317e+08,3.6851e+08,6.8277e+08,4.8562e+08,4.1075e+08,5.9149e+08,4.4159e+08,3.3436e+08,1.6952e+08,0,0,0,5.7818e+08,6.9004e+08,1.0703e+09,4.0948e+07,1.4431e+08,3.9746e+08,6.2649e+08,5.737e+08,0,5.3953e+08,5.6216e+08,3.9046e+08,8.9763e+07,7.2524e+08,0,6.9768e+08,3.933e+08,5.7058e+08,6.698e+08,1.2967e+08,5.804e+08,7.0386e+08,1.7563e+08,0,2.9936e+08,7.5146e+08,6.1957e+08,9.4118e+08,7.5122e+08,3.6841e+08,8.9247e+08,9.8971e+08,5.8812e+08,3.2948e+08,0,4.6009e+08,1.3172e+08,6.4199e+08,8.0738e+08,4.0561e+08,4.5103e+08,5.464e+08,6.768e+08,1.1043e+08,0,2.1867e+08,5.8093e+08,3.7108e+08,5.3089e+08,1.0448e+08,1.0141e+08,1.3296e+08,6.5476e+08,4.0022e+08,5.6e+08,2.1779e+08,2.3055e+08,9.9526e+08,1.1457e+08,2.2359e+07,8.233e+08,6.7297e+08,6.0498e+08,4.4465e+08,2.748e+08,4.0357e+08,0,3.6201e+08,8.9153e+07,6.6044e+08,5.6362e+08,2.8096e+08,8.0727e+08,3.0665e+08,6.4445e+08,0,9.0738e+08,1.7085e+08,4.1832e+08,0,4.3224e+08,8.6412e+07,0,0,6.8743e+08,6.759e+08,4.3379e+08,0,6.6419e+08,6.2996e+08,7.8315e+08,7.5754e+08,3.0355e+08,8.5954e+08,7.704e+07,6.8802e+08,7.1263e+08,4.3984e+08,4.1321e+08,8.4291e+08,3.9544e+08,7.8451e+08,4.1309e+08,6.3235e+08,4.1117e+08,8.4827e+08,2.8816e+08,0,4.4617e+08,4.4877e+08,4.41e+08,6.9624e+08,5.6715e+08,6.0636e+08,6.1705e+08,2.4841e+08,3.2193e+08,6.2523e+08,5.4488e+08,6.6065e+08,1.977e+08,2.0764e+08,5.979e+08,4.6731e+08,0,3.272e+08,5.3011e+08,6.148e+08,6.907e+08,4.8787e+08,4.9559e+08,4.8152e+08,1.4772e+08,8.0253e+08,0,6.8901e+08,9.4678e+08,8.8746e+08,6.2835e+08,0,4.3509e+08,5.4226e+08,3.64e+08,2.3762e+08,6.3223e+08,0,3.2705e+08,1.8487e+08,3.2289e+08,1.827e+08,1.0144e+08
0,0,0,0,0,0,0,0,0,0,0,0,0,0,0,0,0,0,0,0,0,0,0,0,0,0,0,0,0,0,0,0,0,0,0,0,0,0,0,0,0,0,0,0,0,0,0,0,0,0,0,0,0,0,0,0,0,0,0,0,0,0,0,0,0,0,0,0,0,0,0,0,0,0,0,0,0,0,0,0,0,0,0,0,0,0,0,0,0,0,0,0,0,0,0,0,0,0,0,0,0,0,0,0,0,0,0,0,0,0,0,0,0,0,0,0,0,0,0,0,0,0,0,0,0,0,0,0,0,0,0,0,0,0,0,0,0,0,0,0,0,0,0,0,0,0,0,0,0,0,0,0,0,0,0,0,0,0,0,0,0,0,0,0,0,0,0,0,0,0,0,0,0,0,0,0,0,0,0,0,0,0,0,0,0,0,0,0,0,0,0,0,0,0,0,0,0,0,0,0
0,0,0,0,0,0,0,0,0,0,0,0,0,0,0,0,0,0,0,0,0,0,0,0,0,0,0,0,0,0,0,0,0,0,0,0,0,0,0,0,0,0,0,0,0,0,0,0,0,0,0,0,0,0,0,0,0,0,0,0,0,0,0,0,0,0,0,0,0,0,0,0,0,0,0,0,0,0,0,0,0,0,0,0,0,0,0,0,0,0,0,0,0,0,0,0,0,0,0,0,0,0,0,0,0,0,0,0,0,0,0,0,0,0,0,0,0,0,0,0,0,0,0,0,0,0,0,0,0,0,0,0,0,0,0,0,0,0,0,0,0,0,0,0,0,0,0,0,0,0,0,0,0,0,0,0,0,0,0,0,0,0,0,0,0,0,0,0,0,0,0,0,0,0,0,0,0,0,0,0,0,0,0,0,0,0,0,0,0,0,0,0,0,0,0,0,0,0,0,0
0,0,0,0,0,0,2.4538e+08,0,0,0,0,0,0,0,0,0,0,0,0,0,0,0,0,1.278e+08,0,1.3852e+08,0,0,0,0,1.0739e+08,0,0,0,0,0,0,0,0,0,0,0,0,0,0,0,0,2.3825e+08,0,0,0,0,0,0,0,0,0,0,0,0,0,1.3865e+08,0,0,0,0,1.438e+08,0,0,0,0,0,0,0,0,0,0,0,0,0,0,0,0,0,0,0,0,0,0,0,0,0,0,0,0,0,0,0,2.1546e+08,0,0,0,0,3.264e+07,0,1.3143e+08,0,6.8296e+07,0,0,0,0,0,0,0,0,1.0448e+08,0,5.9756e+07,0,0,0,1.0966e+08,1.4449e+08,0,0,0,0,0,0,0,0,0,0,0,0,1.367e+08,0,2.8726e+08,0,0,0,0,0,0,0,0,0,4.0521e+08,0,0,0,0,0,0,0,0,0,0,0,0,0,0,0,0,0,0,1.1304e+08,0,0,0,0,0,0,1.6351e+08,7.7595e+07,3.7817e+07,0,0,0,0,0,0,0,0,0,0,0,0,0,0,0,0,0,0,0,0,0,0,0
0,0,0,1.2018e+08,0,0,0,0,0,3.0043e+07,0,0,0,0,0,0,0,0,0,0,0,0,0,0,2.8142e+07,0,0,0,0,0,0,0,0,0,0,0,0,0,2.1054e+08,0,0,0,0,0,0,0,6.6776e+07,0,0,0,0,0,0,0,1.3488e+08,0,0,0,0,0,0,0,0,0,0,0,0,0,0,0,0,0,0,0,0,0,0,0,0,0,0,0,0,0,0,0,0,0,0,0,0,0,7.5069e+07,0,0,0,0,0,0,0,0,0,0,0,0,0,0,0,0,0,0,0,0,1.5792e+08,0,0,0,0,0,0,0,0,0,0,0,0,0,0,0,0,0,0,0,0,0,0,0,0,0,0,0,0,0,0,0,0,2.2536e+08,0,0,0,0,0,0,0,0,0,0,0,0,0,0,0,0,0,0,0,0,0,0,0,0,0,0,0,0,0,0,0,0,0,0,2.3314e+08,0,0,0,0,0,0,0,0,0,0,0,3.3681e+07,0,0,0,0,0,0
0,0,0,0,0,0,0,0,0,0,0,0,0,0,0,0,0,0,0,0,0,0,0,0,0,0,0,0,0,0,0,0,0,0,0,0,0,0,0,0,0,0,0,0,0,0,0,0,0,0,0,0,0,0,0,0,0,0,0,0,0,0,0,0,0,0,0,0,0,0,0,0,0,0,0,0,0,0,0,0,0,0,0,0,0,0,0,0,0,0,0,0,0,0,0,0,0,0,0,0,0,0,0,0,0,0,0,0,0,0,0,0,0,0,0,0,0,0,0,0,0,0,0,0,0,0,0,0,0,0,0,0,0,0,0,0,0,0,0,0,0,0,0,0,0,0,0,0,0,0,0,0,0,0,0,0,0,0,0,0,0,0,0,0,0,0,0,0,0,0,0,0,0,0,0,0,0,0,0,0,0,0,0,0,0,0,0,0,0,0,0,0,0,0,0,0,0,0,0,0
0,0,0,0,0,0,0,0,0,0,0,0,0,0,0,0,0,0,0,0,0,0,0,0,0,0,0,0,0,0,0,0,0,0,0,0,0,0,0,0,0,0,0,0,0,0,0,0,0,0,0,0,0,0,0,0,0,0,0,0,0,0,0,0,0,0,0,0,0,0,0,0,0,0,0,0,0,0,0,0,0,0,0,0,0,0,0,0,0,0,0,0,0,0,0,0,0,0,0,0,0,0,0,0,0,0,0,0,0,0,0,0,0,0,0,0,0,0,0,0,0,0,0,0,0,0,0,0,0,0,0,0,0,0,0,0,0,0,0,0,0,0,0,0,0,0,0,0,0,0,0,0,0,0,0,0,0,0,0,0,0,0,0,0,0,0,0,5.5478e+07,0,0,0,0,0,0,0,0,0,0,0,0,0,0,0,0,0,0,0,0,0,0,0,0,0,0,0,0,0,0,0,0
0,0,0,0,5.1478e+05,0,0,0,3.5237e+07,0,0,0,0,0,0,0,0,0,0,0,0,0,7.5833e+07,0,0,0,0,0,0,0,0,0,0,0,1.7943e+08,0,0,0,0,0,0,0,0,0,0,0,4.2668e+07,0,0,1.3407e+08,0,0,0,0,0,0,0,0,0,0,0,0,0,0,0,0,0,0,0,0,0,0,0,0,0,0,0,0,0,0,0,0,0,0,0,0,2.8748e+08,0,0,0,0,0,0,0,0,0,0,0,0,7.2402e+07,0,0,0,0,0,0,0,0,0,0,0,0,0,0,0,0,0,0,0,0,3.8609e+07,6.1522e+07,0,0,0,0,0,0,0,0,0,0,0,2.9334e+08,0,0,0,0,0,2.216e+07,0,0,0,0,0,0,0,0,0,0,0,0,0,0,0,0,0,0,0,1.0471e+07,0,0,0,0,0,0,0,0,0,0,0,0,0,0,0,0,0,0,0,0,0,0,0,0,0,0,0,4.3024e+07,0,0,0,0,0,0,0,0,0,0,0,0
0,0,0,0,0,0,0,0,0,0,0,0,0,0,0,0,0,0,0,0,0,0,0,0,0,0,0,0,0,0,0,0,0,0,0,0,0,0,4.7043e+05,0,0,0,0,0,0,0,0,0,0,0,4.0209e+06,0,0,0,0,0,0,0,0,0,0,0,0,0,0,0,0,0,0,0,0,0,0,0,0,0,0,0,0,0,0,0,0,0,0,0,0,0,0,0,0,0,0,0,0,0,0,0,0,0,0,0,0,0,0,0,0,0,0,0,0,0,0,0,0,0,6.2406e+06,0,0,0,0,0,0,0,0,0,0,0,0,0,0,0,0,0,0,0,0,0,0,0,0,0,0,0,0,0,0,0,0,0,0,0,0,0,0,0,0,0,0,0,0,0,0,5.3859e+07,0,0,0,0,0,0,0,0,0,0,0,0,0,0,0,0,0,0,0,0,0,0,0,0,0,0,0,0,0,0,0,0,0,0,0,0
0,0,0,1.2896e+07,0,0,0,0,2.589e+08,2.2315e+08,6.2608e+07,3.5998e+08,0,0,0,0,0,0,0,0,0,0,0,0,0,1.7215e+07,6.0627e+06,0,0,3.0804e+08,0,0,0,0,0,0,2.4742e+08,0,0,0,0,7.9836e+06,0,0,0,1.8577e+07,1.2802e+07,0,0,0,0,0,0,0,7.6414e+07,0,0,1.7917e+08,0,0,0,6.7091e+07,0,0,0,0,2.2366e+07,3.3258e+08,0,0,0,9.5691e+07,0,0,0,0,0,0,0,0,0,9.6404e+07,0,0,0,0,0,0,0,0,4.2618e+07,0,2.1105e+08,9.6256e+06,0,3.7088e+07,1.9585e+08,0,0,0,0,2.2296e+07,0,0,0,1.4409e+08,0,7.0318e+07,0,0,0,0,0,0,0,4.0148e+08,0,0,0,2.1038e+07,0,0,1.6477e+07,0,2.8025e+08,0,0,0,4.1114e+08,1.3998e+08,2.0573e+08,0,0,5.8155e+07,0,0,0,0,0,0,0,0,2.9468e+08,0,0,0,2.4701e+08,0,0,0,0,0,0,0,0,0,0,0,0,2.7958e+08,0,0,2.0711e+08,0,0,0,0,1.9792e+07,0,0,0,0,0,0,0,0,0,0,2.6623e+08,0,0,0,0,6.5247e+07,0,1.8789e+08,0,0,0,0,2.9969e+08,0,0,0,5.0055e+07,0,1.1804e+08,0,1.3779e+07,0
0,0,0,0,0,0,0,0,0,0,0,0,0,0,0,0,0,0,0,0,0,0,0,0,0,0,0,0,0,0,0,5.2664e+07,0,0,0,0,0,0,0,0,0,0,0,0,0,0,0,0,0,0,0,0,0,0,0,0,0,0,0,0,0,0,0,0,0,0,0,0,0,0,0,0,0,0,0,0,0,0,0,0,0,0,0,0,0,0,0,0,0,0,0,0,0,0,0,0,0,0,0,0,0,0,0,0,0,0,0,0,0,0,0,0,0,0,0,0,0,0,0,0,0,0,0,0,0,0,0,0,0,0,0,0,0,0,0,0,0,0,0,0,0,0,0,0,0,0,0,0,0,0,0,0,0,0,0,0,0,0,0,0,0,0,0,0,0,0,0,0,0,0,0,0,0,0,0,0,0,0,0,0,0,0,0,0,0,0,0,0,0,0,0,0,0,0,0,6.0641e+07,0,0,0,0
0,0,0,0,0,0,0,0,0,3.8262e+08,0,0,0,0,0,0,0,0,1.3872e+08,0,0,0,0,0,4.6005e+07,0,0,0,6.5587e+07,0,0,0,0,0,0,0,2.5969e+08,0,0,0,0,0,0,0,0,0,0,0,0,0,0,0,0,0,0,0,0,0,5.8577e+07,0,1.5757e+08,0,7.7578e+07,0,0,0,0,0,0,0,0,0,0,0,0,0,7.4602e+06,0,0,0,0,0,0,0,0,0,0,0,3.1728e+07,0,0,0,0,0,0,0,0,0,0,0,0,0,0,0,0,0,0,0,0,0,1.2361e+08,0,0,0,0,0,0,0,1.2818e+08,0,0,0,0,0,0,0,0,0,0,0,0,0,0,0,0,1.1505e+08,0,0,0,0,0,0,0,0,0,0,2.7405e+08,0,0,0,0,0,9.4843e+07,0,0,0,0,0,0,0,0,0,0,0,0,0,0,0,0,0,0,0,0,0,0,0,0,0,0,0,0,0,0,0,0,0,0,0,0,0,0,0,0,0,0,0,0,0,0,0
1.7179e+08,0,0,2.4098e+08,1.1248e+06,1.4476e+08,4.2039e+08,5.0564e+08,8.004e+07,0,0,1.2099e+08,8.978e+07,0,1.2541e+07,2.2063e+08,4.1675e+08,2.4131e+08,0,1.2356e+08,3.5929e+08,4.6925e+08,3.9382e+08,4.4873e+08,2.6495e+08,2.887e+08,3.3679e+07,0,0,0,1.6842e+08,1.7161e+08,1.097e+08,2.7043e+08,0,0,0,9.4816e+07,2.4655e+07,0,0,2.619e+06,0,2.9349e+08,4.8378e+07,2.2264e+08,0,4.0358e+08,6.5396e+08,0,0,3.2162e+08,4.148e+08,2.3855e+08,4.3942e+08,2.6757e+08,0,1.161e+08,1.2568e+08,3.9123e+08,4.3257e+08,2.2892e+08,3.5632e+08,4.0105e+08,0,3.2789e+08,3.2206e+08,3.991e+08,1.1954e+08,0.1361,0,0,0,3.9122e+08,0,2.9878e+08,1.7442e+08,4.0736e+08,0,0,2.1722e+08,2.9292e+08,0,3.5876e+08,0,5.5596e+08,2.6359e+08,5.9769e+08,0,0,1.3571e+08,1.6999e+07,0,0,5.0866e+08,4.9597e+08,4.1469e+08,2.8234e+08,3.7275e+08,2.3944e+08,5.5025e+08,2.6105e+08,0,4.3106e+07,5.0772e+08,0,0,0,3.1451e+08,3.826e+08,0,9.646e+07,1.7621e+07,3.8713e+08,3.3907e+08,0,3.5345e+08,0,0,1.9359e+08,4.1452e+08,2.535e+07,0,3.1803e+08,0,5.6333e+07,2.493e+08,0,0,2.2456e+08,3.162e+08,0,5.3388e+08,0,1.8186e+08,3.0912e+08,2.6574e+08,2.5749e+08,4.3825e+08,0,2.7135e+08,2.8533e+08,2.2638e+08,3.0417e+08,0,4.5843e+08,0,1.2457e+07,5.1711e+08,2.8227e+08,4.7738e+08,1.8378e+08,2.2223e+08,1.4088e+08,2.8322e+08,6.9414e+06,2.8387e+08,1.4353e+08,0,3.9789e+08,4.6109e+08,0,3.4715e+08,3.3057e+08,2.5492e+08,1.128e+08,1.0972e+08,5.4396e+08,0,2.8627e+08,0,0,3.5351e+08,1.6287e+08,1.9142e+08,1.1478e+08,8.5995e+07,2.7537e+08,0,2.074e+08,0,1.1297e+07,5.5057e+08,0,8.8124e+07,0,0,0,2.9727e+08,1.6964e+08,4.1662e+08,1.798e+08,3.5468e+08,1.7348e+08,0,7.9766e+07,4.6675e+08,0,5.5946e+07,3.4929e+08
8.1222e+08,5.143e+08,3.7155e+08,6.104e+08,4.4017e+08,1.9061e+08,2.2994e+08,6.3534e+07,1.3869e+08,1.6009e+08,1.1078e+08,2.6801e+08,3.9718e+08,3.5335e+08,3.8237e+08,2.3401e+08,0,3.9502e+08,3.9528e+08,6.0345e+08,4.508e+08,5.6817e+08,4.285e+08,5.2937e+08,2.8737e+08,1.8641e+08,4.1874e+08,3.1779e+08,3.4897e+08,6.1617e+08,4.5683e+08,1.5996e+08,9.912e+07,5.8723e+08,3.1781e+08,3.3684e+08,5.3807e+08,4.7704e+08,3.8187e+08,2.8589e+08,1.5263e+08,4.66e+08,5.8736e+08,2.7871e+08,4.0216e+08,4.0584e+08,4.5079e+08,5.349e+08,7.2861e+08,1.2268e+08,0,0,3.3384e+08,6.6658e+08,3.874e+08,2.7254e+08,5.6751e+08,2.6549e+08,3.0586e+08,2.798e+08,2.2498e+08,5.7114e+08,1.7916e+08,8.2502e+08,1.3666e+08,4.1434e+08,2.7597e+08,1.9483e+08,2.4954e+08,2.0645e+08,1.6821e+08,4.8121e+08,6.3088e+08,4.3785e+08,2.1376e+08,2.0663e+08,2.3941e+08,2.2672e+08,2.9477e+08,2.4384e+08,2.3353e+08,3.0424e+08,4.1119e+08,4.2802e+08,5.0116e+08,4.5476e+08,1.1366e+08,3.1704e+07,1.9334e+08,1.6088e+08,1.7336e+08,3.1538e+08,4.6235e+08,6.491e+08,3.6751e+08,8.9642e+07,2.3237e+08,2.6022e+08,4.3246e+08,1.2705e+08,4.6225e+08,1.1352e+08,3.6316e+08,2.5811e+08,2.2307e+08,2.8953e+08,5.1631e+07,3.3986e+08,5.3696e+08,2.4074e+08,1.0705e+08,4.3601e+08,1.6663e+08,4.4122e+08,5.7615e+07,3.2105e+08,7.8977e+08,4.5304e+08,1.1103e+08,1.6909e+08,3.1822e+08,3.1282e+08,3.5009e+08,2.1133e+08,3.677e+08,3.0937e+08,3.6674e+08,3.4807e+08,6.196e+08,4.979e+08,4.2939e+08,2.2774e+08,5.4284e+08,4.5141e+08,1.3048e+08,1.1012e+08,5.6442e+08,1.3998e+08,2.3714e+08,1.9172e+08,2.8633e+08,3.9231e+08,4.2137e+08,3.1663e+08,1.6989e+08,3.515e+08,2.1076e+08,5.5682e+08,4.3334e+07,2.9805e+08,5.4791e+08,8.5898e+07,3.3304e+08,5.8712e+08,2.0008e+08,3.7775e+08,5.7986e+08,2.5433e+08,2.4586e+08,2.4092e+08,2.6466e+08,4.879e+08,4.7396e+08,1.4514e+08,2.8932e+08,3.8318e+08,2.7238e+08,1.2882e+08,2.1576e+08,3.4383e+08,5.5399e+08,4.1434e+08,2.7044e+08,4.1504e+08,2.0822e+08,6.1098e+08,3.0256e+08,4.1425e+08,2.0361e+08,2.6466e+08,6.3184e+08,5.1748e+08,1.8478e+08,5.5548e+08,2.6247e+08,1.2345e+08,3.5523e+08,2.4205e+08,5.6209e+08,4.34e+08,2.8985e+08,4.0672e+08,2.3385e+08,3.4413e+08,5.0631e+08,5.0831e+08,3.1512e+08,6.358e+08,4.7418e+08,5.5913e+08
0,0,0,0,0,0,0,0,0,0,0,0,0,0,0,0,0,0,0,0,0,0,0,0,0,0,0,0,0,0,0,0,0,0,0,0,0,0,0,0,0,0,0,0,0,0,0,0,0,0,0,0,0,0,0,0,0,0,0,0,0,0,0,0,0,0,0,0,0,0,0,0,0,0,0,0,0,0,0,0,0,0,0,0,0,0,0,0,0,0,0,0,0,0,0,0,0,0,0,0,0,0,0,0,0,0,0,0,0,0,0,0,0,0,0,0,0,0,0,0,0,0,0,0,0,0,0,0,0,0,0,0,0,0,0,0,0,0,0,0,0,0,0,0,0,0,0,0,0,0,0,0,0,0,0,0,0,0,0,0,0,0,0,0,0,0,0,0,0,0,0,0,0,0,0,0,0,0,0,0,0,0,0,0,0,0,0,0,0,0,0,0,0,0,0,0,0,0,0,0
0,0,0,0,0,0,0,0,0,0,0,0,0,0,0,0,0,0,0,0,0,0,0,0,0,0,0,0,0,0,0,0,0,0,0,0,0,0,0,0,0,0,0,0,0,0,0,0,0,0,0,0,0,0,0,0,0,0,0,0,0,0,0,0,0,0,0,0,0,0,0,0,0,0,0,0,0,0,0,0,0,0,0,0,0,0,0,0,0,0,0,0,0,0,0,0,0,0,0,0,0,0,0,0,0,0,0,0,0,0,0,0,0,0,0,0,0,0,0,0,0,0,0,0,0,0,0,0,0,0,0,0,0,0,0,0,0,0,0,0,0,0,0,0,0,0,0,0,0,0,0,0,0,0,0,0,0,0,0,0,0,0,0,0,0,0,0,0,0,0,0,0,0,0,0,0,0,0,0,0,0,0,0,0,0,0,0,0,0,0,0,0,0,0,0,0,0,0,0,0
0,0,0,0,0,0,0,0,0,0,0,0,0,0,0,0,0,0,0,0,0,0,0,0,0,0,0,0,0,0,0,0,0,0,0,0,0,0,0,0,0,0,0,0,0,0,0,0,0,0,0,0,0,0,0,0,0,0,0,0,0,0,0,0,0,0,0,0,0,0,0,0,0,0,0,0,0,0,0,0,0,0,0,0,0,0,0,0,0,0,0,0,0,0,0,0,0,0,0,0,0,0,0,0,0,0,0,0,0,0,0,0,0,0,0,0,0,0,0,0,0,0,0,0,0,0,0,0,0,0,0,0,0,0,0,0,0,0,0,0,0,0,0,0,0,0,0,0,0,0,0,0,0,0,0,0,0,0,0,0,0,0,0,0,0,0,0,0,0,0,0,0,0,0,0,0,0,0,0,0,0,0,0,0,0,0,0,0,0,0,0,0,0,0,0,0,0,0,0,0
0,0,0,0,0,0,0,0,0,0,0,0,0,0,0,0,0,0,0,0,0,0,0,0,0,0,0,0,0,0,0,0,0,0,0,0,0,0,0,0,0,0,0,0,0,0,0,0,0,0,0,0,0,0,0,0,0,0,0,0,0,0,0,0,0,0,0,0,0,0,0,0,0,0,0,0,0,0,0,0,0,0,0,0,0,0,0,0,0,0,0,0,0,0,0,0,0,0,0,0,0,0,0,0,0,0,0,0,0,0,0,0,0,0,0,0,0,0,0,0,0,0,0,0,0,0,0,0,0,0,0,0,0,0,0,0,0,0,0,0,0,0,0,0,0,0,0,0,0,0,0,0,0,0,0,0,0,0,0,0,0,0,0,0,0,0,0,0,0,0,0,0,0,0,0,0,0,0,0,0,0,0,0,0,0,0,0,0,0,0,0,0,0,0,0,0,0,0,0,0
0,0,0,0,0,0,0,0,0,0,0,0,0,0,0,0,0,0,0,0,0,0,0,0,0,0,0,0,0,0,0,0,0,0,0,0,0,0,0,0,0,0,0,0,0,0,0,0,0,0,0,0,0,0,0,0,0,0,0,0,0,0,0,0,0,0,0,0,0,0,0,0,0,0,0,0,0,0,0,0,0,0,0,0,0,0,0,0,0,0,0,0,0,0,0,0,0,0,0,0,0,0,0,0,0,0,0,0,0,0,0,0,0,0,0,0,0,0,0,0,0,0,0,0,0,0,0,0,0,0,0,0,0,0,0,0,0,0,0,0,0,0,0,0,0,0,0,0,0,0,0,0,0,0,0,0,0,0,0,0,0,0,0,0,0,0,0,0,0,0,0,0,0,0,0,0,0,0,0,0,0,0,0,0,0,0,0,0,0,0,0,0,0,0,0,0,0,0,0,0
0,0,0,0,0,0,0,0,0,0,0,0,0,0,0,0,0,0,0,0,0,0,0,0,0,0,0,0,0,0,0,0,0,0,0,0,0,0,0,0,0,0,0,0,0,0,0,0,0,0,0,0,0,0,0,0,0,0,0,0,0,0,0,0,0,0,0,0,0,0,0,0,0,0,0,0,0,0,0,0,0,0,0,0,0,0,0,0,0,0,0,0,0,0,0,0,0,0,0,0,0,0,0,0,0,0,0,0,0,0,0,0,0,0,0,0,0,0,0,0,0,0,0,0,0,0,0,0,0,0,0,0,0,0,0,0,0,0,0,0,0,0,0,0,0,0,0,0,0,0,0,0,0,0,0,0,0,0,0,0,0,0,0,0,0,0,0,0,0,0,0,0,0,0,0,0,0,0,0,0,0,0,0,0,0,0,0,0,0,0,0,0,0,0,0,0,0,0,0,0
0,0,0,0,0,0,0,0,0,0,0,0,0,0,0,0,0,0,0,0,0,0,0,0,0,0,0,0,0,0,0,0,0,0,0,0,0,0,0,0,0,0,0,0,0,0,0,0,0,0,0,0,0,0,0,0,0,0,0,0,0,0,0,0,0,0,0,0,0,0,0,0,0,0,0,0,0,0,0,0,0,0,0,0,0,0,0,0,0,0,0,0,0,0,0,0,0,0,0,0,0,0,0,0,0,0,0,0,0,0,0,0,0,0,0,0,0,0,0,0,0,0,0,0,0,0,0,0,0,0,0,0,0,0,0,0,0,0,0,0,0,0,0,0,0,0,0,0,0,0,0,0,0,0,0,0,0,0,0,0,0,0,0,0,0,0,0,0,0,0,0,0,0,0,0,0,0,0,0,0,0,0,0,0,0,0,0,0,0,0,0,0,0,0,0,0,0,0,0,0
0,0,1.3983e+08,1.4907e+08,4.34e+08,2.3105e+08,2.1157e+08,0,3.2297e+08,3.6955e+08,2.2917e+08,0,4.1725e+08,0,0,0,3.6944e+08,0,1.7304e+08,0,0,0,0,0,3.2563e+08,0,0,1.4335e+08,2.642e+08,3.0289e+08,0,3.9968e+08,2.3044e+08,0,3.3072e+08,1.7328e+08,1.4985e+08,0,0,0,0,2.7518e+08,0,0,1.9356e+08,0,0,0,0,3.6179e+08,2.624e+08,2.1338e+08,0,0,0,3.0484e+08,3.5254e+08,0,3.4792e+08,0,1.2916e+08,2.459e+08,2.9224e+08,0,3.8987e+08,0,0,2.5834e+08,0,2.1954e+08,0,2.7235e+08,0,0,3.216e+08,1.575e+08,2.8685e+08,3.4181e+08,3.3373e+08,3.1666e+08,2.2359e+08,0,3.7699e+08,0,2.9602e+08,0,2.584e+08,0,0,3.6428e+08,0,3.0464e+08,0,0,0,0,0,2.894e+08,0,0,0,3.1185e+08,0,2.9647e+08,0,0,4.1619e+08,0,0,2.7623e+08,2.9248e+08,5.1462e+08,0,0,0,0,0,0,2.5497e+08,2.3176e+08,1.8053e+08,3.2698e+08,4.7431e+08,0,0,3.1898e+08,0,1.6027e+08,0,2.5414e+08,0,0,0,2.7426e+08,1.5601e+08,3.373e+08,0,2.8987e+08,1.6474e+08,3.8242e+08,2.1737e+08,0,1.5736e+08,0,1.5005e+08,0,1.7789e+08,3.5927e+08,2.1179e+08,2.7132e+08,1.5489e+08,0,3.5714e+08,0,0,0,0,3.6666e+08,3.8132e+08,0,0,2.0693e+08,0,0,0,2.8588e+08,0,0,2.7687e+08,0,2.8285e+08,2.6489e+08,2.3397e+08,0,3.956e+08,3.299e+08,3.5965e+08,3.4939e+08,0,0,0,0,0,3.873e+08,3.0085e+08,2.4139e+08,3.0232e+08,2.9885e+08,0,0,2.8254e+08,3.326e+08,0,1.6333e+08,0,4.2405e+08,0,0,0,0
0,0,0,0,0,0,0,0,0,0,0,0,0,0,0,0,0,0,0,0,0,0,0,0,0,0,0,0,0,0,0,0,0,0,0,0,0,0,0,0,0,0,0,0,0,0,0,0,0,0,0,0,0,0,0,0,0,0,0,0,0,0,0,0,0,0,0,0,0,0,0,0,0,0,0,0,0,0,0,0,0,0,0,0,0,0,0,0,0,0,0,0,0,0,0,0,0,0,0,0,0,0,0,0,0,0,0,0,0,0,0,0,0,0,0,0,0,0,0,0,0,0,0,0,0,0,0,0,0,0,0,0,0,0,0,0,0,0,0,0,0,0,0,0,0,0,0,0,0,0,0,0,0,0,0,0,0,0,0,0,0,0,0,0,0,0,0,0,0,0,0,0,0,0,0,0,0,0,0,0,0,0,0,0,0,0,0,0,0,0,0,0,0,0,0,0,0,0,0,0
6.357e+08,9.6027e+08,7.3936e+08,5.0049e+08,1.1717e+08,5.3987e+08,5.7632e+08,7.2627e+08,5.7913e+08,8.8714e+08,3.8776e+08,6.9853e+08,1.6538e+08,7.7552e+08,7.7998e+08,7.6978e+08,9.4757e+08,4.3357e+08,7.5268e+08,1.0993e+08,6.4352e+08,9.8048e+08,8.0897e+08,9.4165e+08,6.991e+08,8.9899e+08,1.2576e+08,5.899e+08,4.5614e+08,9.0221e+08,1.5738e+08,3.4733e+08,7.5853e+08,1.1887e+09,4.8882e+08,7.5554e+08,6.3227e+08,6.2262e+08,6.0861e+08,9.0712e+07,5.5156e+08,2.6619e+08,5.2121e+08,8.4661e+08,7.6888e+08,9.5803e+08,8.4219e+08,8.1571e+08,1.0083e+09,4.7574e+08,4.7484e+08,1.2329e+09,5.6412e+08,8.4069e+08,9.0922e+08,7.2793e+08,6.0176e+08,1.0065e+09,5.8121e+08,7.348e+08,1.0934e+09,8.8222e+08,9.0654e+08,9.9282e+08,1.4736e+08,1.0841e+09,9.5878e+08,1.0639e+09,7.035e+08,4.9533e+08,6.769e+08,3.3911e+08,5.7572e+08,4.3314e+08,1.2558e+08,8.5996e+08,1.0109e+09,9.7197e+08,8.8105e+08,3.2547e+08,5.8318e+08,1.3464e+09,1.049e+09,8.9931e+08,5.0255e+08,8.4764e+08,5.3539e+08,1.0714e+09,1.7496e+08,6.6291e+08,3.0115e+08,9.3503e+08,7.09e+08,2.7309e+08,1.0098e+09,1.133e+09,5.3434e+08,1.5385e+09,5.5611e+08,6.3e+08,8.6557e+08,8.8302e+08,8.49e+08,8.8659e+08,4.7697e+08,7.3386e+08,3.2456e+08,2.1641e+08,8.1239e+08,9.9531e+08,7.8398e+08,7.2112e+08,4.7394e+08,4.6962e+08,9.6605e+08,5.221e+08,6.9743e+08,5.3101e+08,8.9169e+08,9.3268e+08,4.56e+08,4.5569e+07,3.3938e+08,6.2479e+08,3.9254e+08,5.2221e+08,6.9312e+08,7.2081e+08,2.5359e+08,2.4695e+08,1.2077e+09,1.8057e+08,1.0031e+09,3.7677e+08,6.2802e+08,6.5673e+08,1.0009e+09,7.7001e+08,7.9155e+08,0,1.1706e+09,2.9408e+08,1.0519e+09,7.0893e+08,3.3717e+08,7.4133e+08,8.6804e+08,5.5976e+08,1.0907e+09,9.4479e+08,9.9185e+08,6.5296e+08,6.5533e+08,4.0768e+08,9.6133e+08,9.7749e+08,6.899e+08,8.0026e+08,2.4796e+08,9.7347e+08,7.5499e+08,5.1522e+08,8.0329e+08,6.0553e+08,4.1543e+08,8.6764e+08,7.9091e+08,8.1845e+08,2.9988e+08,1.0724e+09,4.5573e+08,7.602e+08,1.0207e+09,9.6856e+08,3.0533e+08,4.7517e+08,5.8959e+08,3.3403e+08,7.4678e+08,7.1181e+08,1.0355e+09,6.5152e+08,1.0068e+09,1.815e+07,4.9704e+08,7.8921e+08,2.6871e+08,8.397e+07,5.9538e+08,9.2181e+08,9.0221e+08,8.3675e+08,6.743e+08,4.8445e+08,3.2806e+08,3.2174e+08,8.5065e+08,5.074e+08,7.091e+08,9.9885e+08
2.1878e+07,3.8002e+08,2.54e+08,5.4064e+08,0,0,4.466e+08,3.8362e+08,1.2986e+08,0,1.6475e+08,2.5763e+07,4.9131e+07,3.0511e+08,2.8474e+08,0,0,0,1.9101e+08,5.0641e+07,0,3.5481e+08,4.038e+08,1.3545e+08,1.5627e+08,0,3.6628e+07,5.1273e+08,0,0,0,4.9273e+08,1.6891e+08,0,4.6881e+08,0,2.4295e+07,7.7931e+08,6.799e+08,0,2.4731e+08,3.6593e+08,0,3.7283e+08,0,4.5513e+08,3.8787e+08,4.8501e+07,1.7353e+08,0,3.3098e+08,4.6503e+07,4.6426e+08,3.2011e+07,1.1263e+08,2.9722e+08,0,0,1.9763e+08,6.3561e+08,7.0635e+08,5.4082e+08,2.355e+07,3.5848e+08,0,0,0,1.2549e+08,0,2.9627e+08,1.4611e+08,2.3187e+08,0,5.549e+08,3.5189e+08,0,0,1.8513e+08,4.5932e+08,0,4.1305e+08,4.0305e+08,1.4831e+07,1.7137e+08,3.0561e+07,5.0909e+08,4.5553e+07,1.2901e+08,3.3395e+05,3.6462e+08,7.4213e+07,3.2395e+08,3.5217e+08,7.1897e+07,0,0,3.7262e+08,2.0381e+08,0,0,2.8344e+08,2.552e+07,0,1.6277e+07,3.091e+08,3.8376e+07,0,0,0,1.2473e+07,2.3096e+08,1.9418e+07,0,1.8739e+08,1.2625e+08,0,2.8606,6.4423e+08,1.8703e+08,5.9662e+08,0,0,0,1.0635e+08,0,2.4682e+08,0,1.5436e+08,1.666e+08,0,1.0134e+08,7.56e+06,5.6354e+08,2.9484e+08,0,3.492e+08,3.4085e+08,1.1488e+08,0,2.5287e+08,2.2058e+07,6.7897e+07,1.9202e+08,0,0,0,9.5763e+07,4.037e+08,5.3231e+08,3.5422e+08,0,0,0,0,4.1942e+08,1.0892e+08,0,9.8124e+08,1.9248e+08,0,1.8407e+08,2.5053e+07,2.5364e+07,1534.3,6.4761e+07,0,0,3.4867e+08,1.2e+08,0,0,3.6244e+08,1.8913e+08,1.3969e+08,0,1.1577e+08,0,1.673e+08,1.549e+08,0,1.3361e+07,0,1.8062e+08,6.8786e+08,2.1666e+08,4.6668e+08,0,0,0,0,3.1727e+08,5.2734e+08,3.8989e+08,0,8.3398e+07,1.6969e+08,2.5991e+07,2.9825e+08,0,7.3107e+07
0,0,0,0,0,0,0,0,0,0,0,0,0,0,0,0,0,0,0,0,0,0,0,0,0,0,0,0,0,0,0,0,0,0,0,0,0,0,0,0,0,0,0,0,0,0,0,0,0,0,0,0,0,0,0,0,0,0,0,0,0,0,0,0,0,0,0,0,0,0,0,0,0,0,0,0,0,0,0,0,0,0,0,0,0,0,0,0,0,0,0,0,0,0,0,0,0,0,0,0,0,0,0,0,0,0,0,0,0,0,0,0,0,0,0,0,0,0,0,0,0,0,0,0,0,0,0,0,0,0,0,0,0,0,0,0,0,0,0,0,0,0,0,0,0,0,0,0,0,0,0,0,0,0,0,0,0,0,0,0,0,0,0,0,0,0,0,0,0,0,0,0,0,0,0,0,0,0,0,0,0,0,0,0,0,0,0,0,0,0,0,0,0,0,0,0,0,0,0,0
0,0,0,0,0,0,0,0,0,0,0,0,0,0,0,0,0,0,0,0,0,0,0,0,0,0,0,0,0,0,0,0,0,0,0,0,0,0,0,0,0,0,0,0,0,0,0,0,0,0,0,0,0,0,0,0,0,0,0,0,0,0,0,0,0,0,0,0,0,0,0,0,0,0,0,0,0,0,0,0,0,0,0,0,0,0,0,0,0,0,0,0,0,0,0,0,0,0,0,0,0,0,0,0,0,0,0,0,0,0,0,0,0,0,0,0,0,0,0,0,0,0,0,0,0,0,0,0,0,0,0,0,0,0,0,0,0,0,0,0,0,0,0,0,0,0,0,0,0,0,0,0,0,0,0,0,0,0,0,0,0,0,0,0,0,0,0,0,0,0,0,0,0,0,0,0,0,0,0,0,0,0,0,0,0,0,0,0,0,0,0,0,0,0,0,0,0,0,0,0
1.0959e+09,7.876e+08,7.1037e+08,9.873e+08,6.8587e+08,4.9547e+08,1.1031e+09,7.8197e+08,5.3617e+08,5.3679e+08,6.3399e+08,7.8997e+08,6.2843e+08,9.3837e+08,9.0146e+08,7.7789e+08,7.6489e+08,9.2607e+08,8.413e+08,8.7345e+08,1.2297e+09,4.4815e+08,8.2267e+08,9.3073e+08,9.784e+08,7.6532e+08,6.6361e+08,6.639e+08,7.2709e+08,1.1391e+09,6.9324e+08,6.0119e+08,8.4553e+08,5.7103e+08,6.8509e+08,6.2183e+08,1.0184e+09,6.2516e+08,7.2503e+08,7.8074e+08,5.8541e+08,8.7287e+08,6.1753e+08,4.6747e+08,1.1174e+09,7.2897e+08,8.6854e+08,9.9328e+08,5.8399e+08,7.7603e+08,7.44e+08,7.4804e+08,8.6411e+08,9.733e+08,7.6431e+08,6.8653e+08,8.2362e+08,8.007e+08,6.0799e+08,4.0623e+08,6.5214e+08,6.5394e+08,1.0275e+09,8.0108e+08,7.8551e+08,7.2229e+08,9.0634e+08,6.5333e+08,7.5026e+08,4.2918e+08,8.4444e+08,9.7292e+08,8.6219e+08,4.9262e+08,5.1752e+08,3.8724e+08,5.5465e+08,8.0531e+08,3.4994e+08,9.2504e+08,3.3314e+08,6.349e+08,7.1028e+08,8.5795e+08,7.3468e+08,1.0461e+09,5.1555e+08,6.4083e+08,1.0975e+09,9.0529e+08,9.8872e+08,4.502e+08,7.1456e+08,9.8985e+08,8.6609e+08,5.1387e+08,8.89e+08,6.5849e+08,8.8307e+08,9.1375e+08,5.6716e+08,6.7695e+08,8.8348e+08,6.299e+08,9.6413e+08,9.3045e+08,7.9938e+08,1.0652e+09,9.9519e+08,4.7857e+08,5.4828e+08,8.684e+08,8.182e+08,8.1154e+08,7.7792e+08,8.868e+08,6.6066e+08,6.9768e+08,9.9698e+08,5.1983e+08,7.7562e+08,9.5944e+08,6.8916e+08,5.0954e+08,1.1886e+09,9.6081e+08,1.1343e+09,9.1484e+08,1.0763e+09,9.7884e+08,7.5006e+08,8.1734e+08,7.4908e+08,6.829e+08,7.792e+08,8.2664e+08,8.219e+08,9.7428e+08,7.3394e+08,4.9144e+08,7.4522e+08,1.1311e+09,5.7549e+08,1.1157e+09,8.6579e+08,8.0598e+08,6.6516e+08,4.7096e+08,6.2719e+08,9.2883e+08,7.2258e+08,9.9768e+08,6.6826e+08,9.7311e+08,7.0559e+08,9.8504e+08,9.8596e+08,2.788e+08,7.8983e+08,8.6571e+08,7.6234e+08,8.654e+08,9.2712e+08,7.2456e+08,1.032e+09,5.8416e+08,9.6596e+08,5.1162e+08,4.5202e+08,6.0571e+08,1.0063e+09,7.2719e+08,5.6419e+08,6.2135e+08,5.5727e+08,5.4753e+08,8.1181e+08,6.9238e+08,7.8475e+08,8.0022e+08,6.647e+08,8.6113e+08,5.439e+08,9.6844e+08,8.0013e+08,5.5931e+08,8.7655e+08,9.1268e+08,9.3437e+08,8.0127e+08,8.6891e+08,5.7594e+08,7.9526e+08,8.6257e+08,7.8649e+08,7.6604e+08,9.9675e+08,4.8945e+08,8.8802e+08,9.3035e+08
7.9368e+07,4.1103e+08,3.6284e+08,2.931e+08,1.9087e+07,6.7911e+08,4.2985e+08,4.9571e+08,9.8064e+07,1.4888e+08,4.2269e+08,4.7647e+08,1.0124e+09,5.051e+08,1.3937e+08,2.3232e+08,5.078e+08,3.013e+08,5.5242e+08,3.4835e+08,6.0583e+08,8.9534e+08,7.1766e+08,4.2375e+08,9.8731e+08,2.868e+08,3.9223e+08,1.1896e+09,0,0,4.9649e+08,5.4333e+08,2.3591e+08,5.815e+08,3.6022e+08,5.5999e+08,3.0388e+08,6.5504e+08,5.411e+08,2.9124e+08,0,3.7505e+07,4.1599e+08,1.1305e+09,0,1.6953e+08,1.2285e+09,0,6.8452e+08,2.868e+08,4.7636e+08,1.0651e+09,3.6972e+08,4.6611e+07,6.4016e+08,5.7728e+08,0,3.7402e+08,6.3867e+08,7.9874e+08,1.1056e+09,3.2575e+08,5.8089e+08,5.2145e+08,5.1958e+08,0,7.8749e+08,5.5205e+08,9.0095e+08,8.799e+08,3.7162e+08,2.4572e+08,0,7.6833e+08,2.6858e+08,1.0889e+09,1.6578e+08,1.1311e+09,7.2555e+08,7.9222e+08,4.9426e+08,8.3372e+08,2.3819e+08,4.0249e+08,4.0042e+08,6.9906e+08,6.7976e+08,6.8695e+08,4.69e+08,1.6507e+08,8.3785e+08,7.2286e+08,2.5697e+08,1.3818e+08,9.6747e+08,7.1586e+08,8.025e+08,7.1552e+08,2.7708e+08,2.062e+08,3.7526e+08,9.7801e+08,8.1991e+08,7.1624e+08,6.9878e+08,6.4871e+08,6.1796e+08,1.8456e+08,1.6991e+08,8.4098e+08,2.3065e+08,3.1749e+07,6.2413e+08,1.2919e+09,6.7569e+08,8.6655e+07,5.2082e+08,0,8.1837e+08,9.5422e+08,2.2648e+08,1.2206e+08,3.3645e+08,6.2233e+08,3.9104e+08,7.0133e+08,3.771e+08,7.7494e+08,4.6191e+07,1.6695e+08,9.2655e+07,7.4479e+08,3.6351e+08,4.6694e+08,7.8112e+08,1.5315e+08,0,2.7245e+08,9.9056e+08,6.4819e+07,7.1902e+08,3.5394e+06,3.0258e+08,8.2275e+08,5.207e+07,2.8068e+08,6.6909e+08,7.4039e+08,6.1894e+08,3.7855e+08,7.2569e+08,3.5568e+08,7.4575e+08,3.0048e+08,8.7514e+08,2.6768e+08,2.4326e+08,8.1057e+08,7.6645e+07,2.2642e+08,8.4772e+08,2.9893e+08,6.557e+08,1.1154e+09,5.6674e+08,9.5755e+08,1.3744e+08,9.8753e+08,27.091,1.023e+09,0,4.554e+08,5.152e+08,1.3832e+08,1.2153e+08,6.4944e+08,1.452,6.8348e+08,5.4709e+08,4.7629e+08,7.5168e+08,6.3086e+07,4.6811e+08,0,2.6068e+08,4.1967e+08,1.5007e+08,1.0052e+08,6.1387e+08,6.7305e+08,5.7292e+08,1.7329e+08,2.6097e-06,8.7514e+07,0,4.4218e+08,3.1405e+07,6.9077e+08,0,2.6693e+08
1.3123e+08,0,0,0,1.8588e+08,0,0,0,0,0,0,0,0,0,0,0,0,0,0,0,0,0,0,0,0,0,0,0,0,0,0,0,0,0,1.2308e+08,0,0,0,0,0,0,0,0,0,0,0,0,0,0,0,0,0,0,0,0,0,0,0,0,0,0,0,0,0,0,0,0,0,9.2921e+07,0,0,0,0,0,0,0,0,0,0,0,0,0,0,0,2.4255e+08,5.3981e+07,0,0,0,2.3276e+08,0,0,0,0,0,0,0,0,0,0,0,0,0,0,0,8.9959e+07,0,3.2147e+07,0,0,0,0,0,0,0,1.8234e+08,0,0,0,0,0,1.9973e+08,1.0603e+05,0,0,0,2.4489e+08,0,8.14e+07,1.0259e+08,0,0,0,0,0,0,0,0,0,0,0,0,0,0,0,0,0,0,0,2.8491e+07,0,0,0,0,0,0,0,0,2.5696e+07,1.752e+08,0,0,0,0,8.2867e+07,0,0,0,0,0,0,0,0,0,0,0,0,0,0,0,0,0,0,0,0,0,0,2.2661e+08,0,0,0,0,0,0,0,0,0,0,0,0
0,0,0,2.1711e+08,0,2.9934e+08,0,1.3353e+08,0,0,0,0,0,0,2.5297e+08,1.4265e+08,1.0376e+08,0,0,1.3418e+08,1.3499e+08,0,0,0,2.4644e+08,0,0,0,9.6667e+07,0,1.0573e-05,0,0,0,0,0,1.3957e+08,0,9.5488e+07,1.3786e+07,0,0,2.3004e+08,1.0069e+08,5.66e+08,2.5888e+07,0,0,0,2.8221e+08,0,0,0,0,0,0,8.5244e+07,0,3.2039e+07,0,3.0481e+07,0,9.658e+07,1.5498e+07,0,9.5684e+07,0,0,1.2817e+08,0,0,0,1.7206e+08,0,0,4.1347e+08,0,0,0,1.7035e+08,6.6979e+07,0,0,0,0,0,0,0,4.9041e+07,0,0,0,0,0,0,0,7.3262e+07,1.7733e+08,4.1547e+07,2.8943e+08,0,0,0,2.5964e+08,3.3097e+08,1.844e+08,0,0,0,1.4427e+08,0,4.2568e+08,0,0,1.4071e+08,0,0,0,2.112e+07,1.7029e+08,4.5054e+08,1.0088e+08,0,2.8477e+08,0,0,2.6201e+08,0,1.7985e+08,7.2361e+07,0,0,0,1.743e+07,2.6294e+08,1.3025e+07,0,0,2.0714e+08,0,2.1502e+08,0,0,0,3.9669e+07,2.6814e+08,0,0,2.3556e+08,0,1.7184e+08,3.2463e+08,0,0,1.9213e+06,0,2.0669e+07,0,8.2335e+07,1.9908e+07,0,0,0,5.5957e+08,1.0551e+08,0,0,0,0,6.9944e+06,1.852e+08,0,0,1.5651e+08,2.8167e+07,7.0355e+07,1.3585e+08,3.1431e+08,0,0,2.9898e+06,2.2256e+08,0,1.367e+08,0,0,0,4.2913e+08,0,1.0333e+08,0,0,0,1.4457e+08,0,0,0,0,0,1.2224e+08
0,0,0,0,0,0,0,0,0,0,0,0,0,0,0,0,0,0,0,0,0,0,0,0,0,0,0,0,0,0,0,0,0,0,0,0,0,0,0,0,0,0,0,0,0,0,0,0,0,0,0,0,0,0,0,0,0,0,0,0,0,0,0,0,0,0,0,0,0,0,0,0,0,0,0,0,0,0,0,0,0,0,0,0,0,0,0,0,0,0,0,0,0,0,0,0,0,0,0,0,0,0,0,0,0,0,0,0,0,0,0,0,0,0,0,0,0,0,0,0,0,0,0,0,0,0,0,0,0,0,0,0,0,0,0,0,0,0,0,0,0,0,0,0,0,0,0,0,0,0,0,0,0,0,0,0,0,0,0,0,0,0,0,0,0,0,0,0,0,0,0,0,0,0,0,0,0,0,0,0,0,0,0,0,0,0,0,0,0,0,0,0,0,0,0,0,0,0,0,0
0,0,0,0,0,0,0,0,0,0,0,0,0,0,0,0,0,0,0,0,0,0,0,0,0,0,0,0,0,0,0,0,0,0,0,0,0,0,0,0,0,0,0,0,0,0,0,0,0,0,0,0,0,0,0,0,0,0,0,0,0,0,0,0,0,0,0,0,0,0,0,0,0,0,0,0,0,0,0,0,0,0,0,0,0,0,0,0,0,0,0,0,0,0,0,0,0,0,0,0,0,0,0,0,0,0,0,0,0,0,0,0,0,0,0,0,0,0,0,0,0,0,0,0,0,0,0,0,0,0,0,0,0,0,0,0,0,0,0,0,0,0,0,0,0,0,0,0,0,0,0,0,0,0,0,0,0,0,0,0,0,0,0,0,0,0,0,0,0,0,0,0,0,0,0,0,0,0,0,0,0,0,0,0,0,0,0,0,0,0,0,0,0,0,0,0,0,0,0,0
3.2542e+08,3.8741e+08,4.8789e+08,8.7782e+07,3.4238e+08,3.0195e+08,6.371e+08,3.3667e+08,0.0044612,1.7425e+08,5.659e+08,2.062e+08,2.0873e+08,4.2936e+08,5.7033e+08,4.4336e+08,7.8625e+07,3.0937e+08,3.9338e+08,2.6866e+08,1.6876e+08,2.8189e+08,6.0769e+08,1.2886e+08,1.1318e+08,4.0528e+08,3.6568e+08,5.7317e+07,3.7206e+08,4.9968e+08,3.6488e+08,4.9464e+08,4.7097e+08,2.5639e+08,3.9452e+08,1.1063e+08,2.9488e+08,3.1811e+08,5.4573e+08,3.0491e+08,3.6298e+08,1.6452e+08,3.7636e+08,4.8577e+08,3.2491e+08,2.8962e+08,3.0176e+08,4.2168e+08,5.1808e+08,2.9864e+08,5.0524e+08,3.6784e+08,4.7089e+08,6.302e+08,5.2973e+07,4.2235e+08,5.2231e+08,3.2862e+08,5.6635e+08,4.0882e+08,1.1381e+08,1.6284e+08,3.4176e+08,2.7174e+08,1.3487e+08,3.2187e+08,7.1381e+08,4.1178e+08,4.43e+08,3.6755e+08,1.9204e+07,3.6634e+08,5.2588e+08,3.1889e+07,4.1488e+08,0,4.0536e+08,1.7673e+08,4.0595e+08,9.9777e+07,3.527e+08,4.4853e+08,5.5808e+08,3.6736e+08,6.8736e+08,4.8017e+08,3.2231e+08,1.2753e+08,3.1492e+08,1.0909e+08,3.8354e+08,2.5572e+08,4.3156e+08,4.0587e+08,6.137e+08,5.8968e+08,6.3139e+08,1.0957e+07,4.9885e+08,6.654e+08,3.5003e+08,3.061e+08,9.5155e+07,5.045e+08,6.145e+08,5.7165e+08,5.0241e+08,4.6631e+08,4.9007e+08,3.8202e+08,7.4486e+08,6.9334e+08,2.8439e+08,2.1089e+08,3.3253e+08,6.0072e+08,3.4487e+08,4.1784e+08,4.7533e+08,2.3809e+08,4.4702e+08,3.3585e+08,5.9458e+08,3.0973e+08,1.2031e+08,5.8875e+08,2.6282e+08,5.7456e+08,2.6332e+08,3.3462e+08,3.7244e+08,4.5692e+08,5.6632e+08,6.3951e+08,3.7526e+08,5.2345e+08,5.7359e+08,3.839e+08,1.6862e+08,4.5127e+08,3.6462e+08,8.1356e+08,5.094e+08,4.8347e+08,4.0177e+08,5.5372e+08,2.937e+08,4.5448e+08,6.5814e+08,2.4864e+07,7.7816e+06,3.6632e+08,2.5732e+08,5.2741e+08,6.0416e+08,7.6626e+08,6.0962e+08,1.6148e+08,1.514e+08,2.1358e+08,3.6612e+08,1.8582e+08,5.5646e+08,3.7975e+08,5.2968e+08,4.3223e+08,3.5838e+07,4.693e+08,2.5074e+08,0,3.1232e+08,5.5755e+08,3.2981e+08,6.17e+08,6.1846e+08,4.3764e+08,4.7929e+08,4.8182e+08,2.1119e+07,5.0801e+08,2.6915e+08,3.1135e+08,3.3449e+08,1.9265e+08,7.204e+08,4.9642e+08,5.5967e+08,2.1157e+08,2.3104e+08,3.8971e+08,3.2746e+08,5.5001e+08,2.8252e+08,5.2904e+08,4.6644e+08,5.8634e+08,2.6581e+08,1.7178e+08,5.4439e+08,5.7926e+08
4.59e+08,0,3.0113e+07,3.7743e+08,0,1.1228e+08,2.5427e+08,3.3502e+08,6.0965e+07,0,4.0805e+08,4.3743e+08,4.8273e+08,0,0,6.8842e+08,1.7754e+08,2.9163e+08,0,1.5993e+08,5.26e+08,0,0,0,1.8551e+07,3.8425e+08,2.587e+08,1.5607e+08,0,1.3063e+08,5.4447e+08,5.7043e+08,1.1596e+08,3.9701e+07,2.2877e+08,0,0,1.1607e+08,1.3722e+08,2.5362e+08,1.1363e+08,3.6302e+08,3.2864e+08,9.5133e+07,0,4.2126e+07,0,0,1.6845e+08,2.7274e+07,3.1573e+08,0,4.5909e+08,2.2967e+08,2.6885e+08,0,0,1.2706e+08,0,0,0,8.0077e+07,2.8493e+08,0,2.7182e+08,0,1.8401e+08,5.2194e+06,4.961e+08,3.0445e+08,3.781e+08,0,6.8484e+08,2.9083e+08,5.6129e+08,0,3.7953e+08,3.0172e+07,0,2.2257e+08,1.1909e+08,0,1.7942e+07,0,6.4231e+07,0,0,1.7686e+08,4.1112e+08,4.2573e+08,6.4179e+08,3.6052e+08,2.2487e+08,0,2.3323e+08,2.1988e+08,1.3212e+08,0,0,1.3601e+08,1.4158e+08,4.5058e+07,0,0,2.5308e+08,2.9189e+07,4.724e+08,2.7714e+08,4.9069e+08,0,3.9337e+08,1.2717e+08,1.8945e+08,2.1585e+05,0,0,2.2992e+07,9.5189e+07,0,0,0,4.9476e+08,0,1.8383e+08,6.1888e+08,0,0,0,3.7169e+08,1.013e+08,0,2.0745e+08,0,2.1509e+08,6.1346e+08,6.1231e+08,0,0,0,2.4381e+08,0,5.1063e+08,0,2.2271e+08,2.3879e+08,4.6884e+08,0,3.0687e+08,0,0,0,3.5104e+08,3.0895e+05,0,1.5996e+08,0,3.0857e+07,0,2.5856e+08,2.822e+08,0,7.9417e+07,0,4.2563e+08,5.0758e+08,0,6.3707e+08,1.0238e+08,4.3259e+08,0,2.1329e+08,0,7.8486e+07,0,9.3332e+07,0,5.9698e+07,2.6755e+08,0,2.4756e+08,0,2.9524e+08,0,1.6685e+08,2.1398e+08,0,2.5404e+08,1.8664e+08,0,0,2.1113e+08,0,3.2315e+08,2.2006e+08,4.9087e+08,4.3065e+08,2.1946e+08,1.8857e+08,3.7889e+08,2.6381e+08
1.0804e+09,4.4629e+08,7.9004e+08,1.193e+09,1.296e+09,7.2122e+08,9.8526e+08,1.0057e+09,8.0323e+08,6.9844e+08,6.8144e+08,1.1451e+09,1.0072e+09,1.2213e+09,1.0037e+09,4.8469e+08,3.6726e+08,9.2463e+08,5.5298e+08,1.0701e+09,6.4586e+08,5.6289e+08,7.0736e+08,7.2627e+08,8.8893e+08,6.9065e+08,7.7877e+08,5.2619e+08,6.037e+08,6.5708e+08,1.6764e+09,7.9202e+08,9.2443e+08,1.0153e+09,6.2472e+08,8.0034e+08,7.1285e+08,7.9881e+08,4.5552e+08,7.5272e+08,5.0245e+08,6.015e+08,5.3167e+08,7.7913e+08,1.0853e+08,1.1579e+09,7.6853e+08,5.421e+08,1.1142e+09,8.455e+08,6.5762e+08,6.4102e+08,1.0427e+09,1.4778e+08,8.1692e+08,9.9023e+08,7.785e+08,4.92e+08,8.1319e+08,6.5622e+08,5.1166e+08,8.7317e+08,9.7573e+08,7.9242e+08,5.2933e+08,1.0165e+09,8.3708e+08,7.6102e+08,7.1827e+08,9.265e+08,9.4116e+08,9.6913e+08,6.8289e+08,6.6879e+08,3.9842e+08,9.3843e+08,8.3373e+08,8.1668e+08,5.3544e+08,7.5725e+08,6.3439e+08,8.8178e+08,4.3802e+08,7.1304e+08,9.0898e+08,5.534e+08,3.0134e+08,9.5508e+08,7.3565e+08,6.042e+08,8.7499e+08,1.9972e+08,5.1091e+08,7.818e+08,4.0084e+08,7.6547e+08,8.5546e+08,2.5291e+08,9.3202e+08,7.2465e+08,1.1571e+09,5.7821e+08,7.8318e+08,1.2241e+09,8.4077e+08,1.1893e+09,8.8228e+08,1.032e+09,9.7251e+08,6.138e+08,5.696e+08,6.0174e+08,8.5327e+08,8.0671e+08,8.124e+08,5.7582e+08,1.047e+09,6.8733e+08,1.0106e+09,6.6052e+08,8.3141e+08,5.6827e+08,9.3569e+08,6.6341e+08,5.0989e+08,6.9524e+08,1.3196e+09,3.9027e+08,6.8648e+08,7.1302e+08,1.0594e+09,4.6101e+08,9.2041e+08,8.8244e+08,3.5109e+08,3.4878e+08,1.2004e+09,3.8848e+08,7.915e+08,8.6919e+08,3.5664e+08,5.9695e+08,4.1263e+08,1.2438e+09,3.7129e+08,4.6716e+08,4.6756e+08,1.0599e+09,4.0926e+08,9.1425e+08,1.0523e+09,6.9451e+08,4.2411e+08,1.1545e+09,6.0193e+08,6.0086e+08,1.6087e+08,9.6523e+08,6.3173e+08,4.3413e+08,7.1688e+08,9.0802e+08,1.1135e+09,6.2139e+08,6.3615e+08,9.3124e+08,6.8109e+08,7.0166e+08,4.2151e+08,9.6196e+08,1.0367e+09,7.9079e+08,7.2672e+08,7.6367e+08,8.6776e+08,8.34e+08,1.244e+09,9.1141e+08,6.774e+08,8.8106e+08,8.1678e+08,6.5754e+08,8.9567e+08,5.7573e+08,1.1971e+09,1.1307e+09,7.074e+08,8.2629e+08,1.2106e+09,8.7624e+08,7.2964e+08,2.0334e+08,9.9592e+08,1.0059e+09,7.671e+08,9.0608e+08,4.3573e+08,5.344e+08,7.5957e+08,7.122e+08
0,0,0.00018863,0,5.9094e+07,0,0,0,5.8301e+07,0,0,0,0,0,0,0,2.341e+07,0,0,0,0,0,0,0,0,0,0,0,0,0,0,0,0,0,0,0,0,3.9236e+07,0,0,0,0,0,0,0,0,0,0,0,0,0,0,0,0,0,0,0,0,0,0,0,0,0,0,0,0,0,0,0,0,0,0,0,0,0,0,0,0,1.9164e+08,0,0,0,0,0,0,0,0,0,0,0,0,0,0,0,0,0,0,0,0,0,0,0,0,0,0,6.0043e+07,0,0,0,0,0,0,1.1166e+08,0,0,1.3725e+08,0,0,0,0,0,1.5015e+08,2.9457e+08,0,0,0,0,0,0,0,0,0,0,0,0,0,0,0,0,3.1222e+07,0,0,0,0,0,0,0,0,0,0,0,0,0,0,0,0,0,0,0,0,0,0,0,0,0,0,0,0,4.9589e+07,0,0,0,0,0,0,0,0,0,0,0,0,0,0,0,0,0,0,0,0,0,0,0,0,0,0,0,0,0,0,0
3.2241e+07,0,0,0,1.4425e+08,0,3.6318e+07,3.2602e+07,0,0,0,0,0,9.0236e+07,0.010324,0,2.0488e+08,0,0,2.7207e+08,1.0445e+08,0,0,0,6.5252e+07,8.1422e+07,0,0,0,0,0,0,0,0,0,0,0,0,0,0,0,0,0,0,1.8524e+08,0,1.0787e+08,0,0,0,0,0,0,0,0,5.5675e+07,0,0,0,0,0,0,0,0,0,0,2.3291e+07,0,0,0,0,3.7989e+07,1.4195e+08,0,0,0,0,0,0,9.965e+07,0,0,0,0,0,2.6059e+08,0,0,0,0,1.1716e+08,0,0,0,1.4193e+08,0,2.4893e+08,0,2.2544e+08,0,0,0,1.5991e+08,8.2291e+07,0,0,0,1.9124e+07,4.0382e+08,0,0,5.4815e+07,0,0,0,0,0,0,0,0,0,0,6.8322e+07,0,0,1.4289e+07,137.78,0,0,0,0,0,0,0,0,0,0,0,5.9527e+07,0,0,0,0,3.3111e+08,0,0,0,0,0,0,0,1.0967e+08,0,0,0,9.3344e+07,0,0,3.2908e+07,0,0,0,3.9844e+07,0,4.0019e+08,0,0,1.8994e+07,1.8379e+07,0,0,0,8.474e+06,0,0,0,1.9708e+08,0,0,0,0,0,0,0,1.0548e+08,0,1.0055e+08,1.1634e+08,0,3.0427e+07,0,0,0,0,0,1.1488e+08,0,0,0,2.1333e+08
0,0,4.7046e+07,0,0,0,0,0,1.7196e+08,0,0,0,0,0,0,0,0,1.0247e+08,0,0,0,0,0,0,0,0,0,0,0,0,0,0,0,0,0,0,0,2.2939e+07,0,0,0,0,0,0,0,0,0,0,0,0,4.1463e+07,0,0,0,0,0,0,0,0,0,0,0,1.1462e+08,7.924e+07,0,0,0,0,0,5.6284e+07,0,0,0,2.5905e+07,0,0,0,0,5.087e+07,0,1.2506e+06,0,0,0,0,0,0,0,0,4.2607e+07,0,7.4682e+07,1.5534e+07,0,0,0,0,0,0,0,0,0,0,0,0,0,0,0,0,0,0,0,0,0,0,0,0,0,0,0,0,0,0,0,0,0,0,0,0,0,0,0,0,0,3.3658e+07,0,0,1.399e+08,0,1.391e+08,0,0,7.3342e+07,0,1.6005e+07,0,0,0,0,0,0,0,0,0,0,0,0,0,0,0,0,0,0,2.2868e+07,0,0,0,0,9.1995e+06,0,0,0,0,0,0,0,0,0,0,0,0,0,0,0,6.1004e+07,0,0,0,0,0,2.7608e+07,0,0,0,0,0,0,0,0,4.9564e+07
1.042e+09,8.3715e+08,5.2028e+08,7.9021e+08,6.7838e+08,7.0593e+08,6.4805e+08,7.0124e+08,4.922e+08,3.0859e+08,5.756e+08,3.8964e+08,4.3851e+08,9.28e+08,8.1445e+08,7.7024e+08,6.7552e+08,4.0931e+08,6.5461e+08,8.9444e+08,7.8465e+08,4.7052e+08,5.8914e+08,7.5832e+08,9.3203e+08,6.0157e+08,6.0675e+08,6.3177e+08,6.8681e+08,4.0068e+08,9.4893e+08,1.0271e+09,6.5037e+08,4.8282e+08,9.8889e+08,8.1474e+08,8.607e+08,2.5336e+08,4.8999e+08,8.4845e+08,5.1559e+08,3.1933e+08,7.225e+08,4.6445e+08,9.2376e+08,4.4594e+08,9.2458e+08,8.4963e+08,3.8297e+08,1.0534e+09,5.7411e+08,4.4655e+08,1.1113e+09,6.5475e+08,3.0922e+08,5.1931e+08,6.7886e+08,3.3776e+08,5.5426e+08,7.7421e+08,9.1105e+08,9.9631e+08,1.0647e+09,5.3731e+08,1.0442e+09,6.0071e+08,6.9865e+08,6.1041e+08,8.1009e+08,5.6581e+08,6.6774e+08,1.1556e+09,7.2418e+08,5.4454e+08,6.0944e+08,4.6465e+08,7.8669e+08,6.6359e+08,6.564e+08,7.4939e+08,4.7052e+08,3.3929e+08,7.2514e+08,3.8581e+08,7.0498e+08,1.1073e+09,7.7499e+08,7.0135e+08,1.0755e+09,5.5948e+08,7.5237e+08,6.938e+08,4.9032e+08,7.0543e+08,5.5473e+08,6.6274e+08,7.4944e+08,7.4557e+08,4.837e+08,7.4117e+08,3.8386e+08,8.0393e+08,5.2481e+08,1.0866e+09,8.4964e+08,1.0872e+09,9.7832e+08,6.4239e+08,5.97e+08,4.9274e+08,4.6451e+08,3.9173e+08,5.2542e+08,7.6878e+08,5.8346e+08,7.9031e+08,4.3375e+08,6.9739e+08,6.6476e+08,7.5986e+08,1.1628e+09,1.0673e+09,1.0433e+09,6.0632e+08,9.8667e+08,5.1048e+08,1.1008e+09,9.3368e+08,6.392e+08,4.7732e+08,4.9223e+08,8.1557e+08,3.0866e+08,9.6709e+08,8.0572e+08,3.8182e+08,5.5642e+08,5.6047e+08,6.7304e+08,1.0204e+09,5.8152e+08,4.9804e+08,4.034e+08,7.4107e+08,8.1417e+08,4.8296e+08,4.198e+08,4.7288e+08,7.3288e+08,1.3403e+09,5.0417e+08,1.0077e+09,3.9685e+08,5.1206e+08,6.6385e+08,5.3897e+08,4.2018e+08,5.5533e+08,9.3049e+08,7.7003e+08,2.3431e+08,9.4944e+08,1.0882e+09,4.5339e+08,7.8564e+08,8.075e+08,7.1101e+08,5.1204e+08,8.6949e+08,6.3426e+08,1.1967e+09,5.2343e+08,4.5275e+08,6.1419e+08,7.7221e+08,9.6572e+08,1.3318e+09,1.2181e+09,7.087e+08,3.6626e+08,3.3376e+08,6.8951e+08,5.4355e+08,9.6733e+08,9.2536e+08,7.4483e+08,7.9063e+08,7.283e+08,6.3176e+08,7.6026e+08,7.3551e+08,8.1223e+08,3.7735e+08,5.2389e+08,6.4947e+08,8.9552e+08,6.8342e+08,3.224e+08,4.2192e+08,6.2917e+08
0,0,0,0,0,0,0,0,0,0,0,0,0,0,0,0,0,0,0,0,0,0,0,0,0,0,0,0,0,0,0,0,0,0,0,0,0,0,0,0,0,0,0,0,0,0,0,0,0,0,0,0,0,0,0,0,0,0,0,0,0,0,0,0,0,0,0,0,0,0,0,0,0,0,0,0,0,0,0,0,0,0,0,0,0,0,0,0,0,0,0,0,0,0,0,0,0,0,0,0,0,0,0,0,0,0,0,0,0,0,0,0,0,0,0,0,0,0,0,0,0,0,0,0,0,0,0,0,0,0,0,0,0,0,0,0,0,0,0,0,0,0,0,0,0,0,0,0,0,0,0,0,0,0,0,0,0,0,0,0,0,0,0,0,0,0,0,0,0,0,0,0,0,0,0,0,0,0,0,0,0,0,0,0,0,0,0,0,0,0,0,0,0,0,0,0,0,0,0,0
4.0014e+08,3.8845e+08,3.9364e+08,8.5022e+07,5.3911e+08,5.6601e+08,1.6879e+08,5.4042e+08,5.8742e+08,1.2079e+08,4.37e+08,3.6391e+08,2.5856e+08,3.5538e+08,6.3971e+08,6.1036e+08,7.671e+08,6.0351e+08,4.0878e+08,6.7882e+08,4.2393e+08,0,9.4348e+07,2.4497e+08,3.2672e+08,3.0263e+08,6.097e+08,9.2276e+07,7.3267e+08,9.4451e+08,3.7052e+08,3.8131e+08,6.1348e+08,3.4035e+08,3.8962e+08,4.7034e+08,4.2097e+08,3.212e+07,3.1458e+08,7.6354e+08,9.2337e+08,8.616e+08,4.4858e+08,0,7.6611e+08,5.9091e+08,0,8.4171e+08,5.2556e+07,9.1156e+08,6.3379e+08,1.3678e+08,3.382e+08,6.8374e+08,4.8132e+07,3.6964e+08,6.2463e+08,4.2258e+08,1.5188e+08,4.2455e+08,0.0044909,1.7176e+08,2.3313e+08,2.8706e+08,8.9526e+08,6.2398e+08,2.4623e+08,3.8885e+07,3.1706e+08,1.0319e+08,7.1933e+08,5.1619e+08,7.5067e+08,0,5.1776e+08,0,3.8029e+08,6.2094e+07,2.7076e+08,6.9439e+08,2.947e+08,1.2648e+08,4.1676e+08,5.5375e+08,5.2738e+08,0,4.5656e+08,3.9912e+08,5.4061e+08,5.8226e+08,3.1128e+08,1.9936e+08,2.5764e+08,7.8421e+08,0,2.4081e+08,7.3076e+06,3.2849e+08,4.4341e+08,5.9695e+08,4.3206e+08,2.6865e+08,4.76e+08,1.9641e+08,2.4217e+08,2.4311e+08,3.6049e+08,4.0542e+08,5.4825e+08,1.4487e+08,4.426e+08,5.6298e+08,5.6085e+08,0,3.566e+08,7.8709e+08,3.4739e+08,5.3277e+08,5.0616e+07,1.362e+08,6.5786e+08,8.5278e+08,4.811e+08,6.4858e+08,4.9043e+08,2.1715e+08,4.1836e+08,2.9388e+08,4.3311e+08,2.7082e+08,6.9216e+08,5.5786e+08,2.7304e+08,2.6957e+08,5.4706e+08,2.5983e+08,6.8197e+08,5.4037e+08,3.4204e+08,7.7166e+08,8.8862e+08,4.371e+08,3.1173e+08,4.1702e+08,3.8533e+08,4.9659e+08,2.2471e+08,0,8.7478e+07,2.3002e+08,1.8956e+08,5.6839e+08,3.5642e+08,4.5785e+08,0,2.1326e+08,3.4676e+08,4.4182e+07,8.6961e+08,3.9945e+08,8.319e+06,6.3511e+08,0,2.691e+08,3.2057e+08,2.7132e+08,4.337e+08,1.9791e+08,7.2334e+08,2.4709e+08,3.9199e+08,3.1659e+08,2.4068e+08,5.3874e+08,6.6436e+08,3.0897e+08,6.8737e+08,2.9082e+08,3.9276e+08,4.9992e+08,1.1171e+08,2.606e+08,1.6612e+08,7.7146e+08,3.3194e+08,4.6408e+08,7.0388e+08,1.026e+09,3.5814e+08,3.7683e+08,3.1156e+08,3.7634e+08,5.833e+08,3.9595e+08,6.4412e+08,4.4946e+08,6.1703e+08,1.9331e+08,8.1181e+08,2.2558e+08
0,0,0,0,0,0,0,0,0,0,0,0,0,0,0,0,0,0,0,0,0,0,0,0,0,0,0,0,0,0,0,0,0,0,0,0,0,0,0,0,0,0,0,0,0,0,0,0,0,0,0,0,0,0,0,0,0,0,0,0,0,0,0,0,0,0,0,0,0,0,0,0,0,0,0,0,0,0,0,0,0,0,0,0,0,0,0,0,0,0,0,0,0,0,0,0,0,0,0,0,0,0,0,0,0,0,0,0,0,0,0,0,0,0,0,0,0,0,0,0,0,0,0,0,0,0,0,0,0,0,0,0,0,0,0,0,0,0,0,0,0,0,0,0,0,0,0,0,0,0,0,0,0,0,0,0,0,0,0,0,0,0,0,0,0,0,0,0,0,0,0,0,0,0,0,0,0,0,0,0,0,0,0,0,0,0,0,0,0,0,0,0,0,0,0,0,0,0,0,0
0,0,0,0,0,0,0,0,0,0,0,0,0,0,0,0,0,0,0,0,0,0,0,0,0,0,0,0,0,0,0,0,0,0,0,0,0,0,0,0,0,0,0,0,0,0,0,0,0,0,0,0,0,0,0,0,0,0,0,0,0,0,0,0,0,0,0,0,0,0,0,0,0,0,0,0,0,0,0,0,0,0,0,0,0,0,0,0,0,0,0,0,0,0,0,0,0,0,0,0,0,0,0,0,0,0,0,0,0,0,0,0,0,0,0,0,0,0,0,0,0,0,0,0,0,0,0,0,0,0,0,0,0,0,0,0,0,0,0,0,0,0,0,0,0,0,0,0,0,0,0,0,0,0,0,0,0,0,0,0,0,0,0,0,0,0,0,0,0,0,0,0,0,0,0,0,0,0,0,0,0,0,0,0,0,0,0,0,0,0,0,0,0,0,0,0,0,0,0,0
0,0,0,0,0,0,0,0,0,0,0,0,0,0,0,0,0,0,0,0,0,0,0,0,0,0,0,0,0,0,0,0,0,0,0,0,0,0,0,0,0,0,0,0,0,0,0,0,0,0,0,0,0,0,0,0,0,0,0,0,0,0,0,0,0,0,0,0,0,0,0,0,0,0,0,0,0,0,0,0,0,0,0,0,0,0,0,0,0,0,0,0,0,0,0,0,0,0,0,0,0,0,0,0,0,0,0,0,0,0,0,0,0,0,0,0,0,0,0,0,0,0,0,0,0,0,0,0,0,0,0,0,0,0,0,0,0,0,0,0,0,0,0,0,0,0,0,0,0,0,0,0,0,0,0,0,0,0,0,0,0,0,0,0,0,0,0,0,0,0,0,0,0,0,0,0,0,0,0,0,0,0,0,0,0,0,0,0,0,0,0,0,0,0,0,0,0,0,0,0
0,0,0,0,0,0,0,0,0,0,0,0,0,0,0,0,0,0,0,0,0,0,0,0,0,0,0,0,0,0,0,0,0,0,0,0,0,0,0,0,0,0,0,0,0,0,0,0,0,0,0,0,0,0,0,0,0,0,0,0,0,0,0,0,0,0,0,0,0,0,0,0,0,0,0,0,0,0,0,0,0,0,0,0,0,0,0,0,0,0,0,0,0,0,0,0,0,0,0,0,0,0,0,0,0,0,0,0,0,0,0,0,0,0,0,0,0,0,0,0,0,0,0,0,0,0,0,0,0,0,0,0,0,0,0,0,0,0,0,0,0,0,0,0,0,0,0,0,0,0,0,0,0,0,0,0,0,0,0,0,0,0,0,0,0,0,0,0,0,0,0,0,0,0,0,0,0,0,0,0,0,0,0,0,0,0,0,0,0,0,0,0,0,0,0,0,0,0,0,0
6.9504e+08,3.9978e+08,6.2437e+08,6.5361e+08,4.3338e+08,3.4371e+08,3.0055e+08,5.1115e+08,4.3604e+08,4.7687e+08,8.8051e+08,7.2831e+07,5.8152e+08,3.4313e+08,0,6.9492e+08,5.9024e+08,5.6519e+08,0,3.4463e+08,5.8218e+08,8.0407e+08,3.2786e+08,3.3279e+08,6.2163e+08,5.5789e+08,3.8564e+08,4.273e+08,7.1967e+08,5.2638e+08,3.7383e+08,2.7478e+08,0,2.636e+08,4.7481e+08,2.1717e+08,6.8803e+08,2.8511e+08,7.8725e+08,7.9578e+08,2.5606e+08,4.7909e+08,7.8394e+08,9.7763e+08,4.8493e+08,2.8118e+08,5.5792e+08,4.303e+08,3.2934e+08,1.4129e+08,5.1344e+08,3.2948e+08,0,4.7687e+08,3.4867e+08,5.1764e+08,3.9857e+08,6.5213e+08,6.9488e+08,6.4629e+07,7.7344e+07,5.322e+08,1.8832e+08,7.044e+08,9.689e+08,0,3.1734e+08,7.3415e+08,4.5802e+08,5.153e+08,5.1211e+08,5.8767e+08,7.3254e+08,4.5527e+08,7.3749e+08,0,0,6.9567e+08,3.341e+08,8.4783e+08,3.882e+08,3.7763e+07,9.0582e+08,0,6.9373e+08,7.1949e+08,0,1.113e+07,5.2176e+08,1.5227e+08,1.8815e+08,1.0603e+08,7.6603e+08,3.8318e+08,6.485e+08,6.0191e+08,6.0712e+08,1.8403e+07,7.7433e+08,2.2389e+08,4.271e+08,4.8085e+08,2.59e+08,7.9658e+08,5.5526e+08,4.3615e+08,7.7354e+08,9.6877e+08,4.2791e+08,5.2991e+08,1.0962e+09,9.503e+08,5.9675e+08,1.0272e+09,4.4681e+08,5.9955e+08,8.1902e+08,7.8295e+08,5.1842e+08,0,0,3.9312e+08,6.3759e+08,0,6.4725e+08,4.8997e+08,6.5318e+08,2.4337e+08,5.8795e+08,3.7602e+08,0,6.1826e+08,0,0,4.4608e+08,1.2991e+09,9.0925e+08,0,1.3352e+08,6.5061e+08,0,8.1092e+08,3.6058e+08,4.6442e+08,6.8527e+08,6.6927e+08,5.3807e+08,6.2729e+08,6.6759e+08,0,1.6899e+08,5.3137e+08,5.0349e+08,6.5817e+08,5.9297e+08,3.8699e+08,7.3568e+08,6.9277e+08,6.9201e+08,1.2578e+08,4.5277e+08,0,4.192e+08,0,5.6661e+08,3.7508e+08,7.1704e+08,5.1417e+08,6.5628e+08,1.1285e+08,5.9835e+08,5.5877e+08,5.7491e+08,4.5625e+08,3.4918e+08,6.1188e+08,4.6065e+08,8.5761e+08,1.3007e+08,2.1554e+08,2.237e+07,1.1338e+09,0,0,6.3265e+08,5.018e+08,7.1832e+08,7.3055e+08,7.4592e+08,3.0743e+08,2.5237e+08,7.6952e+08,8.4352e+08,6.8172e+08,8.2725e+08,4.3868e+08,1.6093e+08,6.8617e+08,2.65e+08,5.8266e+08
0,0,0,2.2672e+07,0,0,0,0,0,0,0,0,0,0,1.5118e+08,0,0,0,3.289e+07,0,0,0,0,0,0,0,0,0,0,0,0,0,1.4637e+08,0,1.3907e+08,0,0,0,0,0,0,1.1053e+08,0,0,0,0,0,0,0,0,0,0,0,0,0,0,0,0,0,0,0,0,0,0,0,0,0,1.6269e+08,0,0,0,0,0,0,0,0,0,0,0,0,0,0,0,0,1.1881e+08,0,0,0,0,0,0,0,0,0,0,0,7.2503e+07,0,0,0,2.807e+07,0,0,0,0,0,0,0,0,0,0,0,0,0,0,0,0,0,0,0,1.9084e+07,0,0,9.5959e+05,0,0,0,0,0,0,0,0,0,1.7828e+08,0,0,0,0,0,0,0,0,0,0,0,0,0,0,0,0,0,0,0,0,0,0,0,0,0,0,1.9749e+08,0,0,0,0,0,0,1.2973e+08,0,0,0,0,0,0,0,0,0,0,0,0,0,0,0,0,0,0,0,0,0,0,0,0,0,0,0,0,0,0,0,0
0,0,0,0,0,0,0,0,0,0,0,0,0,0,0,0,0,0,0,0,0,0,0,0,0,0,0,0,0,0,0,0,0,0,0,0,0,0,0,0,0,0,0,0,0,0,0,0,0,0,0,0,0,0,0,0,0,0,0,0,0,0,0,0,0,0,0,0,0,0,0,0,0,0,0,0,0,0,0,0,0,0,0,0,0,0,0,0,0,0,0,0,0,0,0,0,0,0,0,0,0,0,0,0,0,0,0,0,0,0,0,0,0,0,0,0,0,0,0,0,0,0,0,0,0,0,0,0,0,0,0,0,0,0,0,0,0,0,0,0,0,0,0,0,0,0,0,0,0,0,0,0,0,0,0,0,0,0,0,0,0,0,0,0,0,0,0,0,0,0,0,0,0,0,0,0,0,0,0,0,0,0,0,0,0,0,0,0,0,0,0,0,0,0,0,0,0,0,0,0
0,0,0,0,0,0,0,0,0,0,0,0,0,0,0,0,0,0,0,0,0,0,0,0,0,0,0,0,0,0,0,0,0,0,0,0,0,0,0,0,0,0,0,0,0,0,0,0,0,0,0,0,0,0,0,0,0,0,0,0,0,0,0,0,0,0,0,0,0,0,0,0,0,0,0,0,0,0,0,0,0,0,0,0,0,0,0,0,0,0,0,0,0,0,0,0,0,0,0,0,0,0,0,0,0,0,0,0,0,0,0,0,0,0,0,0,0,0,0,0,0,0,0,0,0,0,0,0,0,0,0,0,0,0,0,0,0,0,0,0,0,0,0,0,0,0,0,0,0,0,0,0,0,0,0,0,0,0,0,0,0,0,0,0,0,0,0,0,0,0,0,0,0,0,0,0,0,0,0,0,0,0,0,0,0,0,0,0,0,0,0,0,0,0,0,0,0,0,0,0
0,8.0919e+08,0,0,0,8.267e+08,0,0,4.7146e+08,3.3591e+08,3.6254e+08,9.9859e+07,0,0,0,6.5802e+08,1.1496e+09,5.1945e+08,4.0261e+08,0,4.0164e+08,0,0,0,0,6.8426e+08,0,4.6914e+08,9.5229e+08,8.4838e+08,0,0,0,0,0,0,7.5247e+08,0,0,5.3162e+08,8.0509e+08,6.843e+08,5.594e+08,0,1.0805e+09,2.269e+08,0,7.1165e+08,0,9.0883e+08,8.7341e+08,0,0,1.1523e+09,0,0,6.568e+08,6.0648e+08,0,0,0,0,7.2498e+08,0,7.9956e+08,7.7264e+08,0,0,6.0185e+08,0,0,0,9.5291e+08,0,7.1352e+08,0,6.7459e+08,0,0,7.7149e+08,5.5195e+08,7.4094e+06,1.1519e+09,7.5135e+08,0,0,6.7234e+08,0,7.841e+08,9.5546e+08,0,3.4071e+08,4.5745e+08,6.9408e+08,0,0,0,7.4326e+08,0,9.5152e+08,0,0,0,0,0,0,7.6201e+08,7.5721e+08,2.4173e+08,5.1329e+08,8.1821e+08,9.2092e+08,7.9533e+08,0,7.1632e+08,9.3163e+08,0,6.0431e+08,0,0,6.4738e+08,6.2497e+08,0,0,6.1577e+08,0,0,1.06e+09,1.1671e+09,7.8035e+08,2.96e+08,9.1919e+08,0,0,9.0042e+08,8.6793e+08,0,5.6904e+08,0,6.7741e+08,1.021e+09,6.8583e+08,3.3247e+08,0,1.073e+09,2.8571e+08,6.2648e+08,0,0,6.4374e+08,0,6.1705e+08,2.3155e+08,0,0,1.1231e+09,8.453e+08,0,8.1947e+08,5.9938e+08,0,0,0,4.7887e+08,0,0,8.9267e+08,0,8.1543e+08,0,5.8882e+08,4.6931e+08,6.9461e+08,8.2728e+08,1.0074e+09,0,0,0,1.6206e+08,2.6705e+08,0,4.9836e+08,0,6.2216e+08,0,0,6.4208e+08,5.7745e+08,0,0,0,6.167e+08,6.4699e+08,0,5.9518e+08,0,4.5879e+08,2.9334e+08,6.3422e+08,5.8475e+08
0,0,0,0,0,0,0,0,0,0,0,0,0,0,0,0,0,0,0,0,0,0,0,0,6.2701e+07,0,0,0,0,0,0,0,0,0,0,0,0,0,0,0,0,0,0,0,0,0,0,0,0,0,0,0,0,0,0,0,0,0,0,0,0,0,0,0,0,0,0,0,0,0,0,0,0,0,0,0,0,0,0,0,0,0,0,0,0,0,0,0,0,0,0,0,0,0,0,0,0,0,0,0,0,0,0,0,0,0,0,0,0,0,0,0,0,0,0,0,0,0,0,0,4.3159e+07,0,0,0,0,0,0,0,0,0,0,0,0,0,0,0,0,0,0,0,0,0,0,0,0,0,0,0,0,0,0,0,0,0,0,0,0,0,0,0,0,0,0,0,0,0,0,0,0,0,0,0,0,0,0,0,0,0,0,0,0,0,0,0,0,0,0,0,0,0,0,0,0,0,0,0,0,0,0,0
0,0,9.3751e+08,0,0,0,0,0,9.3942e+08,1.3263e+09,8.5332e+08,1.1059e+09,1.3364e+09,0,0,0,0,0,7.9899e+08,0,0,1.2747e+09,8.19e+08,7.7279e+08,0,0,5.5945e+08,8.2691e+08,0,6.1642e+08,0,0,1.0562e+09,8.7769e+08,0,9.5807e+08,0,1.0112e+09,6.509e+08,0,1.296e+09,1.1464e+09,0,1.0836e+09,0,9.825e+08,0,0,7.3611e+08,0,0,1.1942e+09,0,0,1.1859e+09,9.8746e+08,7.2405e+08,1.0389e+09,1.2499e+09,9.9799e+08,1.3586e+09,0,0,7.1018e+08,0,0,0,1.1734e+09,0,8.5816e+08,7.0845e+08,0,0,1.2078e+09,9.8129e+08,1.1881e+09,9.6836e+08,0,1.1099e+09,0,1.2913e+09,1.2873e+09,0,9.8139e+08,0,0,1.0866e+09,1.0459e+09,0,0,0,1.3524e+09,9.1116e+08,0,0,9.7273e+08,0,8.2395e+08,0,0,8.4831e+08,7.8571e+08,8.941e+08,0,0,0,0,0,0,1.0181e+09,7.2069e+08,0,7.5042e+08,0,0,0,7.087e+08,9.5793e+08,0,1.1952e+09,0,0,0,8.7875e+08,0,0,0,0,0,0,1.1799e+09,0,1.0051e+09,0,0,0,0,1.1206e+09,0,0,0,0,1.0748e+09,0,0,0,1.0031e+09,1.0828e+09,0,0,1.1133e+09,0,1.2658e+09,0,5.8267e+08,0,0,1.286e+09,0,0,1.1539e+09,0,0,4.2842e+08,0,1.0535e+09,5.1488e+08,9.7981e+08,6.9678e+08,1.3658e+09,0,6.2967e+08,8.5225e+08,9.8858e+08,0,0,0,0,9.4641e+08,8.0981e+08,1.2362e+09,0,1.2329e+09,0,0,8.6096e+08,0,0,0,0,8.5664e+08,1.0475e+09,0,0,7.6623e+08,0,1.0711e+09,9.6581e+08,8.4966e+08,0
0,0,0,0,0,0,0,0,0,0,0,0,0,0,0,0,0,0,0,0,0,0,0,0,0,0,0,0,0,0,0,0,0,0,0,0,0,0,0,0,0,0,0,0,0,0,0,0,0,0,0,0,0,0,0,0,0,0,0,0,0,0,0,0,0,0,0,0,0,0,0,0,0,0,0,0,0,0,0,0,0,0,0,0,0,0,0,0,0,0,0,0,0,0,0,0,0,0,0,0,0,0,0,0,0,0,0,0,0,0,0,0,0,0,0,0,0,0,0,0,0,0,0,0,0,0,0,0,0,0,0,0,0,0,0,0,0,0,0,0,0,0,0,0,0,0,0,0,0,0,0,0,0,0,0,0,0,0,0,0,0,0,0,0,0,0,0,0,0,0,0,0,0,0,0,0,0,0,0,0,0,0,0,0,0,0,0,0,0,0,0,0,0,0,0,0,0,0,0,0
0,0,0,0,0,0,0,0,0,0,0,0,0,0,0,0,0,0,0,0,0,0,0,0,0,0,0,0,0,0,0,0,0,0,0,0,0,0,0,0,0,0,0,0,0,0,0,0,0,0,0,0,0,0,0,0,0,0,0,0,0,0,0,0,0,0,0,0,0,0,0,0,0,0,0,0,0,0,0,0,0,0,0,0,0,0,0,0,0,0,0,0,0,0,0,0,0,0,0,0,0,0,0,0,0,0,0,0,0,0,0,0,0,0,0,0,0,0,0,0,0,0,0,0,0,0,0,0,0,0,0,0,0,0,0,0,0,0,0,0,0,0,0,0,0,0,0,0,0,0,0,0,0,0,0,0,0,0,0,0,0,0,0,0,0,0,0,0,0,0,0,0,0,0,0,0,0,0,0,0,0,0,0,0,0,0,0,0,0,0,0,0,0,0,0,0,0,0,0,0
0,0,0,4.2536e+08,5.8842e+08,0,3.0281e+08,0,3.3155e+08,2.922e+08,2.2777e+08,2.2419e+08,9.7555e+06,0,0,0,0,1.3882e+08,2.7093e+08,4.9189e+08,0,9.0624e+07,0,9.7638e+07,0,0,0,1.6748e+08,2.7173e+08,0,1.9455e+08,0,0,0,4.6459e+08,0,2.446e+08,0,0,0,0,0.00095849,0,0.64715,0,0,0,0,0,0,0,0,4.3557e+08,0,2.8955e+08,0,0,0,0,1.1924e+07,0,4.9549e+08,0,0,8.53e+07,3.569e+08,0,0,0,3.9975e+08,0,6.5829e+08,9.7977e+07,4.0046e+08,0,2.9918e+08,0,0,0,0,5.0946e+08,0,9.6805e+07,0,0,0,3.0288e+08,0,0,7.7537e+08,0,0,0,5.5375e+08,0,0,0,0,0,1.4308e+08,0,0,0,7.1766e+07,0,0,0,4.5662e+08,4.377e+08,0,0,0,0,6.843e+07,2.3902e+08,0,0,9.3172e+07,5.4023e+07,7.6789e+07,5.9726e+08,0,5.3799e+08,0,1.5692e+08,0,0,0,0,1.18e+09,0,0,0,8.979e+08,0,3.8261e+07,0,0,0,4.5298e+08,0,3.2662e+08,0,0,6.0573e+08,0,0,0,0,0,3.1701e+08,0,0,0,0,1.9981e+08,0,0,4.2195e+08,4.3404e+08,6.7478e+07,5.6161e+08,0,0,1.0433e+07,0,0,0,5.3996e+08,2.9856e+08,5.0743e+08,13.462,0,0,0,0,5.0049e+08,0,0,0,0,0,0,5.0232e+08,2.9313e+08,0,8.3169e+07,0,0,0,0,0,3.7319e+08,3.6212e+08,0,2.5099e+08,0,3.2521e+08,6.34e+07,0
0,0,0,0,0,0,0,0,0,0,0,0,0,0,0,0,0,0,0,0,0,0,0,0,0,0,0,0,0,0,0,0,0,0,0,0,0,0,0,0,0,0,0,0,0,0,0,0,0,0,0,0,0,0,0,0,0,0,0,0,0,0,0,0,0,0,0,0,0,0,0,0,0,0,0,0,0,0,0,0,0,0,0,0,0,0,0,0,0,0,0,0,0,0,0,0,0,0,0,0,0,0,0,0,0,0,0,0,0,0,0,0,0,0,0,0,0,0,0,0,0,0,0,0,0,0,0,0,0,0,0,0,0,0,0,0,0,0,0,0,0,0,0,0,0,0,0,0,0,0,0,0,0,0,0,0,0,0,0,0,0,0,0,0,0,0,0,0,0,0,0,0,0,0,0,0,0,0,0,0,0,0,0,0,0,0,0,0,0,0,0,0,0,0,0,0,0,0,0,0
0,0,0,0,0,0,0,0,0,0,0,0,0,0,0,0,0,0,0,0,0,0,0,0,0,0,0,0,0,0,0,0,0,0,0,0,0,0,0,0,0,0,0,0,0,0,0,0,0,0,0,0,0,0,0,0,0,0,0,0,0,0,0,0,0,0,0,0,0,0,0,0,0,0,0,0,0,0,0,0,0,0,0,0,0,0,0,0,0,0,0,0,0,0,0,0,0,0,0,0,0,0,0,0,0,0,0,0,0,0,0,0,0,0,0,0,0,0,0,0,0,0,0,0,0,0,0,0,0,0,0,0,0,0,0,0,0,0,0,0,0,0,0,0,0,0,0,0,0,0,0,0,0,0,0,0,0,0,0,0,0,0,0,0,0,0,0,0,0,0,0,0,0,0,0,0,0,0,0,0,0,0,0,0,0,0,0,0,0,0,0,0,0,0,0,0,0,0,0,0
0,0,7.3018e+07,0,0,0,0,0,0,0,0,0,0,0,0,0,0,0,0,0,0,0,0,0,0,0,0,0,0,0,0,0,0,0,0,0,0,0,0,0,0,0,0,0,0,0,0,0,0,0,0,0,0,0,0,0,0,0,0,0,0,0,0,0,0,0,0,0,0,0,0,0,0,0,0,0,0,0,0,0,0,0,0,0,0,0,0,0,0,9.6966e+07,0,0,0,0,0,0,0,0,0,0,0,0,0,0,0,0,0,0,0,0,0,0,1.3445e+08,8.4821e+07,0,0,0,0,0,0,0,0,0,0,0,0,0,0,0,0,0,0,0,0,0,0,0,0,0,0,0,0,0,0,9.1213e+07,0,0,0,0,0,0,0,0,0,0,0,0,0,0,0,0,0,0,0,0,0,0,0,0,0,0,0,0,0,0,0,0,0,0,0,0,0,0,0,0,0,0,0,0,0,0,0,0,1.3366e+08,0,0,0,0,0,0
0,0,0,0,0,0,0,0,0,0,0,0,0,0,0,0,0,0,0,0,0,0,0,0,0,0,0,0,0,0,0,0,0,0,0,0,0,0,0,0,0,0,0,0,0,0,0,0,0,0,0,0,0,0,0,0,0,0,0,0,0,0,0,0,0,0,0,0,0,0,0,0,0,0,1.8384e+07,0,0,1.9544e+07,0,0,0,0,0,0,0,0,0,0,0,0.16861,0,0,0,0,0,0,0,0,0,0,0,0,0,0,0,0,0,0,0,0,0,0,0,0,0,0,0,0,0,0,0,0,0,0,0,0,2.6372e+08,0,0,8.6747e+07,0,0,0,0,0,0,0,0,0,0,0,0,0,0,0,0,0,0,0,3.9952e+08,0,0,0,0,0,0,0,0,0,0,0,0,0,0,0,0,0,0,0,0,0,0,0,0,0,0,0,0,0,0,0,0,0,0,0,0,0,0,0,0,0,0,0,0,0,0,0,0,0,0
0,0,0,0,0,0,0,0,0,0,0,0,0,0,0,0,0,0,0,0,0,0,0,0,0,0,0,0,0,0,0,0,0,0,0,0,0,0,0,0,0,0,0,0,0,0,0,0,0,0,0,0,0,0,0,0,0,0,0,0,0,0,0,0,0,0,0,0,0,0,0,0,0,0,0,0,0,0,0,0,0,0,0,0,0,0,0,0,0,0,0,0,0,0,0,0,0,0,0,0,0,0,0,0,0,0,0,0,0,0,0,0,0,0,0,0,0,0,0,0,0,0,0,0,0,0,0,0,0,0,0,0,0,0,0,0,0,0,0,0,0,0,0,0,0,0,0,0,0,0,0,0,0,0,0,0,0,0,0,0,0,0,0,0,0,0,0,0,0,0,0,0,0,0,0,0,0,0,0,0,0,0,0,0,0,0,0,0,0,0,0,0,0,0,0,0,0,0,0,0
0,0,0,0,0,0,0,0,0,0,0,0,0,0,0,0,0,0,0,0,0,0,0,0,0,0,0,0,0,0,0,0,0,0,0,0.37096,0,0,0,0,0,0,0,0,0,0,0,0,0,0,0,0,0,0,0,0,0,0,0,0,0,0,0,0,0,0,0,0,0,0,0,0,0,0,0,0,0,0,0,0,0,0,0,0,0,0,0,0,0,0,0,0,0,0,0,0,0,0,0,0,0,0,0,0,0,0,0,0,0,0,0,0,0,0,0,0,0,0,0,0,0,0,0,0,0,0,0,0,0,0,0,0,0,0,0,0,0,0,0,0,0,0,0,0,0,0,0,0,0,0,0,0,0,0,0,0,0,0,0,0,0,0,0,0,0,0,0,0,0,0,0,0,0,0,0,0,0,0,0,0,0,0,0,0,0,0,0,0,0,0,0,0,0,0,0,0,0,0,0,0
5.6398e+08,5.7392e+08,0,0,0,0,0,7.4128e+08,0,0,0,5.8194e+08,0,8.1617e+08,5.8658e+08,5.5506e+08,0,6.0684e+08,0,5.2085e+08,5.4512e+08,5.8577e+08,4.6468e+08,5.5739e+08,0,4.8914e+08,6.2378e+08,0,0,0,7.5744e+08,0,0,6.4721e+08,0,0,0,4.7155e+08,5.6821e+08,5.868e+08,3.955e+08,0,6.3368e+08,4.6558e+08,0,6.4312e+08,8.7069e+08,6.6723e+08,9.0739e+08,0,0,0,5.689e+08,6.9765e+08,5.6885e+08,0,0,5.4292e+08,0,6.8136e+08,0,0,0,6.1437e+08,0,7.0755e+08,6.1317e+08,0,6.0872e+08,0,5.9507e+08,0,5.743e+08,5.9883e+08,0,0,0,0,0,0,0,6.5611e+08,0,5.7374e+08,0,6.3307e+08,0,5.9525e+08,4.144e+08,0,5.7951e+08,0,4.7411e+08,6.2849e+08,6.9905e+08,4.9029e+08,6.2126e+08,0,9.287e+08,6.6921e+08,7.0885e+08,0,4.3162e+08,0,6.2386e+08,6.1657e+08,0,6.5221e+08,6.6121e+08,0,0,0,5.5783e+08,8.7574e+08,6.1578e+08,7.9299e+08,4.258e+08,4.6291e+08,0,0,0,0,0,6.1208e+08,6.0659e+08,0,8.2865e+08,0,5.3853e+08,0,7.9243e+08,8.9716e+08,5.0335e+08,0,0,0,7.4341e+08,0,0,0,0,5.6725e+08,0,5.3642e+08,0,6.8666e+08,0,0,0,0,0,5.2074e+08,0,9.146e+08,3.2005e+08,7.2816e+08,6.3075e+08,0,0,7.1711e+08,6.4334e+08,0,5.2169e+08,6.3824e+08,7.6949e+08,0,5.2271e+08,5.4032e+08,0,4.9161e+08,0,0,0,6.8857e+08,0,0,0,0,8.7431e+08,5.2029e+08,5.8587e+08,7.627e+08,6.884e+08,0,0,0,0,0,1.1135e+09,8.2616e+08,0,0,6.8982e+08,0,5.6292e+08,0,5.4043e+08,5.2916e+08,6.4417e+08,8.4261e+08
0,0,0,0,0,0,0,0,0,0,0,0,0,0,0,0,0,0,0,0,0,0,0,0,0,0,0,0,0,0,0,0,0,0,0,0,0,0,0,0,0,0,0,0,0,0,0,0,0,0,0,0,0,0,0,0,0,0,0,0,0,0,0,0,0,0,0,0,0,0,0,0,0,0,0,0,0,0,0,0,0,0,0,0,0,0,0,0,0,0,0,0,0,0,0,0,0,0,0,0,0,0,0,0,0,0,0,0,0,0,0,0,0,0,0,0,0,0,0,0,0,0,0,0,0,0,0,0,0,0,0,0,0,0,0,0,0,0,0,0,0,0,0,0,0,0,0,0,0,0,0,0,0,0,0,0,0,0,0,0,0,0,0,0,0,0,0,0,0,0,0,0,0,0,0,0,0,0,0,0,0,0,0,0,0,0,0,0,0,0,0,0,0,0,0,0,0,0,0,0
0,0,0,0,0,0,0,0,0,0,0,0,0,0,0,0,0,0,0,0,0,0,0,0,0,0,0,0,0,0,0,0,0,0,0,0,0,0,0,0,0,0,0,0,0,0,0,0,0,0,0,0,0,0,2.7707e+07,0,0,0,0,0,0,0,0,0,0,0,0,0,0,0,0,0,0,0,0,0,0,0,0,0,0,0,0,0,0,0,0,0,0,0,0,0,0,0,0,0,0,0,0,0,0,0,0,0,0,8.1774e+07,0,0,0,0,0,0,0,0,0,0,0,0,0,0,0,0,0,0,0,0,0,0,0,5.0032e+07,0,0,0,0,0,5.6498e+07,0,0,0,0,0,0,0,0,0,0,0,0,0,0,0,0,0,0,0,0,0,0,0,0,0,0,8.6794e+07,0,0,0,0,0,0,0,0,0,0,0,0,0,0,0,0,0,0,0,0,0,2.9406e+07,0,0,0,0,0,0,0,0,0,0,0,0,0,0,0
0,0,0,0,0,0,0,0,0,0,0,0,0,0,0,0,0,0,0,0,0,0,0,0,0,0,0,0,0,0,0,0,0,0,0,0,0,0,0,0,0,0,0,0,0,0,0,0,0,0,0,0,0,0,0,0,0,0,0,5.0409e+07,0,0,0,0,0,0,0,0,0,0,0,0,0,0,0,0,0,0,0,0,0,0,0,0,0,0,0,0,0,0,0,0,0,0,0,0,0,0,0,0,1.4045e+08,0,0,0,0,0,0,0,0,0,0,0,0,0,0,0,0,0,0,0,0,0,0,1.5188e+08,0,0,0,0,0,0,0,0,0,0,0,0,0,0,0,0,0,0,0,0,0,0,0,0,0,0,0,0,0,0,0,0,0,0,0,0,0,0,0,0,0,0,0,0,0,0,0,0,0,0,0,0,0,0,0,0,0,0,0,0,0,0,0,0,0,0,0,0,0,0,0,0,0,0,0,0
0,0,0,2.2115e+07,0,0,0,0,0,2.875e+07,0,2.0314e+07,0,0,0,0,5.1519e+07,0,0,0,0,3.9548e+07,0,1.0086e+08,1.235e+08,0,0,7.3674e+07,0,9.1289e+07,0,0,0,0,0,0,0,0,0,0,0,0,0,8.126e+07,0,0,0,1.4378e+08,1.3637e+07,0,0,0,0,4.8754e+07,0,0,0,5.0723e+07,1.8123e+08,0,7.6314e+07,0,0,0,0,0,7.0548e+07,6.9003e+07,0,0,0,0,0,0,0,0,0,0,0,0,0,6.2401e+07,0,0,0,0,0,0,1.6069e+07,0,0,0,0,0,0,0,0,1.7315e+08,0,0,0,0,2.363e+07,0,0,1.5448e+08,3.859e+05,0,0,1.0858e+08,0,0,9.6405e+07,0,0,0,0,0,0,0,0,0,1.871e+08,0,5.3111e+07,0,0,0,0,0,0,0,0,0,0,0,0,0,0,0,0,0,0,1.9306e+08,0,4.5046e+07,2.8277e+07,0,0,0,5.716e+07,0,0,0,0,7.6452e+07,0,0,0,8.9551e+07,0,0,8.8081e+07,0,0,0,5.6463e+07,6.5426e+07,0,0,0,0,0,0,0,0,0,1.7932e+08,0,2.9792e+06,1.3059e+08,1.6798e+08,0,0,0,0,0,0,0,0,4.6966e+07,0,1.0726e+08,0,0,0,0,0,0,0
0,8.4178e+08,0,0,0,6.6153e+08,6.5625e+08,3.2659e+08,0,0,0,0,0,8.9341e+08,3.936e+08,5.3413e+08,4.5606e+08,5.3858e+08,0,0,3.657e+08,0,6.7663e+08,5.2678e+08,0,7.9509e+08,0,0,4.6255e+08,0,3.7721e+08,6.2245e+08,5.1147e+08,6.2494e+08,0,0,0,0,5.8559e+08,3.9273e+08,0,0,4.3031e+08,0,4.9453e+08,0,0,0,2.403e+08,6.6012e+08,5.1095e+08,4.4146e+08,0,8.6564e+08,0,3.0908e+08,0,7.1495e+08,0,4.4026e+08,0,0,0,2.1255e+08,4.008e+08,8.4058e+08,4.701e+08,0,0,1.4481e+08,4.3002e+07,0,4.9255e+08,0,0,5.0521e+08,0,6.597e+08,0,2.9001e+08,0,0,8.2253e+08,0,0,0,1.8586e+08,0,0,0,0,8.4389e+06,0,0,7.7135e+08,4.3951e+08,0,4.5263e+08,1.0171e+09,6.4638e+08,0,4.3302e+08,3.506e+08,3.5933e+08,6.2281e+08,0,4.0659e+08,0,6.5887e+08,3.3104e+08,0,6.671e+08,0,0,7.848e+08,0,4.1947e+08,9.5161e+07,4.6392e+08,0,0,0,0,0,0,6.3591e+08,0,6.5364e+08,0,0,0,1.0516e+08,2.4574e+08,0,2.5834e+08,8.5999e+08,4.8378e+08,0,8.5872e+08,0,7.7054e+08,0,0,5.8153e+08,0,7.0932e+08,0,0,8.5818e+08,0,4.3171e+08,6.8419e+08,0,4.0241e+08,5.5042e+08,6.2432e+08,7.6252e+08,0,2.659e+08,0,0,0,0,5.9098e+08,0,0,3.9966e+08,1.1503e+08,0,7.0022e+08,0,5.878e+08,6.537e+08,0,0,3.3221e+08,0,0,0,0,0,0,3.2888e+08,0,3.3597e+08,0,4.4438e+08,0,0,7.882e+08,0,6.6209e+08,8.4698e+08,0,0,4.7961e+08,0,0,0,6.2875e+08
0,0,0,0,0,6.533e+07,0,0,0,0,0,0,0,0,0,0,0,0,0,0,0,0,0,0,0,0,0,0,0,0,0,0,0,0,0,0,0,0,0,0,0,0,0,0,0,0,0,0,0,0,0,0,0,0,0,0,0,0,0,0,0,0,0,0,0,0,0,2.493e+06,0,0,0,0,0,0,0,0,0,0,0,0,0,0,0,0,0,0,0,0,0,0,0,0,0,0,0,0,0,0,0,0,0,0,0,0,0,0,0,0,0,0,0,0,0,0,0,0,0,0,0,9.0191e+07,0,0,0,0,0,0,3.8519,0,3.8489e+07,0,0,0,0,0,0,0,0,0,0,0,1.1179e+08,0,2.0072e+08,0,0,0,0,0,0,2.0644e+08,0,0,0,0,0,0,0,0,0,0,0,0,0,0,0,0,0,0,0,0,0,7.9591e+06,0,0,0,6.0943e+07,0,0,2.7534e+07,0,0,0,0,0,0,0,0,0,0,0,0,0,0,0,0,0,0,0,0,0
0,0,0,0,0,0,0,0,0,0,0,0,0,0,0,0,0,0,0,0,0,0,0,0,0,0,0,0,0,0,0,0,0,0,0,0,0,0,0,0,0,0,0,0,0,0,0,0,0,0,0,0,0,0,0,0,0,0,0,0,0,0,0,0,0,0,0,0,0,0,0,0,0,0,0,0,0,0,0,0,0,0,0,0,0,0,0,0,0,0,0,0,0,0,0,0,0,0,0,0,0,0,0,0,0,0,0,0,0,0,0,0,0,0,0,0,0,0,0,0,0,0,0,0,0,0,0,0,0,0,0,0,0,0,0,0,0,0,0,0,0,0,0,0,0,0,0,0,0,0,0,0,0,0,0,0,0,0,0,0,0,0,0,0,0,0,0,0,0,0,0,0,0,0,0,0,0,0,0,0,0,0,0,0,0,0,0,0,0,0,0,0,0,0,0,0,0,0,0,0
0,0,0,8.3767e+08,0,1.1339e+08,0,4.3164e+08,0,0,0,0,0,0,0,0,0,2.5914e+08,8.7623e+08,7.3657e+08,0,5.4476e+08,0,0,4.9937e+08,0,3.7424e+08,0,0,0,0,3.6089e+08,0,3.0753e+08,0,4.0037e+08,7.0075e+08,0,0,0,0,0,0,0,1.1372e+08,3.4443e+08,2.3967e+08,6.5971e+08,0,0,0,0,5.4644e+08,1.9799e+08,0,0,0,0,0,0,4.1892e+08,8.9428e+08,0,0,0,3.9449e+07,2.8854e+08,0,9.5233e+08,0,1.3818e+08,4.1535e+08,0,0,0,2.8627e+07,0,0,0,9.7864e+07,0,1.1161e+08,0,2.3497e+08,0,0,0,1.0517e+08,0,0,4.9819e+08,0,0,4.1151e+08,0,0,9.2883e+08,0,0,0,0,0,0,1.6165e+08,3.9049e+08,0,0,6.4417e+08,0,0,0.00052981,8.6706e+07,0,6.4242e+08,0,0,0,0,0,5.3609e+08,6.2639e+08,0,0,0,7.6989e+08,0,0,0,8.2879e+08,0,0,7.1305e+08,4.1323e+08,0,2.3894e+08,0,8.8082e+06,0,5.0645e+08,0,0,7.8943e+08,0,0,0,0,3.3781e+08,4.972e+08,3.0011e+07,0,0,0,0,0,0,0,4.0406e+08,0,3.3413e+08,0,0,8.0241e+08,0,0,0,4.4279e+08,0,0,0,3.2196e+08,1.0469e+08,0,0,5.9246e+07,1.2533e+09,6.2231e+08,0,2.8122e+08,7.4557e+07,0,2.5085e+08,9.7642e+08,0,3.6033e+08,0,0,0,0,1.0922e+09,0,0.0039134,0,9.845e+07,8.2679e+08,0,1.3447e+08,0,0,0,0
0,0,0,0,0,0,0,0,0,0,0,1859.5,0,0,0,0,0,0,0,0,0,0,0,0,0,0,0,0,0,0,0,0,0,0,0,1.1089e+08,0,0,0,0,0,0,0,0,0,0,0,0,0,0,0,0,0,0,0,0,0,0,0,0,0,0,0,0,0,0,0,0.073623,0,0,0,0,0,0,0,0,0,0,0,0,0,0,0,0,0,0,0,0,0,0,0,0,0,0,0,0,0,0,0,0,0,0,0,0,0,0,0,0,0,0,0,0,0,0,0,0,0,0,0,0,0,0,0,0,0,0,0,0,0,0,7.3638e+07,0,0,0,0,0,0,0,0,0,0,0,0,0,0,0,0,0,0,0,0,0,0,0,0,0,0,0,0,3.3455e+07,0,0,0,0,0,0,0,0,0,0,0,0,0,0,0,0,0,0,0,0,0,0,0,0,0,0,0,0,0,0,0,0,0,0,0,0,2.9682e+08,0,0,0
0,0,0,3.0671e+08,3.3921e+08,0,9.3867e+07,0,0,0,0,0,0,0,8.3867e+07,0,0,0,0,0,0,0,0,0,1.9043e+08,0,0,0,0,0,0,0,0,0,7.7496e+07,0,0,0,0,0,0,0,0,0,0,0,0,0,0,0,0,0,0,0,0,0,0,0,0,0,0,1.3793e+08,0,0,0,0,0,0,0,0,0,0,0,0,0,0,0,1.038e+08,0,0,0,0,0,0,2.6681e+08,0,0,0,0,0,0,0,0,0,0,0,0,0,0,0,0,0,0,0,0,0,0,0,0,0,0,0,0,0,0,0,0,0,2.4963e+08,0,0,0,0,0,0,3.3854e+08,0,0,0,0,0,0,0,0,0,0,0,0,0,0,0,0,0,0,0,0,0,0,3.8559e+07,0,0,0,0,0,0,0,0,0,0,0,0,2.5925e+08,0,0,0,0,0,0,0,0,0,0,0,0,0,0,0,0,0,0,0,0,0,0,0,0,0,0,0,0,0,0,0,1.0359e+08,0,0,0,0,0,0
3.9078e+07,3.214e+08,4.2617e+08,0,2.6122e+08,3.0532e+07,1.2844e+08,0,0,6.11e+08,0,0,0,6.4811e+08,0,0,0,1.0962e+08,5.5574e+08,0,2.4904e+08,0,0,0,3.1654e+08,0,6.389e+08,3.4646e+08,4.6964e+08,0,0,2.0587e+08,0,0,1.9175e+08,8.2633e+08,4.4366e+08,0,3.7267e+08,5.3099e+08,0,0,2.387e+08,0,4.3306e+08,0,0,0,0,1.4915e+08,2.5983e+08,0,0,0,0,0,2.2045e+08,0,0,2.2949e+08,0,3.4171e+08,0,0,0,0,0,0,1.3191e+08,2.9853e+08,2.0978e+08,5.6345e+08,0,0,2.5795e+08,0,0,0,1.8759e+08,1.1962e+08,0,0,7.9282e+07,0,2.9172e+08,0,0,0,0,4.3886e+08,0,6.1153e+08,0,6.8772e+08,0,0,0,0,0,0,0,0,3.9806e+08,0,0,0,0,0,1.7044e+08,0,0,0,0,0,0,3.3771e+08,0,2.7514e+08,2.5912e+08,3.3576e+08,0,0,0,0,4.8727e+08,2.463e+08,4.7816e+08,3.9573e+08,2.8839e+08,0,0,4.3544e+08,5.5595e+07,2.0405e+08,0,0,0,5.3775e+08,0,2.5839e+08,0,7.5232e+07,0,0,2.2882e+08,9.4242e+06,0,0,0,4.1582e+07,3.0623e+08,0,0,3.2699e+08,0,0,0,0,0,2.0537e+08,1.4101e+08,5.9051e+08,0,0,0,0,0,0,1.8957e+08,0,0,5.0567e+08,1.4976e+08,0,0,5.1426e+08,0,0,5.939e+08,0,0,0,0,7.1305e+08,0,1.5637e+08,1.7675e+08,0,0,0,0,0,0,2.2605e+08,0,0,0,0,0,0
0,0,0,0,0,0,0,0,0,0,0,0,0,0,0,0,0,0,0,0,0,0,0,0,0,0,0,0,0,0,0,0,0,0,0,0,0,0,0,0,0,0,0,0,0,0,0,0,0,0,0,0,0,0,0,0,0,0,0,0,0,0,0,0,0,0,0,0,0,0,0,0,0,0,0,0,0,0,0,0,0,0,0,0,0,0,0,0,0,0,0,0,0,0,0,0,0,0,0,0,0,0,0,0,0,0,0,0,0,0,0,0,0,0,0,0,0,0,0,0,0,0,0,0,0,0,0,0,0,0,0,0,0,0,0,0,0,0,0,0,0,0,0,0,0,0,0,0,0,0,0,0,0,0,0,0,0,0,0,0,0,0,0,0,0,0,0,0,0,0,0,0,0,0,0,0,0,0,0,0,0,0,0,0,0,0,0,0,0,0,0,0,0,0,0,0,0,0,0,0
0,0,0,0,0,0,0,0,0,0,0,0,0,0,0,0,0,0,0,0,0,0,0,0,0,0,0,0,0,0,0,0,9.5592e+05,0,0,0,0,0,0,0,0,6.0693e+07,0,0,0,0,0,0,0,0,0,0,0,0,0,0,0,0,0,0,0,0,0,0,0,0,0,0,0,0,0,0,0,0,0,0,0,0,0,0,0,0,0,0,0,0,0,0,0,0,0,0,0,0,0,0,0,0,0,0,0,0,0,0,0,0,0,0,0,0,0,0,0,0,0,0,0,0,0,0,0,0,0,2.3025e+08,0,0,0,6.5646e+07,0,4.5415e+08,8.0358e+07,0,0,0,0,0,0,0,0,0,0,0,0,0,2.54e+08,0,0,0,0,0,0,0,1.2913e+08,0,0,2.2346e+08,0,0,0,0,0,0,0,0,0,0,0,0,0,0,0,0,0,1.5352e+08,0,0,0,0,0,3.1103e+08,2.4023e+08,6.4935e+07,0,0,0,0,0,0,0,0,0,0,0,0,0,0,0,0,0,0
0,0,0,0,0,0,0,0,0,0,0,0,0,0,0,0,0,0,0,0,0,0,0,0,0,0,0,0,0,0,0,0,0,0,0,0,0,0,0,0,0,0,0,0,0,0,0,0,0,0,0,0,0,0,0,0,0,0,0,0,0,0,0,0,0,0,0,0,0,0,0,0,0,0,0,0,0,0,0,0,0,0,0,0,0,0,0,0,0,0,0,0,0,0,0,0,0,0,0,0,0,0,0,0,0,0,0,0,0,0,0,0,0,0,0,0,0,0,0,0,0,0,0,0,0,0,0,0,0,0,0,0,0,0,0,0,0,0,0,0,0,0,0,0,0,0,0,0,0,0,0,0,0,0,0,0,0,0,0,0,0,0,0,0,0,0,0,0,0,0,0,0,0,0,0,0,0,0,0,0,0,0,0,0,0,0,0,0,0,0,0,0,0,0,0,0,0,0,0,0
0,0,0,0,0,0,0,0,0,0,0,0,0,0,0,0,0,0,0,0,0,0,0,0,0,0,0,0,0,0,0,0,0,0,1.1181e+07,0,0,0,0,0,0,0,0,0,0,0,0,0,0,0,0,0,0,0,0,0,0,0,0,0,0,0,0,0,0,0,0,0,0,0,0,0,0,0,0,0,0,0,0,0,0,0,0,0,0,0,0,0,0,0,0,0,0,0,0,0,0,0,0,9.463e+07,0,0,0,0,0,0,0,0,0,0,0,0,0,0,0,0,0,0,0,0,0,0,0,0,0,0,0,0,0,0,0,0,0,0,0,0,0,1.2509e+08,0,0,0,0,0,0,0,0,0,0,0,0,0,0,0,0,0,0,0,0,0,0,0,0,0,0,0,0,0,0,0,0,0,0,0,0,1.9997e+07,0,0,0,0,0,0,8.232e+05,0,2.966e+08,0,6.3142e+06,0,0,0,0,1.9569e+08,0,0,0,0,0,0,0,0,0
6.2169e+08,2.866e+08,8.2318e+08,0,9.3136e+08,4.2047e+08,0,0,6.7836e+08,0,1.0672e+09,5.2498e+08,1.0186e+09,0,7.7594e+08,2.6767e+08,0,5.5465e+08,0,4.7456e+08,7.9005e+07,0,0,8.4677e+07,0,0,7.1942e+08,7.1229e+08,7.1575e+08,2.4311e+08,8.0869e+08,5.2886e+08,5.6554e+08,0,6.8576e+08,0,0,4.6143e+08,0,7.0374e+08,9.2544e+08,9.0092e+08,6.7974e+08,5.9607e+08,0,0,6.2141e+08,0,0,3.6236e+08,6.1097e+08,0,0,0,0,3.3355e+08,8.8122e+08,0,6.6612e+08,0,0,0,0,5.364e+08,7.5916e+08,1.3524e+08,0,0,0,9.0211e+08,6.5674e+08,6.069e+08,4.5846e+08,5.3196e+08,1.0402e+09,6.7125e+08,7.5777e+08,0,4.4284e+08,5.6538e+08,6.7186e+08,0,0,0,7.8013e+08,0,3.7836e+08,0,9.7742e+08,0,6.2936e+08,4.8286e+08,0,5.0544e+08,0,0,0,0,0,3.0032e+08,0,5.1895e+08,2.1589e+08,4.7434e+08,0,6.8398e+08,5.8634e+08,4.0979e+08,0,0,7.1312e+08,0,4.2462e+08,0,0,4.6958e+08,5.0886e+08,3.9618e+08,3.8332e+08,0,0,1.0892e+09,1.1404e+09,6.5113e+08,0,6.674e+08,0,4.1823e+08,0,7.7625e+08,0,5.8628e+08,0,9.9964e+08,3.2541e+08,0,1.9087e+08,0,0,8.7065e+08,0,0,0,0,9.8568e+08,0,0,6.7669e+08,0,0,0,3.132e+08,9.0857e+08,5.9421e+08,0,0,2.1938e+08,7.2174e+08,7.3732e+08,0,0,5.8828e+08,0,2.1943e+08,5.9758e+08,4.6393e+08,0,0,9.3392e+08,0,7.9575e+08,0,0,0,0,4.7131e+08,5.552e+08,4.0072e+08,0,5.4891e+08,7.03e+08,0,0,6.325e+08,6.4255e+08,7.7383e+08,7.4442e+08,8.4241e+08,0,2.2563e+08,0,0,0,3.5704e+08,9.2739e+08,6.2833e+08,0,8.0578e+08,3.9801e+08,0
0,0,0,0,0,0,0,0,0,0,0,0,0,0,0,0,0,0,0,0,0,0,0,0,0,0,0,0,0,0,0,0,0,0,0,0,0,0,0,0,0,0,0,0,0,0,0,0,0,0,0,0,0,0,0,0,0,0,0,0,0,0,0,0,0,0,0,0,0,0,0,0,0,0,0,0,0,0,0,0,0,0,0,0,0,0,0,0,0,0,0,0,0,0,0,0,0,0,0,0,0,0,0,0,0,0,0,0,0,0,0,0,0,0,0,0,0,0,0,0,0,0,0,0,0,0,0,0,0,0,0,0,0,0,0,0,0,0,0,0,0,0,0,0,0,0,0,0,0,0,0,0,0,0,0,0,0,0,0,0,0,0,0,0,0,0,0,0,0,0,0,0,0,0,0,0,0,0,0,0,0,0,0,0,0,0,0,0,0,0,0,0,0,0,0,0,0,0,0,0
0,0,0,0,0,0,0,0,0,0,0,0,0,0,0,0,0,0,0,0,0,0,0,0,0,0,0,0,0,0,0,0,0,0,0,0,0,0,0,0,0,0,0,0,0,0,0,0,0,0,0,0,0,0,0,0,0,0,0,0,0,0,0,0,0,0,0,0,0,0,0,0,0,0,0,0,0,0,0,0,0,0,0,0,0,0,0,0,0,0,0,0,0,0,0,0,0,0,0,0,0,0,0,0,0,0,0,0,0,0,0,0,0,0,0,0,0,0,0,0,0,0,0,0,0,0,0,0,0,0,0,0,0,0,0,0,0,0,0,0,0,0,0,0,0,0,0,0,0,0,0,0,0,0,0,0,0,0,0,0,0,0,0,0,0,0,0,0,0,0,0,0,0,0,0,0,0,0,0,0,0,0,0,0,0,0,0,0,0,0,0,0,0,0,0,0,0,0,0,0
0,0,0,0,0,0,0,0,0,0,0,0,0,0,0,0,0,0,0,0,0,0,0,0,0,0,0,0,0,0,0,0,0,0,0,0,0,0,0,0,0,0,0,0,0,0,0,0,0,0,0,0,0,0,0,0,0,0,0,0,0,0,0,0,0,0,0,0,0,0,0,0,0,0,0,0,0,0,0,0,0,0,0,0,0,0,0,0,0,0,0,0,0,0,0,0,0,0,0,0,0,0,0,0,0,0,0,0,0,0,0,0,0,0,0,0,0,0,0,0,0,0,0,0,0,0,0,0,0,0,0,0,0,0,0,0,0,0,0,0,0,0,0,0,0,0,0,0,0,0,0,0,0,0,0,0,0,0,0,0,0,0,0,0,0,0,0,0,0,0,0,0,0,0,0,0,0,0,0,0,0,0,0,0,0,0,0,0,0,0,0,0,0,0,0,0,0,0,0,0
0,0,0,0,0,0,0,0,0,0,0,0,0,0,0,0,0,1.1421e+08,0,0,0,0,0,0,0,0,0,0,0,0,0,0,0,0,0,0,0,0,0,0,0,0,0,0,0,0,0,0,0,0,0,0,0,0,0,0,0,0,0,0,0,0,0,0,0,0,0,0,0,0,0,0,0,0,0,0,0,9.2704e+07,0,0,0,0,0,0,0,0,0,0,0,0,0,0,0,0,0,0,0,0,0,0,1.0575e+08,0,0,0,0,0,0,0,0,0,0,0,0,0,0,0,0,0,0,0,0,0,0,0,0,0,0,1.1427e+08,0,0,0,0,0,0,0,0,0,0,2.899e+08,0,3.5813e+07,0,0,0,0,0,0,0,0,0,0,0,0,0,0,0,0,0,0,0,0,0,0,0,0,0,0,1.4044e+07,0,0,0,0,0,0,7.6777e+07,0,0,0,0,0,0,0,0,0,0,0,0,5.9994e+07,0,0,0,0,0,0,0,0,0,0,1.4024e+08,0.015156
0,0,0,0,0,0,0,0,0,0,0,0,0,0,0,0,0,0,0,0,0,0,0,0,0,0,0,0,0,0,0,0,0,0,0,0,0,0,0,0,0,0,0,0,0,0,0,0,0,0,0,0,0,0,0,0,0,0,0,0,0,0,0,0,0,0,0,0,0,0,0,0,0,0,0,0,0,0,0,0,0,0,0,0,0,0,0,0,0,0,0,0,0,0,0,0,0,0,0,0,0,0,0,0,0,0,0,0,0,0,0,0,0,0,0,0,0,0,0,0,0,0,0,0,0,0,0,0,0,0,0,0,0,0,0,0,0,0,0,0,0,0,0,0,0,0,0,0,0,0,0,0,0,0,0,0,0,0,0,0,0,0,0,0,0,0,0,0,0,0,0,0,0,0,0,0,0,0,0,0,0,0,0,0,0,0,0,0,0,0,0,0,0,0,0,0,0,0,0,0
0,1.435e+07,5.6785e+08,4.2525e+07,3.0169e+08,0,2.8293e+08,0,3.6586e+08,0,0,0,0,1.1066e+05,0,0,0,0,0,0,1.9296e+08,1.2492e+08,0,0,0,0,1.2353e+08,0,0,0,0,3.8011e+07,0,4.7224e+08,0,0,0,0,0,0,0,0,5.9553e+08,0,3.9479e+08,0,0,0,0,3.4581e+07,0,0,0,0,0,0,0,5.01e+08,0,0,0,0,0,0,0,0,0,0,2.1072e+08,0,0,0,0,0,0,2.2815e+08,0,0,1.9107e+08,0,0,0,1.9659e+08,0,0,5.3309e+08,0,0,0,0,2.3499e+08,0,3.6317e+08,0,6.6341e+08,0,0,0,5.9198e+08,0,0,0,3.944e+08,0,0,0,5.1306e+07,0,0,0,0,0,0,6.1641e+07,0,0,0,0,0,0,0,0,0,0,0,0,4.0447e+07,0,0,0,0,0,0,0,4.3919e+08,0,0,3.4806e+08,3.7046e+08,0,0,0,1.45e+07,0,0,0,2.4453e+08,0,4.7244e+08,0,0,0,2.19e+08,0,3.7214e+07,0,8.3165e+08,0,0,4.5203e+08,0,0,0,0,5.0924e+08,0,0,0,0,0,0,2.7198e+08,0,0,0,0,0,0,0,0,0,0,0,0,0,0,0,0,3.389e+08,0,0,1.3585e+08,0,2.3612e+08,0,1.8262e+08,0,0,0,2.1573e+08
0,0,0,0,0,0,0,0,0,0,0,0,0,0,0,0,0,0,0,0,0,0,0,0,1.4597e+08,0,0,0,0,0,0,0,0,0,0,0,0,0,0,0,0,0,0,0,0,0,0,0,0,0,1.1178e+08,0,0,0,0,0,0,0,0,0,0,0,2.7977e+08,0,0,0,0,0,0,0,0,0,0,0,0,0,0,0,0,0,0,0,0,0,1.1606e+08,0,0,0,3.4674e+08,1.2769e+08,0,0,0,0,0,0,0,0,0,0,0,0,0,0,0,0,0,0,0,0,0,0,0,0,0,8.281e+07,0,0,0,0,0,0,0,0,0,0,0,0,0,0,0,0,0,0,0,0,0,0,0,0,0,0,0,0,0,0,0,0,0,2.065e+06,0,0,0,0,0,0,0,0,6.072e+07,0,5.3159e+07,0,0,0,1.3174e+08,0,0,0,0,0,0,0,0,0,0,0,0,0,0,0,0,0,0,0,0,0,0,0,0,0,0,0,0,0,0,0,0,0,0,0
0,0,0,0,0,0,0,0,0,0,0,0,0,0,0,0,0,0,0,0,0,0,0,0,2.7959e+07,0,0,0,0,0,0,0,0,0,0,0,1.5877e+08,0,0,0,0,0,0,0,0,0,0,0,0,0,0,0,0,0,0,0,0,0,0,0,0,0,0,0,0,0,0,0,0,0,0,0,0,0,0,0,0,0,0,0,0,0,0,0,0,0,0,0,0,0,0,0,0,0,0,0,0,0,0,0,0,0,0,0,0,0,0,0,0,0,0,0,0,0,0,0,0,0,0,0,0,0,0,0,0,0,0,0,0,0,0,0,0,0,0,0,0,0,0,0,0,0,0,0,0,0,0,0,0,0,0,0,0,0,0,0,0,0,0,0,0,0,0,0,0,0,0,0,0,0,0,0,0,0,9.2529e+07,0,0,0,0,0,0,0,0,0,0,0,0,0,0,0,0,0,0,0,0,0,0,0,0,0
0,0,0,0,0,0,0,0,0,0,0,0,0,0,0,0,0,0,0,0,0,0,0,0,0,0,0,0,0,0,0,0,0,0,0,0,0,0,0,0,0,0,0,0,0,0,0,0,0,0,0,0,0,0,0,0,0,0,0,0,0,0,0,0,0,0,0,0,0,0,0,0,0,0,0,0,0,0,0,0,0,0,0,0,0,0,0,0,0,0,0,0,0,0,0,0,0,0,0,0,0,0,0,0,0,0,0,0,0,0,0,0,0,0,0,0,0,0,0,0,0,0,0,0,0,0,0,0,0,0,0,0,0,0,0,0,0,0,0,0,0,0,0,0,0,0,0,0,0,0,0,0,0,0,0,0,0,0,0,0,0,0,0,0,0,0,0,0,0,0,0,0,0,0,0,0,0,0,0,0,0,0,0,0,0,0,0,0,0,0,0,0,0,0,0,0,0,0,0,0
0,0,0,0,0,0,0,0,0,0,0,0,5.1005e+07,0,0,0,0,0,0,0,0,0,0,0,0,0,0,0,0,0,0,0,0,0,0,0,0,0,0,0,0,0,0,0,0,0,0,0,0,0,0,0,0,0,0,0,0,0,0,0,0,0,0,0,0,0,0,0,0,0,0,0,0,0,0,0,0,0,0,0,0,0,0,0,0,0,0,0,0,0,0,0,0,0,0,0,0,0,0,0,0,0,0,0,0,0,0,0,0,0,0,0,0,0,0,0,0,0,0,0,0,0,0,0,0,0,0,0,0,0,0,0,1.8369e+08,0,0,0,0,0,0,0,0,0,0,0,0,0,0,0,0,0,0,0,8.3967e+07,0,0,0,0,0,0,0,0,0,0,0,0,9.7375e+07,0,0,0,0,0,0,0,0,0,0,0,0,0,0,0,0,0,0,0,0,0,0,0,0,0,0,0,0,0,0,0,0,0,0
0,0,0,0,0,0,0,0,0,0,0,0,0,0,0,0,0,0,0,0,0,0,0,0,0,0,0,0,0,0,0,0,0,0,0,0,0,0,0,0,0,0,0,0,0,0,0,0,0,0,0,0,0,0,0,0,0,0,0,0,0,0,0,0,0,0,0,0,0,0,0,0,0,0,0,0,0,0,0,0,0,0,0,0,0,0,0,0,0,0,0,0,0,0,0,0,0,0,0,0,0,0,0,0,0,0,0,0,0,0,0,0,0,0,0,0,0,0,0,0,0,0,0,0,0,0,0,0,0,0,0,0,0,0,0,0,0,0,0,0,0,0,0,0,0,0,0,0,0,0,0,0,0,0,0,0,0,0,0,0,0,0,0,0,0,0,0,0,0,0,0,0,0,0,0,0,0,0,0,0,0,0,0,0,0,0,0,0,0,0,0,0,0,0,0,0,0,0,0,0
