0,0,0,0,0,0,0,0,0,0,0,0,0,0,0,0,0,0,0,0,0,0,0,0,0,0,0,0,0,0,0,0,0,0,0,0.021343,0,0,0,0,0,0,0,0,0,0,0,0,0,0,0,0,0,0,0,0,0,0,0,0,0,0,0,0,0,0,0,0,0,0,0,0,0,0,0,0,0,0,0,0,0,0,0,0,0,0,0,0,0,0,0,0,0,0,0,0,0,0,0,0,0,0,0,0,0,0,0,0,0,0,0,0,0,0,0,0,0,0,0,0,0,0,0,0,0,0,0,0,0,0,0,0,0,0,0,0,0,0,0,0,0,0,0,0,0,0,0,0,0,0,0,0,0,0,0,0,0,0,0,0,0,0,0,0,0,0,0,0,0,0,0,0,0,0,0,0,0,0,0,0,0,0,0,0,0,0,0,0,0,0,0,0,0,0,0,0,0,0,0,0
0,0,0,0,0,0,0.034155,0,0,0,0,0,0,0,0.020475,0,2.3288e-10,0,0,0,0,0,0,0,0,0.036763,0,0,0,0,0,0,0,0,0,0.014297,0,0,0.037462,0,0,0,0,0,0,0,0,0,0,0,0,0,0,0,0,0,0,0,0,0,0,0,0,0,0,0,0,0,0,0,0,0,0,0,0,0,0,0,0,0.030175,0,0,0,0,0.011281,0,0,0,0,0,0,0,0,0,0,0,0,0,0,0,0.025564,0,0,0,0,0,0,0,0,0,0,0,0,0,0,0,0,0,0.030707,0,0,0,0,0,0,0,0,0,0,0,0,0,0,0,0,0.030271,0,0,0,0,0,0,0,0,0,0.026649,0,0,0,0,0,0,0,0,0,0,0,0,0,0,0,0,0,0,0,0,0,0,0,0,0,0,0,0,0,0,0,0,0,0,0,0,0,0,0,0,0,0,0,0,0,0,0,0,0,0.033776,0,0,0,0
0,0,0,0,0,0,0,0,0,0,0,0,0,0,0,0,0,0,0,0,0,0,0,0,0,0,0,0,0,0,0,0,0,0,0,0,0,0,0,0,0,0,0,0,0,0,0,0,0,0,0,0,0,0,0,0,0,0,0,0,0,0,0,0,0,0,0,0,0,0,0,0,0,0,0,0,0,0,0,0,0,0,0,0,0,0,0,0,0,0,0,0,0,0,0,0,0,0,0,0,0,0,0,0,0,0,0,0,0,0,0,0,0,0,0,0,0,0,0,0,0,0,0,0,0,0,0,0,0,0,0,0,0,0,0,0,0,0,0,0,0,0,0,0,0,0,0,0,0,0,0,0,0,0,0,0,0,0,0,0,0,0,0,0,0,0,0,0,0,0,0,0,0,0,0,0,0,0,0,0,0,0,0,0,0,0,0,0,0,0,0,0,0,0,0,0,0,0,0,0
0,0,0.068633,0.0080322,0,0,0,0,0,0.012943,0,0,0,0,0,0,0,0,0.033604,0,0,0,0,0,0.021918,0,0,0,0,0.029057,0,0,0,0,0.062183,0.05626,0,0.047323,0,0,0,0.012303,0,0,0,0.031154,0.031045,0,0,0,0,0,0,0,0.035644,0,0,0,0,0,0.0049993,0.029376,0,0,0,0,0,0.022896,0,0,0,0,0,0,0,0,0,0,0.047647,0,0.016037,0,0,0.0030203,0,0,0,0,0.031737,0,0.035473,0,0.031183,0.025518,0,0,0,0,0,0,0,0,0,0.044973,0,0,0,0.046994,0,0,0,0,0,0,0,0,0,0,0,0,0,0,0,0,0.045451,0,0.0045182,0,0.050332,0,0,0,0,0,0,0,0,0,0,0.056714,0,0,0.019316,0,0,0,0.016784,0,0,0.016989,0,0,0,0,0,0,0,0.017621,0,0,0,0,0.037945,0,0,0,0,0,0.017161,0,0,0,0,0,0.0028674,0,0,0.002309,0,0,0,0.049133,0,0.034736,0,0.036072,0,0,0,0,0,0,0,0.032819,0,0,0,0,0,0
0,0,0,0,0,0,0,0,0,0,0,0,0,0,0,0,0,0,0,0,0,0,0,0,0,0,0,0,0,0,0,0,0,0,0,0,0,0,0,0,0,0,0,0,0,0,0,0,0,0,0,0,0,0,0,0,0,0,0,0,0,0,0,0,0,0,0,0,0,0,0,0,0,0,0,0,0,0,0,0,0,0,0,0,0,0,0,0,0,0,0,0,0,0,0,0,0,0,0,0,0,0,0,0,0,0,0,0,0,0,0,0,0,0,0,0,0,0,0,0,0,0,0,0,0,0,0,0,0,0,0,0,0,0,0,0,0,0,0,0,0,0,0,0,0,0,0,0,0,0,0,0,0,0,0,0,0,0,0,0,0,0,0,0,0,0,0,0,0,0,0,0,0,0,0,0,0,0,0,0,0,0,0,0,0,0,0,0,0,0,0,0,0,0,0,0,0,0,0,0
0,0,0,0,0,0,0,0,0,0,0,0,0,0,0,0,0,0,0,0,0,0,0,0,0,0,0,0,0,0,0,0,0,0,0,0,0,0,0,0,0,0,0,0,0,0,0,0,0,0,0,0,0,0,0,0,0,0,0,0,0,0,0,0,0,0,0,0,0,0,0,0,0,0,0,0,0,0,0,0,0,0,0,0,0,0,0,0,0,0,0,0,0,0,0,0,0,0,0,0,0,0,0,0,0,0,0,0,0,0,0,0,0,0,0,0,0,0,0,0,0,0,0,0,0,0,0,0,0,0,0,0,0,0,0,0,0,0,0,0,0,0,0,0,0,0,0,0,0,0,0,0,0,0,0,0,0,0,0,0,0,0,0,0,0,0,0,0,0,0,0,0,0,0,0,0,0,0,0,0,0,0,0,0,0,0,0,0,0,0,0,0,0,0,0,0,0,0,0,0
0,0,0,0,0,0,0,0,0,0,0,0,0,0,0,0,0,0,0,0,0,0,0,0,0,0,0,0,0,0,0,0,0,0,0,0,0,0,0,0,0,0,0,0,0,0,0,0,0,0,0,0,0,0,0,0,0,0,0,0,0,0,0,0,0,0,0,0,0,0,0,0,0,0,0,0,0,0,0,0,0,0,0,0,0,0,0,0,0,0,0,0,0,0,0,0,0,0,0,0,0,0,0,0,0,0,0,0,0,0,0,0,0,0,0,0,0,0,0,0,0,0,0,0,0,0,0,0,0,0,0,0,0,0,0,0,0,0,0,0,0,0,0,0,0,0,0,0,0,0,0,0,0,0,0,0,0,0,0,0,0,0,0,0,0,0,0,0,0,0,0,0,0,0,0,0,0,0,0,0,0,0,0,0,0,0,0,0,0,0,0,0,0,0,0,0,0,0,0,0
0,0,0,0,0,0,0,0,0,0,0,0,0,0,0,0,0,0,0,0,0,0,0,0,0,0,0,0,0,0,0,0,0,0,0,0,0,0,0,0,0,0,0,0,0,0,0,0,0,0,0,0,0,0,0,0,0,0,0,0,0,0,0,0,0,0,0,0,0,0,0,0,0,0,0,0,0,0,0,0,0,0,0,0,0,0,0,0,0,0,0,0,0,0,0,0,0,0,0,0,0,0,0,0,0,0,0,0,0,0,0,0,0,0,0,0,0,0,0,0,0,0,0,0,0,0,0,0,0,0,0,0,0,0,0,0,0,0,0,0,0,0,0,0,0,0,0,0,0,0,0,0,0,0,0,0,0,0,0,0,0,0,0,0,0,0,0,0,0,0,0,0,0,0,0,0,0,0,0,0,0,0,0,0,0,0,0,0,0,0,0,0,0,0,0,0,0,0,0,0
0.04466,0,0,0,0,0,0.016673,0,0,0.046317,0,0,0.045898,0,0,0,0,0,0,0,0,0,0.025458,0.0048019,0.007539,0,0,0,0,0,0.050224,0,0.023994,0.053346,0.0088623,0,0.038977,0,0,0,0,0,0.00045898,0,0,0,0,0,0,0,0.011546,0.030566,0,0,0.011649,0,0,0,0.035202,0,0.02044,0.044283,0,0,0,0,0,0,0,0,0,0.022866,0,0.016124,0.0083094,0.027565,0,0.027841,0,0,0.0081028,0.011547,0.029945,0,0,0,0.038722,0.029929,0,0,0,0,0.024867,0,0,0.0076139,0,0,0,0,0.03906,0,0,0,0.027071,0,0,0,0,0.01139,0.0038592,0,0,0.0075589,0,0,0,0.0033747,0.014616,0,0,0,0,0,0,0.014886,0,0,0,0,0.010685,0.040768,0.0033192,0,0,0,0.0050563,0.011774,0.0077393,0.0187,0,0,0,0,0,0,0,0,0,0.027946,0,0,0.015547,0,0,0,0,0,0,0,0,0,0,0,0,0.019788,0,0,0,0,0,0,0,0,0,0,0,0,0.049242,0,0,0,0,0,0,0,0,0,0,0.062527,0,0,0,0,0.0049721,0.032011,0.02594,0,0,0.0055379
0.16049,0.19337,0.14516,0.1458,0.18129,0.17129,0.1565,0.1359,0.19875,0.17273,0.16489,0.15335,0.13203,0.18148,0.18948,0.16132,0.16681,0.10867,0.14179,0.16378,0.18519,0.13245,0.19604,0.18074,0.13569,0.16892,0.18878,0.15374,0.15003,0.1497,0.13897,0.17189,0.15182,0.15499,0.15229,0.18001,0.135,0.19474,0.14261,0.13833,0.20384,0.18062,0.10048,0.11689,0.1555,0.17706,0.16554,0.19911,0.18882,0.21046,0.14652,0.15669,0.24114,0.18035,0.17428,0.1836,0.18438,0.14697,0.14347,0.14593,0.15319,0.1521,0.15114,0.16106,0.19624,0.19097,0.18405,0.13451,0.12036,0.176,0.16959,0.14444,0.11347,0.17593,0.15309,0.16791,0.16833,0.16484,0.2049,0.1056,0.11824,0.14204,0.15043,0.22057,0.17224,0.14902,0.20022,0.15568,0.17746,0.18226,0.19337,0.18652,0.16078,0.15586,0.16554,0.14967,0.14823,0.16836,0.12003,0.19917,0.14676,0.19272,0.18795,0.16181,0.11406,0.15794,0.13334,0.097,0.11018,0.17263,0.14145,0.15434,0.1515,0.1658,0.19178,0.17048,0.13447,0.15171,0.1597,0.13989,0.1875,0.19676,0.18043,0.17135,0.14793,0.16753,0.12749,0.17416,0.15556,0.13585,0.16553,0.14801,0.19624,0.1388,0.15396,0.12556,0.16562,0.17468,0.1247,0.13201,0.17128,0.18152,0.19361,0.17162,0.16986,0.12835,0.19522,0.15621,0.086051,0.20757,0.12906,0.12495,0.12281,0.18517,0.16518,0.175,0.19058,0.15207,0.16047,0.16074,0.18405,0.19712,0.17912,0.15787,0.14956,0.17316,0.17107,0.13149,0.13058,0.1333,0.19306,0.14851,0.18755,0.15191,0.21913,0.16762,0.17453,0.14126,0.16972,0.18356,0.21181,0.18578,0.19677,0.15741,0.17659,0.12099,0.15014,0.1935,0.18158,0.16041,0.16542,0.15824,0.11545,0.1671,0.1659,0.14327,0.16969,0.19077,0.18223,0.12101
0,0,0.045386,0.037899,0.034222,0.11738,0.032416,0.088067,0.055836,0.026172,0.098737,0.085346,0.017629,0,0.071943,0.086441,0.08156,0.089037,0.089112,0.063058,0,0.041694,0.025522,0.048484,0.03499,0.11056,0.086035,0.047446,0.11716,0.0061559,0,0.083158,0.091137,0.024264,0.083074,0.077239,0,0.083638,0.060485,0.096738,0.072299,0.042905,0.10742,0.056971,0.046063,0.065886,0,0,0,0.062394,0.078266,0.094163,0.044193,0.050575,0.062178,0.056107,0.07101,0,0.060407,0.073507,0.048195,0.035452,0.063731,0,0.10077,0.072356,0.07901,0.068353,0.077506,0.031457,0.092661,0,0,0.015284,0.10871,0.039682,0.096847,0.033621,0.040081,0.10697,0.098723,0.071316,0.027826,0,0.055018,0.028982,0.0031655,0.08805,0.032419,0.065729,0.089582,0.079428,0.037721,0,0.054243,0.054206,0.09825,0.066691,0.071433,0.030277,0.054646,0.059977,0.054031,0.062682,0.028192,0.084688,0.12225,0.080979,0.010025,0.070497,0.064087,0.042613,0.084055,0.082426,0.033004,0,0.058984,0.020415,0.046569,0.07895,0.058623,0.084358,0.024989,0.058052,0,0.069554,0.064344,0.072,0,0.069261,0.0096971,0,0,0.073485,0.091282,0.055397,0,0.073998,0.084759,0.083848,0.069914,0.086976,0.082649,0.040348,0.10091,0.094613,0.063376,0.032635,0.091942,0.03774,0.065104,0.070288,0.059599,0.064764,0.072703,0.025039,0,0.041438,0.048739,0.082517,0.092764,0.070526,0.09067,0.052593,0.038649,0.013103,0.086152,0.082717,0.081345,0,0.023394,0.06229,0.047459,0,0.077578,0.071871,0.046298,0.074296,0.073645,0.077815,0.094095,0.092907,0.10244,0,0.071904,0.050677,0.12008,0.085032,0,0.042661,0.047668,0.032281,0.067056,0.086056,0,0.027593,0.0082831,0.059162,0.016844,0.00098823
0,0,0,0,0,0,0,0,0,0,0,0,0,0,0,0,0,0,0,0,0,0,0,0,0,0,0,0,0,0,0,0,0,0,0,0,0,0,0,0,0,0,0,0,0,0,0,0,0,0,0,0,0,0,0,0,0,0,0,0,0,0,0,0,0,0,0,0,0,0,0,0,0,0,0,0,0,0,0,0,0,0,0,0,0,0,0,0,0,0,0,0,0,0,0,0,0,0,0,0,0,0,0,0,0,0,0,0,0,0,0,0,0,0,0,0,0,0,0,0,0,0,0,0,0,0,0,0,0,0,0,0,0,0,0,0,0,0,0,0,0,0,0,0,0,0,0,0,0,0,0,0,0,0,0,0,0,0,0,0,0,0,0,0,0,0,0,0,0,0,0,0,0,0,0,0,0,0,0,0,0,0,0,0,0,0,0,0,0,0,0,0,0,0,0,0,0,0,0,0
0,0,0,0,0,0,0,0,0,0,0,0,0,0,0,0,0,0,0,0,0,0,0,0,0,0,0,0,0,0,0,0,0,0,0,0,0,0,0,0,0,0,0,0,0,0,0,0,0,0,0,0,0,0,0,0,0,0,0,0,0,0,0,0,0,0,0,0,0,0,0,0,0,0,0,0,0,0,0,0,0,0,0,0,0,0,0,0,0,0,0,0,0,0,0,0,0,0,0,0,0,0,0,0,0,0,0,0,0,0,0,0,0,0,0,0,0,0,0,0,0,0,0,0,0,0,0,0,0,0,0,0,0,0,0,0,0,0,0,0,0,0,0,0,0,0,0,0,0,0,0,0,0,0,0,0,0,0,0,0,0,0,0,0,0,0,0,0,0,0,0,0,0,0,0,0,0,0,0,0,0,0,0,0,0,0,0,0,0,0,0,0,0,0,0,0,0,0,0,0
0,0,0,0,0,0,0.038907,0,0,0,0,0,0,0,0,0,0,0,0,0,0,0,0,0.015768,0,0.013692,0,0,0,0,0.007164,0,0,0,0,0,0,0,0,0,0,0,0,0,0,0,0,0.032236,0,0,0,0,0,0,0,0,0,0,0,0,0,0.017762,0,0,0,0,0.016446,0,0,0,0,0,0,0,0,0,0,0,0,0,0,0,0,0,0,0,0,0,0,0,0,0,0,0,0,0,0,0,0.05201,0,0,0,0,0,0,0.01568,0,0.040391,0,0,0,0,0,0,0,0,0.037389,0,0.019885,0,0,0,0.00056912,0.022913,0,0,0,0,0,0,0,0,0,0,0,0,0.012967,0,0.04771,0,0,0,0,0,0,0,0,0,0.041312,0,0,0,0,0,0,0,0,0,0,0,0,0,0,0,0,0,0,0.053973,0,0,0,0,0,0,0.04948,0.011117,0,0,0,0,0,0,0,0,0,0,0,0,0,0,0,0,0,0,0,0,0,0,0,0
0,0,0,0.010375,0,0,0,0,0,0.045718,0,0,0,0,0,0,0,0,0,0,0,0,0,0,0,0,0,0,0,0,0,0,0,0,0,0,0,0,0.051801,0,0,0,0,0,0,0,0.0037404,0,0,0,0,0,0,0,0.029635,0,0,0,0,0,0,0,0,0,0,0,0,0,0,0,0,0,0,0,0,0,0,0,0,0,0,0,0,0,0,0,0,0,0,0,0,0,0.016564,0,0,0,0,0,0,0,0,0,0,0,0,0,0,0,0,0,0,0,0,0.022601,0,0,0,0,0,0,0,0,0,0,0,0,0,0,0,0,0,0,0,0,0,0,0,0,0,0,0,0,0,0,0,0,0.034002,0,0,0,0,0,0,0,0,0,0,0,0,0,0,0,0,0,0,0,0,0,0,0,0,0,0,0,0,0,0,0,0,0,0,0,0,0,0,0,0,0,0,0,0,0,0,0,0,0,0,0,0,0
0,0,0,0,0,0,0,0,0,0,0,0,0,0,0,0,0,0,0,0,0,0,0,0,0,0,0,0,0,0,0,0,0,0,0,0,0,0,0,0,0,0,0,0,0,0,0,0,0,0,0,0,0,0,0,0,0,0,0,0,0,0,0,0,0,0,0,0,0,0,0,0,0,0,0,0,0,0,0,0,0,0,0,0,0,0,0,0,0,0,0,0,0,0,0,0,0,0,0,0,0,0,0,0,0,0,0,0,0,0,0,0,0,0,0,0,0,0,0,0,0,0,0,0,0,0,0,0,0,0,0,0,0,0,0,0,0,0,0,0,0,0,0,0,0,0,0,0,0,0,0,0,0,0,0,0,0,0,0,0,0,0,0,0,0,0,0,0,0,0,0,0,0,0,0,0,0,0,0,0,0,0,0,0,0,0,0,0,0,0,0,0,0,0,0,0,0,0,0,0
0,0,0,0,0,0,0,0,0,0,0,0,0,0,0,0,0,0,0,0,0,0,0,0,0,0,0,0,0,0,0,0,0,0,0,0,0,0,0,0,0,0,0,0,0,0,0,0,0,0,0,0,0,0,0,0,0,0,0,0,0,0,0,0,0,0,0,0,0,0,0,0,0,0,0,0,0,0,0,0,0,0,0,0,0,0,0,0,0,0,0,0,0,0,0,0,0,0,0,0,0,0,0,0,0,0,0,0,0,0,0,0,0,0,0,0,0,0,0,0,0,0,0,0,0,0,0,0,0,0,0,0,0,0,0,0,0,0,0,0,0,0,0,0,0,0,0,0,0,0,0,0,0,0,0,0,0,0,0,0,0,0,0,0,0,0,0,0,0,0,0,0,0,0,0,0,0,0,0,0,0,0,0,0,0,0,0,0,0,0,0,0,0,0,0,0,0,0,0,0
0,0,0,0,0,0,0,0,0,0,0,0,0,0,0,0,0,0,0,0,0,0,0.011356,0,0,0,0,0,0,0,0,0,0,0,0.0029463,0,0,0,0,0,0,0,0,0,0,0,0,0,0,0.02472,0,0,0,0,0,0,0,0,0,0,0,0,0,0,0,0,0,0,0,0,0,0,0,0,0,0,0,0,0,0,0,0,0,0,0,0,0.015387,0,0,0,0,0,0,0,0,0,0,0,0,0,0,0,0,0,0,0,0,0,0,0,0,0,0,0,0,0,0,0,0,0,0,0,0,0,0,0,0,0,0,0,0,0,0,0.015749,0,0,0,0,0,0.013907,0,0,0,0,0,0,0,0,0,0,0,0,0,0,0,0,0,0,0,0,0,0,0,0,0,0,0,0,0,0,0,0,0,0,0,0,0,0,0,0,0,0,0,0,0,0,0,0.017739,0,0,0,0,0,0,0,0,0,0,0,0
0,0,0,0,0,0,0,0,0,0,0,0,0,0,0,0,0,0,0,0,0,0,0,0,0,0,0,0,0,0,0,0,0,0,0,0,0,0,0,0,0,0,0,0,0,0,0,0,0,0,0,0,0,0,0,0,0,0,0,0,0,0,0,0,0,0,0,0,0,0,0,0,0,0,0,0,0,0,0,0,0,0,0,0,0,0,0,0,0,0,0,0,0,0,0,0,0,0,0,0,0,0,0,0,0,0,0,0,0,0,0,0,0,0,0,0,0,0,0,0,0,0,0,0,0,0,0,0,0,0,0,0,0,0,0,0,0,0,0,0,0,0,0,0,0,0,0,0,0,0,0,0,0,0,0,0,0,0,0,0,0,0,0,0,0,0,0,0,0,0,0,0,0,0,0,0,0,0,0,0,0,0,0,0,0,0,0,0,0,0,0,0,0,0,0,0,0,0,0,0
0,0,0,0,0,0,0,0,0.034399,0.011627,0.014451,0.034977,0,0,0,0,0,0,0,0,0,0,0,0,0,0.041817,0.034102,0,0,0.032299,0,0,0,0,0,0,0.031369,0,0,0,0,0.010396,0,0,0,0,0.00044097,0,0,0,0,0,0,0,0,0,0,0.037967,0,0,0,0.0070759,0,0,0,0,0.0084064,0.029293,0,0,0,0.01542,0,0,0,0,0,0,0,0,0,0.0033832,0,0,0,0,0,0,0,0,0.0081593,0,0.014983,0,0,0.044903,0.02304,0,0,0,0,0.041509,0,0,0,0,0,0,0,0,0,0,0,0,0,0,0,0,0,0,0,0,0.017888,0,0.0085544,0,0,0,0.034156,0,0.025184,0,0,0.0196,0,0,0,0,0,0,0,0,0.025064,0,0,0,0.024814,0,0,0,0,0,0,0,0,0,0,0,0,0.032134,0,0,0.019914,0,0,0,0,0,0,0,0,0,0,0,0,0,0,0,0.023332,0,0,0,0,0.0061559,0,0.0096531,0,0,0,0,0.035677,0,0,0,0.01339,0,0.022553,0,0.0073293,0
0,0,0,0,0,0,0,0,0,0,0,0,0,0,0,0,0,0,0,0,0,0,0,0,0,0,0,0,0,0,0,0,0,0,0,0,0,0,0,0,0,0,0,0,0,0,0,0,0,0,0,0,0,0,0,0,0,0,0,0,0,0,0,0,0,0,0,0,0,0,0,0,0,0,0,0,0,0,0,0,0,0,0,0,0,0,0,0,0,0,0,0,0,0,0,0,0,0,0,0,0,0,0,0,0,0,0,0,0,0,0,0,0,0,0,0,0,0,0,0,0,0,0,0,0,0,0,0,0,0,0,0,0,0,0,0,0,0,0,0,0,0,0,0,0,0,0,0,0,0,0,0,0,0,0,0,0,0,0,0,0,0,0,0,0,0,0,0,0,0,0,0,0,0,0,0,0,0,0,0,0,0,0,0,0,0,0,0,0,0,0,0,0,0,0,7.2976e-05,0,0,0,0
0,0,0,0,0,0,0,0,0,0.017368,0,0,0,0,0,0,0,0,0,0,0,0,0,0,0.012023,0,0,0,0,0,0,0,0,0,0,0,0.028533,0,0,0,0,0,0,0,0,0,0,0,0,0,0,0,0,0,0,0,0,0,0.012298,0,0.023252,0,0.018188,0,0,0,0,0,0,0,0,0,0,0,0,0,0.031838,0,0,0,0,0,0,0,0,0,0,0,0.014062,0,0,0,0,0,0,0,0,0,0,0,0,0,0,0,0,0,0,0,0,0,0.028514,0,0,0,0,0,0,0,0.023775,0,0,0,0,0,0,0,0,0,0,0,0,0,0,0,0,0.0040784,0,0,0,0,0,0,0,0,0,0,0.02421,0,0,0,0,0,0,0,0,0,0,0,0,0,0,0,0,0,0,0,0,0,0,0,0,0,0,0,0,0,0,0,0,0,0,0,0,0,0,0,0,0,0,0,0,0,0,0,0,0,0,0,0,0
0.04525,0,0,0.021363,0.049225,0.046239,0.050125,0.04988,0.037361,0,0,0.03211,0.029379,0,0.028736,0.030225,0.044511,0.039501,0,0.028897,0.061229,0.033827,0.030689,0.044884,0.043458,0.044836,0.037673,0,0,0,0.035049,0.047478,0.027648,0.024963,0,0,0,0.015116,0,0,0,0.047695,0,0.051678,0.029704,0.016422,0,0.055994,0.062848,0,0,0.029636,0.030457,0.047319,0.0097149,0.039594,0,0.024516,0.043564,0.05276,0.040401,0.033366,0.03347,0.060991,0,0.042391,0.033719,0.039549,0.010561,0.037552,0,0,0,0.040164,0,0.054702,0.055271,0.038249,0,0,0.050867,0.019406,0,0.052399,0,0.056542,0.050843,0.054724,0,0,0.024932,0.048068,0,0,0.050948,0.045966,0.03622,0.043426,0.038966,0.050027,0.053683,0.044961,0,0.0055869,0.048504,0,0,0,0.045057,0.049387,0,0.029976,0.021863,0.03087,0.033736,0,0.049695,0,0,0.037733,0.057016,0.047296,0,0.051322,0,0.041709,0.048418,0,0,0.060815,0.037477,0,0.048012,0,0.047076,0.049648,0.033303,0.049967,0.042882,0,0.024121,0.030979,0.029357,0.040488,0,0.055322,0,0.028654,0.052387,0.048877,0.06093,0.044068,0.059797,0.041014,0.014468,0.0015652,0.05343,0.038902,0,0.049391,0.048642,0,0.031865,0.047017,0.045351,0.032521,0.010298,0.057352,0,0.027415,0,0,0.055888,0.015209,0.039527,0.049108,0.02981,0.041277,0,0.047859,0,0.019311,0.056862,0,0.03359,0,0,0,0.029048,0.026593,0.042657,0.014487,0.053851,0.018074,0,0.033712,0.033685,0,0.033825,0.047941
0.077397,0.059077,0.023881,0.046548,0.042197,0.0218,0.024356,0,0.020431,0.022523,0,0.014809,0.033512,0.042189,0.028995,0.018356,0,0.031561,0.011784,0.044884,0.05486,0.050017,0.035108,0.048244,0.022212,0.01329,0.022009,0.041779,0.023374,0.069661,0.037773,0.014431,0.010618,0.053846,0.023659,0.02652,0.049233,0.037238,0.031797,0.013889,0.0077477,0.038782,0.042475,0.018186,0.036354,0.019742,0.038478,0.050211,0.075079,0.024736,0,0,0.01381,0.044058,0.023105,0.027548,0.055993,0.036703,0.015817,0.024067,0.013792,0.041547,0.021881,0.079603,0.0098649,0.047138,0.022075,0.016053,0,0.025108,0,0.053338,0.068848,0.040278,0.002068,0.023985,0.014506,0.042918,0.023939,0.016388,0.013522,0.016426,0.044749,0.042771,0.040103,0.045788,0.037023,0,0.017086,0.013847,0,0.026778,0.039378,0.053966,0.04028,0.012516,0,0.015852,0.025162,0.019746,0.03492,0.0090211,0.035639,0.019894,0.018583,0.0042331,0,0,0.048909,0.026778,0.0047732,0.052549,0,0.029266,0.012192,0.033711,0.06063,0.043278,0.018683,0,0.021564,0.026643,0.03664,0.017562,0.03662,0.030379,0.017325,0.027199,0.063613,0.041084,0.044499,0.017526,0.04705,0.026981,0.011401,0.0050802,0.058381,0.016903,0.020623,0.0093329,0.029337,0.017473,0.037801,0.028608,0,0.023162,0.01708,0.05295,0.0041099,0.036744,0.050103,0,0.027313,0.050416,0.024175,0.043965,0.071772,0.020858,0.016834,0.0093907,0.016498,0.033815,0.038498,0.020327,0.02551,0.04078,0.020258,0,0.0080255,0.043389,0.057324,0.046843,0.037666,0.039576,0.0029956,0.046517,0.032573,0.036558,0.012169,0.018684,0.048886,0.028139,0.0086682,0.0514,0.020352,0.023638,0.023591,0.014705,0.057878,0.052217,0.036745,0.040943,0.0063842,0.019772,0.052525,0.052725,0.034732,0.052073,0.047347,0.062069
0,0,0,0,0,0,0,0,0,0,0,0,0,0,0,0,0,0,0,0,0,0,0,0,0,0,0,0,0,0,0,0,0,0,0,0,0,0,0,0,0,0,0,0,0,0,0,0,0,0,0,0,0,0,0,0,0,0,0,0,0,0,0,0,0,0,0,0,0,0,0,0,0,0,0,0,0,0,0,0,0,0,0,0,0,0,0,0,0,0,0,0,0,0,0,0,0,0,0,0,0,0,0,0,0,0,0,0,0,0,0,0,0,0,0,0,0,0,0,0,0,0,0,0,0,0,0,0,0,0,0,0,0,0,0,0,0,0,0,0,0,0,0,0,0,0,0,0,0,0,0,0,0,0,0,0,0,0,0,0,0,0,0,0,0,0,0,0,0,0,0,0,0,0,0,0,0,0,0,0,0,0,0,0,0,0,0,0,0,0,0,0,0,0,0,0,0,0,0,0
0,0,0,0,0,0,0,0,0,0,0,0,0,0,0,0,0,0,0,0,0,0,0,0,0,0,0,0,0,0,0,0,0,0,0,0,0,0,0,0,0,0,0,0,0,0,0,0,0,0,0,0,0,0,0,0,0,0,0,0,0,0,0,0,0,0,0,0,0,0,0,0,0,0,0,0,0,0,0,0,0,0,0,0,0,0,0,0,0,0,0,0,0,0,0,0,0,0,0,0,0,0,0,0,0,0,0,0,0,0,0,0,0,0,0,0,0,0,0,0,0,0,0,0,0,0,0,0,0,0,0,0,0,0,0,0,0,0,0,0,0,0,0,0,0,0,0,0,0,0,0,0,0,0,0,0,0,0,0,0,0,0,0,0,0,0,0,0,0,0,0,0,0,0,0,0,0,0,0,0,0,0,0,0,0,0,0,0,0,0,0,0,0,0,0,0,0,0,0,0
0,0,0,0,0,0,0,0,0,0,0,0,0,0,0,0,0,0,0,0,0,0,0,0,0,0,0,0,0,0,0,0,0,0,0,0,0,0,0,0,0,0,0,0,0,0,0,0,0,0,0,0,0,0,0,0,0,0,0,0,0,0,0,0,0,0,0,0,0,0,0,0,0,0,0,0,0,0,0,0,0,0,0,0,0,0,0,0,0,0,0,0,0,0,0,0,0,0,0,0,0,0,0,0,0,0,0,0,0,0,0,0,0,0,0,0,0,0,0,0,0,0,0,0,0,0,0,0,0,0,0,0,0,0,0,0,0,0,0,0,0,0,0,0,0,0,0,0,0,0,0,0,0,0,0,0,0,0,0,0,0,0,0,0,0,0,0,0,0,0,0,0,0,0,0,0,0,0,0,0,0,0,0,0,0,0,0,0,0,0,0,0,0,0,0,0,0,0,0,0
0,0,0,0,0,0,0,0,0,0,0,0,0,0,0,0,0,0,0,0,0,0,0,0,0,0,0,0,0,0,0,0,0,0,0,0,0,0,0,0,0,0,0,0,0,0,0,0,0,0,0,0,0,0,0,0,0,0,0,0,0,0,0,0,0,0,0,0,0,0,0,0,0,0,0,0,0,0,0,0,0,0,0,0,0,0,0,0,0,0,0,0,0,0,0,0,0,0,0,0,0,0,0,0,0,0,0,0,0,0,0,0,0,0,0,0,0,0,0,0,0,0,0,0,0,0,0,0,0,0,0,0,0,0,0,0,0,0,0,0,0,0,0,0,0,0,0,0,0,0,0,0,0,0,0,0,0,0,0,0,0,0,0,0,0,0,0,0,0,0,0,0,0,0,0,0,0,0,0,0,0,0,0,0,0,0,0,0,0,0,0,0,0,0,0,0,0,0,0,0
0,0,0,0,0,0,0,0,0,0,0,0,0,0,0,0,0,0,0,0,0,0,0,0,0,0,0,0,0,0,0,0,0,0,0,0,0,0,0,0,0,0,0,0,0,0,0,0,0,0,0,0,0,0,0,0,0,0,0,0,0,0,0,0,0,0,0,0,0,0,0,0,0,0,0,0,0,0,0,0,0,0,0,0,0,0,0,0,0,0,0,0,0,0,0,0,0,0,0,0,0,0,0,0,0,0,0,0,0,0,0,0,0,0,0,0,0,0,0,0,0,0,0,0,0,0,0,0,0,0,0,0,0,0,0,0,0,0,0,0,0,0,0,0,0,0,0,0,0,0,0,0,0,0,0,0,0,0,0,0,0,0,0,0,0,0,0,0,0,0,0,0,0,0,0,0,0,0,0,0,0,0,0,0,0,0,0,0,0,0,0,0,0,0,0,0,0,0,0,0
0,0,0,0,0,0,0,0,0,0,0,0,0,0,0,0,0,0,0,0,0,0,0,0,0,0,0,0,0,0,0,0,0,0,0,0,0,0,0,0,0,0,0,0,0,0,0,0,0,0,0,0,0,0,0,0,0,0,0,0,0,0,0,0,0,0,0,0,0,0,0,0,0,0,0,0,0,0,0,0,0,0,0,0,0,0,0,0,0,0,0,0,0,0,0,0,0,0,0,0,0,0,0,0,0,0,0,0,0,0,0,0,0,0,0,0,0,0,0,0,0,0,0,0,0,0,0,0,0,0,0,0,0,0,0,0,0,0,0,0,0,0,0,0,0,0,0,0,0,0,0,0,0,0,0,0,0,0,0,0,0,0,0,0,0,0,0,0,0,0,0,0,0,0,0,0,0,0,0,0,0,0,0,0,0,0,0,0,0,0,0,0,0,0,0,0,0,0,0,0
0,0,0,0,0,0,0,0,0,0,0,0,0,0,0,0,0,0,0,0,0,0,0,0,0,0,0,0,0,0,0,0,0,0,0,0,0,0,0,0,0,0,0,0,0,0,0,0,0,0,0,0,0,0,0,0,0,0,0,0,0,0,0,0,0,0,0,0,0,0,0,0,0,0,0,0,0,0,0,0,0,0,0,0,0,0,0,0,0,0,0,0,0,0,0,0,0,0,0,0,0,0,0,0,0,0,0,0,0,0,0,0,0,0,0,0,0,0,0,0,0,0,0,0,0,0,0,0,0,0,0,0,0,0,0,0,0,0,0,0,0,0,0,0,0,0,0,0,0,0,0,0,0,0,0,0,0,0,0,0,0,0,0,0,0,0,0,0,0,0,0,0,0,0,0,0,0,0,0,0,0,0,0,0,0,0,0,0,0,0,0,0,0,0,0,0,0,0,0,0
0,0,0.017434,0.015045,0,0.02028,0.021427,0,0.035521,0.047284,0.023062,0,0.050201,0,0,0,0.037145,0,0.0206,0,0,0,0,0,0.035146,0,0,0,0.027452,0,0,0.035932,0.0265,0,0.031775,0.020898,0.015282,0,0,0,0,0.027046,0,0,0.020856,0,0,0,0,0,0,0.02945,0,0,0,0.033452,0.033717,0,0.041835,0,0.021937,0.029023,0.031447,0,0,0,0,0.033974,0,0,0,0,0,0,0.041418,0.024751,0.029234,0.034213,0.041669,0,0.028672,0,0.040061,0,0.029484,0,0,0,0,0.037288,0,0.03337,0,0,0,0,0,0.034735,0,0,0,0.030342,0,0.029459,0,0,0.043445,0,0,0,0.029157,0,0,0,0,0,0,0,0,0.034451,0.015987,0.035665,0.045503,0,0,0.031478,0,0.017933,0,0.029607,0,0,0,0.025954,0.013988,0.036254,0,0.034592,0.017393,0.044296,0.021972,0,0.021591,0,0.015997,0,0.018162,0,0.021563,0,0.024463,0,0,0,0,0,0,0.047866,0.040555,0,0,0,0,0,0,0,0,0,0.032131,0,0.028015,0.027602,0.023662,0,0.044169,0.038897,0,0.036031,0,0,0,0,0,0.040244,0.029665,0,0.028492,0.029941,0,0,0,0.043995,0,0,0,0.042933,0,0,0,0
0,0,0,0,0,0,0,0,0,0,0,0,0,0,0,0,0,0,0,0,0,0,0,0,0,0,0,0,0,0,0,0,0,0,0,0,0,0,0,0,0,0,0,0,0,0,0,0,0,0,0,0,0,0,0,0,0,0,0,0,0,0,0,0,0,0,0,0,0,0,0,0,0,0,0,0,0,0,0,0,0,0,0,0,0,0,0,0,0,0,0,0,0,0,0,0,0,0,0,0,0,0,0,0,0,0,0,0,0,0,0,0,0,0,0,0,0,0,0,0,0,0,0,0,0,0,0,0,0,0,0,0,0,0,0,0,0,0,0,0,0,0,0,0,0,0,0,0,0,0,0,0,0,0,0,0,0,0,0,0,0,0,0,0,0,0,0,0,0,0,0,0,0,0,0,0,0,0,0,0,0,0,0,0,0,0,0,0,0,0,0,0,0,0,0,0,0,0,0,0
0.097272,0.13672,0.09668,0.075718,0.078541,0.095691,0.04614,0.089605,0.076086,0.088389,0.10825,0.09065,0.056105,0.091958,0.091305,0.092479,0.093855,0.091925,0.1105,0.054627,0.084672,0.09244,0.070539,0.097087,0.085285,0.099297,0.070015,0.09678,0.10676,0.10897,0.064074,0.094551,0.067474,0.12163,0.091721,0.10198,0.10148,0.071435,0.054528,0.066997,0.089932,0.072997,0.098266,0.098032,0.083451,0.10253,0.099846,0.1074,0.09851,0.081949,0.097866,0.10786,0.093968,0.10624,0.080034,0.075259,0.11469,0.093416,0.073966,0.084677,0.10166,0.12469,0.088468,0.12018,0.080469,0.13819,0.11318,0.085214,0.1111,0.088476,0.095562,0.10067,0.098469,0.059526,0.07541,0.097391,0.13354,0.091156,0.098032,0.070994,0.091147,0.12004,0.10607,0.092797,0.084079,0.096879,0.072214,0.10328,0.07628,0.081722,0.083432,0.13312,0.066604,0.089583,0.10264,0.11173,0.066216,0.14569,0.059475,0.095517,0.088372,0.10813,0.087303,0.11144,0.060359,0.11734,0.076585,0.083815,0.089744,0.096484,0.11007,0.075654,0.073798,0.079142,0.08919,0.10397,0.0909,0.079373,0.10752,0.10749,0.080547,0.079471,0.10152,0.089176,0.088013,0.082786,0.08403,0.10794,0.079334,0.087111,0.12351,0.088502,0.10209,0.10883,0.10546,0.075328,0.10713,0.076389,0.082444,0,0.11379,0.082452,0.095266,0.088135,0.11849,0.07956,0.10049,0.075876,0.10774,0.10086,0.095814,0.094592,0.095636,0.080221,0.084914,0.098554,0.090919,0.088765,0.080775,0.10898,0.057745,0.12009,0.081771,0.069746,0.094501,0.10499,0.07061,0.070134,0.10034,0.10584,0.10074,0.082199,0.1117,0.093063,0.075614,0.080693,0.085696,0.059603,0.093217,0.10064,0.14238,0.12613,0.10205,0.075434,0.091045,0.11044,0.079454,0.061048,0.10267,0.10312,0.081197,0.07168,0.082304,0.095822,0.088212,0.063753,0.073046,0.076121,0.084743,0.10127
0.00025438,0.05725,0.053515,0.063571,0,0,0.077434,0.034248,0.057982,0,0.072522,0.0030457,0.013866,0.059847,0.053135,0,0,0,0.0066585,0.045392,0,0.032211,0.058432,0.0042889,0.0076113,0,0.024013,0.03717,0,0,0,0.086126,0.025217,0,0.064266,0,0,0.092485,0.072605,0,0.038983,0.072772,0,0.046766,0,0.058845,0.064675,0.033209,0.013898,0,0.057396,0.013693,0.060262,0.057437,0.024164,0.029345,0,0,0.028895,0.063955,0.069598,0.054585,0.019539,0.027849,0,0,0,0.0080866,0,0.013005,0.064645,0.010007,0,0.040586,0.079242,0,0,0.044512,0.059383,0,0.041318,0.061061,0.028412,0.072661,0.040297,0.085962,0,0.015138,0.026191,0.055099,0.04778,0.045434,0.060483,0.030503,0,0,0.05088,0.021956,0,0,0.038483,0.031689,0,0.032981,0.033978,0.025333,0,0,0,0.00034338,0.032084,0.0047598,0,0.025733,0.023557,0,0,0.054727,0.0083552,0.036303,0,0,0,0.014084,0,0.041811,0,0.055943,0.040146,0,0.01961,0,0.033481,0.042135,0,0.054202,0.035292,0.0045466,0,0.11048,0.011746,0.024439,0.033324,0,0,0,0.031541,0.031682,0.061273,0.026542,0,0,0,0,0.043954,0.021491,0,0.10778,0.066838,0,0.0153,0.0066199,0.019657,0.017991,0.046692,0,0,0.01215,0.018518,0,0,0.037112,0.040504,0.0091772,0,0.039241,0,0.042228,0.017986,0,0.025233,0,0.0046573,0.088268,0.032126,0.039531,0,0,0,0,0.0034493,0.069344,0.052153,0,0.024776,0.054516,0.010674,0.01153,0,0.00016235
0,0,0,0,0,0,0,0,0,0,0,0,0,0,0,0,0,0,0,0,0,0,0,0,0,0,0,0,0,0,0,0,0,0,0,0,0,0,0,0,0,0,0,0,0,0,0,0,0,0,0,0,0,0,0,0,0,0,0,0,0,0,0,0,0,0,0,0,0,0,0,0,0,0,0,0,0,0,0,0,0,0,0,0,0,0,0,0,0,0,0,0,0,0,0,0,0,0,0,0,0,0,0,0,0,0,0,0,0,0,0,0,0,0,0,0,0,0,0,0,0,0,0,0,0,0,0,0,0,0,0,0,0,0,0,0,0,0,0,0,0,0,0,0,0,0,0,0,0,0,0,0,0,0,0,0,0,0,0,0,0,0,0,0,0,0,0,0,0,0,0,0,0,0,0,0,0,0,0,0,0,0,0,0,0,0,0,0,0,0,0,0,0,0,0,0,0,0,0,0
0,0,0,0,0,0,0,0,0,0,0,0,0,0,0,0,0,0,0,0,0,0,0,0,0,0,0,0,0,0,0,0,0,0,0,0,0,0,0,0,0,0,0,0,0,0,0,0,0,0,0,0,0,0,0,0,0,0,0,0,0,0,0,0,0,0,0,0,0,0,0,0,0,0,0,0,0,0,0,0,0,0,0,0,0,0,0,0,0,0,0,0,0,0,0,0,0,0,0,0,0,0,0,0,0,0,0,0,0,0,0,0,0,0,0,0,0,0,0,0,0,0,0,0,0,0,0,0,0,0,0,0,0,0,0,0,0,0,0,0,0,0,0,0,0,0,0,0,0,0,0,0,0,0,0,0,0,0,0,0,0,0,0,0,0,0,0,0,0,0,0,0,0,0,0,0,0,0,0,0,0,0,0,0,0,0,0,0,0,0,0,0,0,0,0,0,0,0,0,0
0.11328,0.063452,0.081794,0.10253,0.054117,0.028505,0.10179,0.077945,0.065809,0.088627,0.051482,0.1152,0.10108,0.10759,0.10121,0.086873,0.079863,0.10027,0.092873,0.094819,0.11656,0.08577,0.12409,0.097785,0.099184,0.081617,0.089548,0.10039,0.076151,0.12875,0.090875,0.037433,0.12727,0.096417,0.07063,0.075593,0.10961,0.094412,0.10201,0.081294,0.083259,0.083568,0.066497,0.084726,0.11377,0.099131,0.094883,0.11471,0.086814,0.074611,0.082562,0.10544,0.068984,0.099833,0.10427,0.1052,0.087707,0.10633,0.08825,0.039486,0.091421,0.067721,0.10166,0.11698,0.068525,0.083681,0.098746,0.087328,0.074491,0.093915,0.11176,0.11637,0.078006,0.095783,0.072303,0.094742,0.058563,0.092087,0.055748,0.097556,0.070755,0.10388,0.068036,0.10129,0.070493,0.074545,0.10186,0.097225,0.10854,0.090782,0.099695,0.046786,0.09561,0.1098,0.098982,0.087994,0.091258,0.079329,0.073827,0.10972,0.059009,0.089137,0.12156,0.064381,0.097643,0.060714,0.07975,0.086329,0.10007,0.088457,0.061273,0.098558,0.077802,0.056819,0.079511,0.088453,0.078333,0.098788,0.10877,0.072705,0.068795,0.10641,0.082436,0.074254,0.099689,0.11243,0.11055,0.082962,0.081733,0.093199,0.07162,0.093013,0.11154,0.085818,0.064976,0.075129,0.085047,0.11314,0.067434,0.042467,0.082502,0.10453,0.083007,0.11569,0.07961,0.079684,0.058571,0.084463,0.061049,0.094512,0.10505,0.097614,0.10699,0.11447,0.10407,0.10313,0.11556,0.060392,0.076977,0.091993,0.10206,0.10358,0.091251,0.090997,0.0618,0.091396,0.11578,0.066741,0.060502,0.1071,0.11141,0.086318,0.05622,0.08512,0.042893,0.056844,0.097332,0.069167,0.11059,0.097216,0.07377,0.045375,0.095543,0.099676,0.093775,0.084074,0.094793,0.087765,0.11228,0.089315,0.11504,0.089431,0.078181,0.094886,0.099074,0.084264,0.12978,0.087605,0.10327,0.10973
0.015706,0.085444,0.035599,0.04894,0.04026,0.10873,0.035292,0.063504,0.018571,0.034808,0.066601,0.066493,0.062603,0.046033,0.018,0.03679,0.047669,0.040533,0.074204,0.060659,0.080531,0.0481,0.061128,0.025706,0.099187,0.045212,0.0006064,0.11803,0,0,0.053402,0.064584,0.017463,0.066149,0.04983,0.048301,0.02725,0.063845,0.05315,0.034836,0,0.04504,0.05749,0.099293,0,0.028242,0.085642,0,0.067432,0.046881,0.065955,0.098313,0.040177,0.078176,0.066515,0.053572,0,0.047249,0.055342,0.087986,0.091028,0.044581,0.060604,0.059353,0.067756,0,0.090302,0.034757,0.1072,0.062818,0.0074976,0.047913,0,0.054892,0.05221,0.097929,0.05696,0.098808,0.061639,0.1055,0.084921,0.080926,0.067974,0.079585,0.036106,0.072777,0.096095,0.074746,0.049116,0.068306,0.10185,0.083715,0.050486,0.023476,0.098175,0.065334,0.074726,0.084732,0.043636,0.089238,0.041056,0.084588,0.049772,0.069842,0.070025,0.091634,0.082812,0.10276,0.044276,0.085994,0.021858,0.034756,0.076939,0.14025,0.048033,0.10637,0.061196,0,0.075255,0.099339,0.063874,0.045971,0.065575,0.063228,0.067693,0.071662,0.058675,0.094703,0.064939,0.078039,0.017007,0.058241,0.0042532,0.045864,0.12341,0.058587,0,0.034489,0.094589,0.022627,0.066192,0.030036,0.041128,0.08266,0.074706,0.056552,0.10104,0.067206,0.062636,0.052132,0.066432,0.079057,0.074678,0.027702,0.061774,0.031964,0.072307,0.076153,0.034556,0.042939,0.072444,0.038675,0.067733,0.12933,0.075883,0.088045,0.016863,0.11107,0.06521,0.097325,0,0.028894,0.066069,0.0081916,0.031726,0.056375,0.012386,0.066858,0.072888,0.069851,0.073533,0.040716,0.070157,0,0.038415,0.03642,0.041037,0.026103,0.080139,0.055211,0.03937,0.0069554,0.05409,0,0,0.059925,0,0.072035,0,0.04727
0.014873,0,0,0,0,0,0,0,0,0,0,0,0,0,0,0,0,0,0,0,0,0,0,0,0,0,0,0,0,0,0,0,0,0,0.023905,0,0,0,0,0,0,0,0,0,0,0,0,0,0,0,0,0,0,0,0,0,0,0,0,0,0,0,0,0,0,0,0,0,0,0,0,0,0,0,0,0,0,0,0,0,0,0,0,0,0.01605,0,0,0,0,0.028311,0,0,0,0,0,0,0,0,0,0,0,0,0,0,0,0,0,0,0,0,0,0,0,0,0,0.018102,0,0,0,0,0,0.012402,0.0073229,0,0,0,0.026425,0,0,0,0,0,0,0,0,0,0,0,0,0,0,0,0,0,0,0,0,0,0,0.0099261,0,0,0,0,0,0,0,0,0.019273,0.019507,0,0,0,0,0,0,0,0,0,0,0,0,0,0,0,0,0,0,0,0,0,0,0,0,0,0,0,0.0096481,0,0,0,0,0,0,0,0,0,0,0,0
0,0,0,0.019165,0,0.012835,0,0.021603,0,0,0,0,0,0,0.021276,0.014956,0.0066791,0,0,0.013859,0.013985,0,0,0,0.019736,0,0,0,0.0093723,0,0,0,0,0,0,0,0.015198,0,0.02097,0.020149,0,0,0.023244,0.023914,0.055207,0.01322,0,0,0,0,0,0,0,0,0,0,0,0,0.01314,0,0.0064978,0,0.0078207,0.011243,0,0,0,0,0.015902,0,0,0,0,0,0,0.043265,0,0,0,0.0057776,0.028773,0,0,0,0,0,0,0,1.4386e-16,0,0,0,0,0,0,0,0.00018437,0.025976,0.020613,0.028193,0,0,0,0,0.026145,0.0041983,0,0,0,0.012703,0,0.024261,0,0,0,0,0,0,0,0.051917,0.036586,0.01981,0,0.041289,0,0,0.039654,0,0,0.033254,0,0,0,0.032683,0.025258,0,0,0,0.025403,0,0,0,0,0,0.013871,0.03475,0,0,0.032139,0,0.037201,0.034921,0,0,0.0086667,0,0,0,0,0.036448,0,0,0,0.057138,0,0,0,0,0,0.015412,0.017234,0,0,0.040303,0,0,0.024661,0.026991,0,0,0,0,0,0.03684,0,0,0,0.027624,0,0,0,0,0,0.018021,0,0,0,0,0,0.0033216
0,0,0,0,0,0,0,0,0,0,0,0,0,0,0,0,0,0,0,0,0,0,0,0,0,0,0,0,0,0,0,0,0,0,0,0,0,0,0,0,0,0,0,0,0,0,0,0,0,0,0,0,0,0,0,0,0,0,0,0,0,0,0,0,0,0,0,0,0,0,0,0,0,0,0,0,0,0,0,0,0,0,0,0,0,0,0,0,0,0,0,0,0,0,0,0,0,0,0,0,0,0,0,0,0,0,0,0,0,0,0,0,0,0,0,0,0,0,0,0,0,0,0,0,0,0,0,0,0,0,0,0,0,0,0,0,0,0,0,0,0,0,0,0,0,0,0,0,0,0,0,0,0,0,0,0,0,0,0,0,0,0,0,0,0,0,0,0,0,0,0,0,0,0,0,0,0,0,0,0,0,0,0,0,0,0,0,0,0,0,0,0,0,0,0,0,0,0,0,0
0,0,0,0,0,0,0,0,0,0,0,0,0,0,0,0,0,0,0,0,0,0,0,0,0,0,0,0,0,0,0,0,0,0,0,0,0,0,0,0,0,0,0,0,0,0,0,0,0,0,0,0,0,0,0,0,0,0,0,0,0,0,0,0,0,0,0,0,0,0,0,0,0,0,0,0,0,0,0,0,0,0,0,0,0,0,0,0,0,0,0,0,0,0,0,0,0,0,0,0,0,0,0,0,0,0,0,0,0,0,0,0,0,0,0,0,0,0,0,0,0,0,0,0,0,0,0,0,0,0,0,0,0,0,0,0,0,0,0,0,0,0,0,0,0,0,0,0,0,0,0,0,0,0,0,0,0,0,0,0,0,0,0,0,0,0,0,0,0,0,0,0,0,0,0,0,0,0,0,0,0,0,0,0,0,0,0,0,0,0,0,0,0,0,0,0,0,0,0,0
0.031042,0.030438,0.062925,0.016187,0.025864,0.021006,0.056105,0.039869,0.013214,0.042418,0.073528,0.051663,0.035314,0.090954,0.055401,0.04638,0.010728,0.048361,0.057162,0.045684,0.018981,0.066665,0.079158,0.013584,0.019368,0.030637,0.045116,0.031225,0.068311,0.061336,0.040431,0.035228,0.064922,0.056848,0.045981,0.032735,0.04025,0.047366,0.069128,0.035033,0.073016,0.013761,0.056759,0.076931,0.035127,0.053208,0.046295,0.063728,0.068411,0.040341,0.076217,0.055629,0.040978,0.076336,0.030422,0.053929,0.06178,0.05858,0.070745,0.049699,0.038518,0.031057,0.039388,0.043258,0.019511,0.021551,0.084998,0.056117,0.062526,0.054706,0.020104,0.056666,0.084319,0.030539,0.073812,0,0.038995,0.022561,0.053192,0.032439,0.051117,0.072123,0.060404,0.054959,0.078259,0.039381,0.046347,0.044544,0.034205,0.034514,0.043319,0.030156,0.057279,0.069807,0.074449,0.073889,0.077095,0.011946,0.054187,0.072438,0.044279,0.030992,0.03814,0.053048,0.071338,0.081384,0.057772,0.056767,0.05598,0.065125,0.074472,0.075991,0.032819,0.015842,0.034499,0.12524,0.052723,0.067171,0.052748,0.040223,0.042797,0.029297,0.064636,0.040267,0.022426,0.06117,0.030958,0.084393,0.0315,0.035598,0.040088,0.068074,0.083025,0.064555,0.020527,0.04567,0.056604,0.057092,0.019137,0.053479,0.039101,0.085377,0.070971,0.036419,0.04751,0.056662,0.035764,0.047704,0.066838,0.010642,0.019026,0.045541,0.054487,0.063784,0.070863,0.077581,0.076665,0.029806,0.026881,0.02697,0.066585,0.04917,0.060241,0.045712,0.042861,0.059233,0.0077428,0.055815,0.038541,0,0.046737,0.063721,0.031941,0.068411,0.060978,0.053451,0.050644,0.048951,0.035035,0.066437,0.032882,0.028986,0.048462,0.030908,0.07526,0.060642,0.074615,0.033915,0.054863,0.036817,0.038741,0.07002,0.041489,0.061182,0.053026,0.058933,0.060956,0.033069,0.066383,0.050895
0.02899,0,0.017682,0.023957,0,0,0.010124,0.038846,0,0,0.010252,0.053194,0.050624,0,0,0.064729,0.011613,0.03703,0,0,0.039256,0,0,0,0,0.03333,0.036954,0.030571,0,0.018606,0.039736,0.014444,0.021669,0.0034168,0.0097861,0,0,0.02413,0.0265,0.02968,0.008261,3.05e-16,0.033876,0.016961,0,0.018263,0,0,0.017048,0,0.020598,0,0.032475,0,0.069426,0,0,0.032036,0,0,0,0.0048255,0.023975,0,0.0096969,0,0.020214,0.0091829,0.070632,0.045599,0.039899,0,0.062718,0.078755,0.047227,0,0.015321,0,0,0.022279,0.0023063,0,0,0,0,0,0,0.044388,0.017919,0.045405,0.053773,0.027935,0.030756,0,0.025397,0.039651,0.01017,0,0,0,0.009727,0,0,0,0.026855,0,0.022246,0.013093,0.052496,0,0.024327,0.0066436,0.019789,0,0,0,0.0076579,0.023959,0,0,0,0.0085961,0,0.0079897,0.056168,0,0,0,0.020849,0,0,0.01627,0,0.014722,0.022315,0.042074,0,0,0,0.024138,0,0.036061,0,0.010779,0.0033807,0.043968,0,0.027398,0,0,0,0.029067,0.026146,0,0.026964,0,0,0,0,0.039502,0,0.021875,0,0.025783,0.019835,0,0.071186,0.027584,0.0435,0,0.015181,0,0,0,0,0,0,0.010881,0,0.034713,0,0,0,0.014537,0.0033378,0,0.012204,0.0029812,0,0,0.044388,0,0.031641,0.030265,0.04072,0.019611,0.051978,0.050924,0.029693,0.019794
0.10385,0.074317,0.10897,0.10964,0.11773,0.085939,0.11985,0.094788,0.12559,0.12195,0.068326,0.12089,0.069593,0.13403,0.083646,0.056589,0.044905,0.080468,0.090195,0.092279,0.089913,0.070186,0.08554,0.048118,0.095605,0.10591,0.069013,0.088558,0.089463,0.1233,0.13476,0.063172,0.093588,0.13616,0.056401,0.10931,0.076066,0.090316,0.065092,0.068692,0.10095,0.085298,0.10792,0.082499,0.051348,0.13159,0.051007,0.088172,0.12166,0.11161,0.10036,0.085634,0.055349,0.058658,0.065917,0.10921,0.11422,0.11898,0.095644,0.066688,0.08194,0.083282,0.099179,0.092325,0.061658,0.11741,0.088673,0.083503,0.074535,0.088386,0.06345,0.097315,0.10221,0.044769,0.077436,0.12574,0.09721,0.086973,0.068532,0.095829,0.1042,0.093961,0.099024,0.11038,0.081838,0.062859,0.081231,0.10107,0.071514,0.10148,0.083238,0.039676,0.095941,0.083412,0.080284,0.098048,0.073599,0.072959,0.11887,0.12751,0.10668,0.071825,0.10203,0.11759,0.082483,0.089795,0.12404,0.12473,0.10788,0.10443,0.049775,0.10117,0.084908,0.061707,0.089186,0.10036,0.10763,0.1205,0.10812,0.080887,0.080512,0.086205,0.084192,0.072556,0.067796,0.072023,0.13616,0.080878,0.09801,0.10446,0.12748,0.052086,0.084516,0.067251,0.083506,0.073184,0.12102,0.093221,0.099715,0.097517,0.047497,0.043912,0.075821,0.11551,0.077524,0.056889,0.083152,0.11708,0.064107,0.11678,0.12069,0.091086,0.07834,0.10362,0.059773,0.074171,0.097795,0.11059,0.089401,0.065832,0.082585,0.088309,0.10884,0.088526,0.067145,0.11331,0.076416,0.082709,0.070987,0.121,0.12737,0.0928,0.099669,0.098127,0.12855,0.086012,0.11425,0.089356,0.096106,0.11282,0.077022,0.054316,0.10775,0.074772,0.11713,0.11818,0.08961,0.10991,0.14812,0.099106,0.095323,0.055558,0.12563,0.076962,0.11118,0.088774,0.071057,0.037268,0.12653,0.11554
0,0,0,0,0,0,0,0,0,0,0,0,0,0,0,0,0.00064654,0,0,0,0,0,0,0,0,0,0,0,0,0,0,0,0,0,0,0,0,0,0,0,0,0,0,0,0,0,0,0,0,0,0,0,0,0,0,0,0,0,0,0,0,0,0,0,0,0,0,0,0,0,0,0,0,0,0,0,0,0,0.030044,0,0,0,0,0,0,0,0,0,0,0,0,0,0,0,0,0,0,0,0,0,0,0,0,0,0,0,0,0,0,0,0,0,0,0,0,0.0014459,0,0,0,0,0,0.0039568,0.026046,0,0,0,0,0,0,0,0,0,0,0,0,0,0,0,0,0.033107,0,0,0,0,0,0,0,0,0,0,0,0,0,0,0,0,0,0,0,0,0,0,0,0,0,0,0,0,0.016454,0,0,0,0,0,0,0,0,0,0,0,0,0,0,0,0,0,0,0,0,0,0,0,0,0,0,0,0,0,0,0
0.0093594,0,0,0,0.0054473,0,0,0.016538,0,0,0,0,0,0,0,0,0.024598,0,0,0.034674,0.0073012,0,0,0,0.026154,0,0,0,0,0,0,0,0,0,0,0,0,0,0,0,0,0,0,0,0.023541,0,0,0,0,0,0,0,0,0,0,0.026532,0,0,0,0,0,0,0,0,0,0,0,0,0,0,0,0.01402,0.019488,0,0,0,0,0,0,0.023785,0,0,0,0,0,0,0,0,0,0,0.0089788,0,0,0,0,0,0.029968,0,0.010861,0,0,0,0.034439,0,0,0,0,0.00891,0.037775,0,0,0.035554,0,0,0,0,0,0,0,0,0,0,0,0,0,0,0,0,0,0,0,0,0,0,0,0,0,0,0.012787,0,0,0,0,0.0050785,0,0,0,0,0,0,0,0.0042635,0,0,0,0.010153,0,0,0.021831,0,0,0,0,0,0.00089597,0,0,0.016313,0.0061173,0,0,0,0.00067323,0,0,0,0.032203,0,0,0,0,0,0,0,0.010151,0,0.019218,0.028917,0,0,0,0,0,0,0,0,0,0,0,0.033375
0,0,0.0026773,0,0,0,0,0,0.010586,0,0,0,0,0,0,0,0,0.0072577,0,0,0,0,0,0,0,0,0,0,0,0,0,0,0,0,0,0,0,0.0022282,0,0,0,0,0,0,0,0,0,0,0,0,0,0,0,0,0,0,0,0,0,0,0,0,0.011884,0.0065089,0,0,0,0,0,0,0,0,0,0,0,0,0,0,0.0039504,0,0,0,0,0,0,0,0,0,0,0,0,0,0,0,0,0,0,0,0,0,0,0,0,0,0,0,0,0,0,0,0,0,0,0,0,0,0,0,0,0,0,0,0,0,0,0,0,0,0,0,0,0,0,0,0.010231,0,0,0.01457,0,0,0,0,0.0071026,0,0.0078281,0,0,0,0,0,0,0,0,0,0,0,0,0,0,0,0,0,0,0,0,0,0,0,0,0,0,0,0,0,0,0,0,0,0,0,0,0,0,0,0.0061914,0,0,0,0,0,0,0,0,0,0,0,0,0,0,0.004998
0.10342,0.073198,0.11282,0.13069,0.046233,0.053605,0.090037,0.095835,0.12633,0.11046,0.057405,0.13354,0.10057,0.15908,0.12775,0.11463,0.096455,0.049819,0.11816,0.13636,0.072148,0.07348,0.113,0.078463,0.12191,0.12185,0.087242,0.091721,0.10361,0.071281,0.12875,0.066865,0.12905,0.11973,0.11109,0.14865,0.10542,0.097144,0.092614,0.082511,0.11515,0.033257,0.097446,0.11817,0.1172,0.098381,0.10673,0.12248,0.12295,0.077633,0.089496,0.12217,0.081837,0.14342,0.091663,0.11868,0.060932,0.090788,0.13088,0.083391,0.16795,0.12807,0.11765,0.11693,0.076045,0.049218,0.12339,0.12507,0.07855,0.079424,0.10226,0.10377,0.067913,0.091851,0.11151,0.12264,0.07922,0.10136,0.14305,0.070389,0.13891,0.11224,0.12741,0.13876,0.10034,0.075236,0.1291,0.14107,0.11801,0.10513,0.11284,0.069059,0.12795,0.095037,0.13255,0.13103,0.11109,0.12134,0.080311,0.14359,0.043629,0.13953,0.091796,0.12248,0.08372,0.081346,0.14751,0.08705,0.064445,0.087985,0.044069,0.068012,0.058139,0.058513,0.077594,0.093511,0.066947,0.10442,0.090808,0.12498,0.089534,0.14647,0.11797,0.11399,0.072961,0.1031,0.14045,0.13963,0.042682,0.077538,0.05042,0.088389,0.078229,0.10152,0.066489,0.071626,0.077492,0.12668,0.07867,0.12998,0.10898,0.04676,0.11958,0.056193,0.10554,0.088164,0.044544,0.088219,0.082895,0.12655,0.13022,0.1412,0.058228,0.085798,0.10662,0.081359,0.098324,0.13738,0.13293,0.10382,0.081463,0.10924,0.13005,0.072031,0.043694,0.12142,0.11126,0.090335,0.12683,0.12612,0.14883,0.05583,0.046356,0.10555,0.10785,0.11689,0.12223,0.1281,0.13035,0.091613,0.035886,0.050086,0.12978,0.10841,0.11659,0.10673,0.11766,0.11418,0.13419,0.1293,0.10269,0.136,0.069156,0.061075,0.12949,0.11703,0.11573,0.041652,0.08377,0.093017
0,0,0,0,0,0,0,0,0,0,0,0,0,0,0,0,0,0,0,0,0,0,0,0,0,0,0,0,0,0,0,0,0,0,0,0,0,0,0,0,0,0,0,0,0,0,0,0,0,0,0,0,0,0,0,0,0,0,0,0,0,0,0,0,0,0,0,0,0,0,0,0,0,0,0,0,0,0,0,0,0,0,0,0,0,0,0,0,0,0,0,0,0,0,0,0,0,0,0,0,0,0,0,0,0,0,0,0,0,0,0,0,0,0,0,0,0,0,0,0,0,0,0,0,0,0,0,0,0,0,0,0,0,0,0,0,0,0,0,0,0,0,0,0,0,0,0,0,0,0,0,0,0,0,0,0,0,0,0,0,0,0,0,0,0,0,0,0,0,0,0,0,0,0,0,0,0,0,0,0,0,0,0,0,0,0,0,0,0,0,0,0,0,0,0,0,0,0,0,0
0.032326,0,0.03359,0.0042786,0.039668,0.031067,0.0078652,0.037456,0.029004,0,0.0078385,0.0084051,0.027417,0.014115,0.056127,0.039824,0.076995,0.038165,0.042985,0.034652,0.024167,0,0.0052159,0.036233,0.020517,0,0.040558,0,0.069651,0.080353,0.024135,0.0091579,0.060233,0.013698,0.02997,0.039932,0.03248,0,0.015205,0.058637,0.081344,0.049065,0.034625,0,0.069866,0.045844,0,0.062544,0,0.076246,0.034953,0.0091482,0.027953,0.0076507,0,0.029968,0.051957,0.026332,0.012101,0.026609,0.011095,0.0070877,0.014354,0.015094,0.073448,0.044264,0,0.012156,0,0.016981,0.072535,0.01723,0.062452,0,0.014092,0,0.0020147,0,0.023664,0.039868,0.014576,0.0087272,0,0.01482,0.037417,0,0.02369,0.028363,0.032836,0.02836,0,0,0.0025737,0.051588,0,0,0,0.035739,0.040009,0.0049172,0.037233,0.0048923,0.046372,0.0071673,0.016909,0,0.027044,0,0.045306,0.012244,0.031187,0.022132,0.046181,0,0.030514,0.0090054,0.015653,0.032206,0,0.019174,0.048739,0.050576,0.018475,0.058022,0.03477,0,0.021244,0,0,0.0067941,0.059423,0.042309,0.052563,0.032363,0.036604,0.0015992,0.065338,0.048121,0.033209,0.061646,0.083486,0.010529,0.018174,0.054553,0.013651,0.030175,0,0,0.010886,0.015343,0.023554,0.019091,0.029054,0.024032,0,0.013171,0,0,0.043286,0.029748,0,0.057583,0,0.0074146,0.016352,0.018298,0.033445,0.009347,0.024359,0.023316,0.031918,0.035721,0.0011281,0.057239,0.03501,0.0074384,0.063735,0.017163,0,0.019747,0,6.3771e-16,0.0021088,0.069316,0.022117,0.047342,0.047877,0.084143,0.0033938,0.011236,0.049169,0.036241,0.031956,0.047728,0.028096,0.018202,0.048413,0.0049994,0.064667,0.005581
0,0,0,0,0,0,0,0,0,0,0,0,0,0,0,0,0,0,0,0,0,0,0,0,0,0,0,0,0,0,0,0,0,0,0,0,0,0,0,0,0,0,0,0,0,0,0,0,0,0,0,0,0,0,0,0,0,0,0,0,0,0,0,0,0,0,0,0,0,0,0,0,0,0,0,0,0,0,0,0,0,0,0,0,0,0,0,0,0,0,0,0,0,0,0,0,0,0,0,0,0,0,0,0,0,0,0,0,0,0,0,0,0,0,0,0,0,0,0,0,0,0,0,0,0,0,0,0,0,0,0,0,0,0,0,0,0,0,0,0,0,0,0,0,0,0,0,0,0,0,0,0,0,0,0,0,0,0,0,0,0,0,0,0,0,0,0,0,0,0,0,0,0,0,0,0,0,0,0,0,0,0,0,0,0,0,0,0,0,0,0,0,0,0,0,0,0,0,0,0
0,0,0,0,0,0,0,0,0,0,0,0,0,0,0,0,0,0,0,0,0,0,0,0,0,0,0,0,0,0,0,0,0,0,0,0,0,0,0,0,0,0,0,0,0,0,0,0,0,0,0,0,0,0,0,0,0,0,0,0,0,0,0,0,0,0,0,0,0,0,0,0,0,0,0,0,0,0,0,0,0,0,0,0,0,0,0,0,0,0,0,0,0,0,0,0,0,0,0,0,0,0,0,0,0,0,0,0,0,0,0,0,0,0,0,0,0,0,0,0,0,0,0,0,0,0,0,0,0,0,0,0,0,0,0,0,0,0,0,0,0,0,0,0,0,0,0,0,0,0,0,0,0,0,0,0,0,0,0,0,0,0,0,0,0,0,0,0,0,0,0,0,0,0,0,0,0,0,0,0,0,0,0,0,0,0,0,0,0,0,0,0,0,0,0,0,0,0,0,0
0,0,0,0,0,0,0,0,0,0,0,0,0,0,0,0,0,0,0,0,0,0,0,0,0,0,0,0,0,0,0,0,0,0,0,0,0,0,0,0,0,0,0,0,0,0,0,0,0,0,0,0,0,0,0,0,0,0,0,0,0,0,0,0,0,0,0,0,0,0,0,0,0,0,0,0,0,0,0,0,0,0,0,0,0,0,0,0,0,0,0,0,0,0,0,0,0,0,0,0,0,0,0,0,0,0,0,0,0,0,0,0,0,0,0,0,0,0,0,0,0,0,0,0,0,0,0,0,0,0,0,0,0,0,0,0,0,0,0,0,0,0,0,0,0,0,0,0,0,0,0,0,0,0,0,0,0,0,0,0,0,0,0,0,0,0,0,0,0,0,0,0,0,0,0,0,0,0,0,0,0,0,0,0,0,0,0,0,0,0,0,0,0,0,0,0,0,0,0,0
0,0,0,0,0,0,0,0,0,0,0,0,0,0,0,0,0,0,0,0,0,0,0,0,0,0,0,0,0,0,0,0,0,0,0,0,0,0,0,0,0,0,0,0,0,0,0,0,0,0,0,0,0,0,0,0,0,0,0,0,0,0,0,0,0,0,0,0,0,0,0,0,0,0,0,0,0,0,0,0,0,0,0,0,0,0,0,0,0,0,0,0,0,0,0,0,0,0,0,0,0,0,0,0,0,0,0,0,0,0,0,0,0,0,0,0,0,0,0,0,0,0,0,0,0,0,0,0,0,0,0,0,0,0,0,0,0,0,0,0,0,0,0,0,0,0,0,0,0,0,0,0,0,0,0,0,0,0,0,0,0,0,0,0,0,0,0,0,0,0,0,0,0,0,0,0,0,0,0,0,0,0,0,0,0,0,0,0,0,0,0,0,0,0,0,0,0,0,0,0
0.061905,0.024256,0.073402,0.064028,0.026892,0.018184,0.023881,0.053826,0.048721,0.075574,0.074138,0.011421,0.063976,0.055903,0,0.072089,0.064452,0.070763,0,0.040393,0.049263,0.10311,0.049565,0.041242,0.064917,0.052274,0.058622,0.05144,0.066848,0.049346,0.052453,0.013287,0,0.040748,0.054446,0.038204,0.087975,0.038582,0.096845,0.095195,0.026279,0.020064,0.066285,0.10898,0.050566,0.036828,0.079017,0.040586,0.046081,0,0.056464,0.058843,0,0.02878,0.083506,0.058003,0.038353,0.0728,0.078446,0.011572,0.010137,0.054961,0.024556,0.087908,0.073742,0,0.036787,0.083159,0.046811,0.068165,0.068659,0.074694,0.065948,0.065186,0.071163,0,0,0.072484,0.044526,0.073452,0.03782,0.034087,0.08213,0,0.06933,0.056697,0,0.016859,0.050956,0.025598,0.0075604,0.0035528,0.086841,0.059583,0.069221,0.073389,0.058449,0,0.069712,0.0049294,0.048666,0.05937,0.054479,0.076209,0.05866,0.042222,0.062662,0.087525,0.045734,0.052003,0.10264,0.093335,0.05963,0.096414,0.044016,0.046056,0.08852,0.079709,0.054717,0,0,0.0045698,0.067991,0,0.056949,0.048549,0.066251,0.002962,0.038403,0.036913,0,0.06543,0,0,0.016503,0.11395,0.097161,0,0.01551,0.065757,0,0.077143,0.03809,0.037631,0.054214,0.065015,0.041849,0.069639,0.064914,0,0.037791,0.042102,0.052137,0.087419,0.076931,0.048105,0.052239,0.070373,0.055963,0.01867,0.055829,0,0.04244,0,0.03357,0.037602,0.087817,0.067355,0.062387,0.02607,0.057618,0.059228,0.051043,0.062402,0,0.077454,0.052581,0.080617,0.047404,0.028573,0.013174,0.088413,0,0,0.061577,0.057589,0.069401,0.029283,0.089647,0.031238,0.036943,0.089584,0.083916,0.08237,0.085499,0.043409,0.045535,0.090994,0.024423,0.052947
0,0,0,0.037449,0,0,0,0,0,0,0,0,0,0,0.05252,0,0,0,0.021864,0,0,0,0,0,0,0,0,0,0,0,0,0,0.061392,0,0.027192,0,0,0,0,0,0,0.0321,0,0,0,0,0,0,0,0,0,0,0,0,0,0,0,0,0,0,0,0,0,0,0,0,0,0.036129,0,0,0,0,0,0,0,0,0,0,0,0,0,0,0,0,0.056333,0,0,0,0,0,0,0,0,0,0,0,0.050618,0,0,0,0.030224,0,0,0,0,0,0,0,0,0,0,0,0,0,0,0,0,0,0,0,0,0,0,0.032055,0,0,0,0,0,0,0,0,0,0.016095,0,0,0,0,0,0,0,0,0,0,0,0,0,0,0,0,0,0,0,0,0,0,0,0,0,0,0.067035,0,0,0,0,0,0,0,0,0,0,0,0,0,0,0,0,0,0,0,0,0,0,0,0,0,0,0,0,0,0,0,0,0,0,0,0,0,0,0
0,0,0,0,0,0,0,0,0,0,0,0,0,0,0,0,0,0,0,0,0,0,0,0,0,0,0,0,0,0,0,0,0,0,0,0,0,0,0,0,0,0,0,0,0,0,0,0,0,0,0,0,0,0,0,0,0,0,0,0,0,0,0,0,0,0,0,0,0,0,0,0,0,0,0,0,0,0,0,0,0,0,0,0,0,0,0,0,0,0,0,0,0,0,0,0,0,0,0,0,0,0,0,0,0,0,0,0,0,0,0,0,0,0,0,0,0,0,0,0,0,0,0,0,0,0,0,0,0,0,0,0,0,0,0,0,0,0,0,0,0,0,0,0,0,0,0,0,0,0,0,0,0,0,0,0,0,0,0,0,0,0,0,0,0,0,0,0,0,0,0,0,0,0,0,0,0,0,0,0,0,0,0,0,0,0,0,0,0,0,0,0,0,0,0,0,0,0,0,0
0,0,0,0,0,0,0,0,0,0,0,0,0,0,0,0,0,0,0,0,0,0,0,0,0,0,0,0,0,0,0,0,0,0,0,0,0,0,0,0,0,0,0,0,0,0,0,0,0,0,0,0,0,0,0,0,0,0,0,0,0,0,0,0,0,0,0,0,0,0,0,0,0,0,0,0,0,0,0,0,0,0,0,0,0,0,0,0,0,0,0,0,0,0,0,0,0,0,0,0,0,0,0,0,0,0,0,0,0,0,0,0,0,0,0,0,0,0,0,0,0,0,0,0,0,0,0,0,0,0,0,0,0,0,0,0,0,0,0,0,0,0,0,0,0,0,0,0,0,0,0,0,0,0,0,0,0,0,0,0,0,0,0,0,0,0,0,0,0,0,0,0,0,0,0,0,0,0,0,0,0,0,0,0,0,0,0,0,0,0,0,0,0,0,0,0,0,0,0,0
0,0,0,0,0,0,0,0,0,0,0,0,0.10048,0,0,0.065447,0.11151,0.07283,0,0,0,0.062438,0.029157,0.044691,0,0,0.091673,0,0,0,0.067451,0,0,0,0,0,0.090639,0,0,0.095141,0,0,0,0,0.099752,0,0.078817,0,0,0,0,0,0.053482,0,0.037881,0,0,0,0,0,0,0,0.07107,0,0,0,0,0,0.078871,0.0536,0.091383,0,0,0.06466,0,0,0,0,0,0,0,0.048844,0,0,0,0,0,0,0.087016,0,0,0,0,0.1019,0,0,0,0,0,0,0,0,0.06957,0,0,0,0,0,0,0,0.09989,0,0.079295,0,0.070588,0,0,0,0,0,0,0,0,0,0,0,0,0,0,0,0,0.12428,0.078448,0.087594,0,0,0,0.069841,0,0,0.096129,0.067281,0,0,0,0,0,0,0,0,0,0,0,0.048185,0.055611,0.10418,0,0,0,0.075651,0,0,0,0,0,0,0.097199,0,0,0,0,0.075372,0,0.08752,0,0,0,0,0,0,0,0.02997,0,0.068795,0,0,0,0,0,0,0,0.070434,0,0.073767,0,0,0.062577,0.079473,0,0
0,0,0,0,0,0,0,0,0,0,0,0.024906,0.0097253,0,0,0,0,0,0,0,0.011566,0,0,0,0.017906,0,0,0,0,0,0,0,0,0,0,0,0.015227,0,0,0,0,0,0,0,0,0.0036492,0,0.016911,0,0,0,0,0,0,0,0,0,0,0,0,0,0,0,0,0,0,0,0,0,0,0,0,0,0,0,0,0,0,0,0,0,0,0,0,0,0,0,0,0,0,0,0,0,0,0,0.0040606,0,0,0,0,0,0.0013178,0,0,0,0,0.018083,0,0,0,0,0,0,0.017018,0,0.0079426,0,0,0,0,0,0,0,0,0,0,0.023513,0,0,0,0,0,0,0,0,0,0,0,0,0,0,0,0,0,0,0,0,0,0,0,0.0062335,0,0,0.023392,0,0,0,0,0,0.0057581,0,0,0,0,0,0,0,0,0,0,0,0.020707,0,0,0.016161,0,0,0,0.011483,0,0.0056987,0.016084,0,0,0,0,0.021249,0,0,0.010672,0,0.0036079,0,0,0,0.0017822,0.00051799,0,0,0
0,0.084296,0,0,0.11865,0.10496,0,0,0,0,0.10728,0,0,0,0,0,0,0,0,0,0.090374,0,0,0.085724,0,0,0,0,0,0,0,0.1237,0,0,0,0,0,0,0,0,0,0.13233,0,0,0,0,0,0,0,0.081681,0,0,0.11494,0,0,0,0.10712,0,0,0.11561,0,0,0,0,0.080434,0.12454,0,0,0,0,0,0,0.05803,0,0,0,0.11137,0,0,0,0,0,0,0,0,0.11197,0,0,0,0,0,0.14641,0,0,0,0,0,0,0,0,0.098011,0,0,0,0,0.089315,0,0,0,0,0.076514,0,0.066653,0.11004,0,0,0,0,0,0,0.10439,0,0,0,0.10358,0,0,0,0.12385,0,0.11962,0,0,0,0.10572,0,0,0,0,0,0,0.074525,0,0.11629,0,0,0.1094,0,0,0,0,0,0,0,0,0,0,0,0,0,0,0,0,0,0.13915,0,0,0,0,0,0,0.076492,0.11335,0,0,0,0,0,0,0,0.14611,0.14465,0,0,0,0,0,0,0,0,0,0,0,0,0,0,0,0,0,0
0,0,0,0,0,0,0,0,0,0,0,0,0,0,0,0,0,0,0,0,0,0,0,0,0,0,0,0,0,0,0,0,0,0,0,0,0,0,0,0,0,0,0,0,0,0,0,0,0,0,0,0,0,0,0,0,0,0,0,0,0,0,0,0,0,0,0,0,0,0,0,0,0,0,0,0,0,0,0,0,0,0,0,0,0,0,0,0,0,0,0,0,0,0,0,0,0,0,0,0,0,0,0,0,0,0,0,0,0,0,0,0,0,0,0,0,0,0,0,0,0,0,0,0,0,0,0,0,0,0,0,0,0,0,0,0,0,0,0,0,0,0,0,0,0,0,0,0,0,0,0,0,0,0,0,0,0,0,0,0,0,0,0,0,0,0,0,0,0,0,0,0,0,0,0,0,0,0,0,0,0,0,0,0,0,0,0,0,0,0,0,0,0,0,0,0,0,0,0,0
0,0,0,0,0,0,0,0,0,0,0,0,0,0,0,0,0,0,0,0,0,0,0,0,0,0,0,0,0,0,0,0,0,0,0,0,0,0,0,0,0,0,0,0,0,0,0,0,0,0,0,0,0,0,0,0,0,0,0,0,0,0,0,0,0,0,0,0,0,0,0,0,0,0,0,0,0,0,0,0,0,0,0,0,0,0,0,0,0,0,0,0,0,0,0,0,0,0,0,0,0,0,0,0,0,0,0,0,0,0,0,0,0,0,0,0,0,0,0,0,0,0,0,0,0,0,0,0,0,0,0,0,0,0,0,0,0,0,0,0,0,0,0,0,0,0,0,0,0,0,0,0,0,0,0,0,0,0,0,0,0,0,0,0,0,0,0,0,0,0,0,0,0,0,0,0,0,0,0,0,0,0,0,0,0,0,0,0,0,0,0,0,0,0,0,0,0,0,0,0
0,0,0,0,0,0,0.056915,0,0.045815,0,0,0,0,0.001736,0,0,0,0,0,0,0,0.040558,0,0.023449,0,0,0.018043,0,0,0,0,0,0,0,0,0,0,0,0,0,0,0,0,0,0,0,0,0,0,0,0,0,0,0,0,0,0,0,0,0.01545,0,0,0,0,0,0,0,0.034669,0.011672,0,0,0,0,0,0,0.058777,0,0,0,0,0,0,0,0,0,0,0,0,0,0,0,0,0,0,0,0,0,0,0,0,0,0,0.010238,0.019354,0,0,0,0,0,0,0,0,0,0,0.068372,0,0,0.024317,0,0,0,0,0,0,0,0.0044149,0,0.044768,0,0.041961,0,0,0,0,0,0,0,0,0,0,0,0,0,0,0,0,0,0,0,0,0,0,0,0,0,0,0.029125,0,0.028649,0,0.057002,0,0,0,0,0,0,0,0,0,0,0,0,0,0.065466,0,0,0,0,0,0,0,0,0,0,0,0,0.043573,0,0.065795,0,0,0,0,0,0,0,0.032454,0.037357,0
0,0.0032527,0,0,0,0,0,0,0,0,0,0,0,0,0,0,0,0,0,0,0,0,0,0,0,0,0,0,0,0,0,0,0,0,0,0,0,0,0,0,0.022204,0,0.018781,0,0,0,0,0,0,0,0.0070053,0,0,0,0,0,0,0.020933,0,0,0,0,0,0,0,0,0,0,0,0,0,0,0,0,0,0,0,0,0,0,0,0,0,0,0,0,0.0071499,0,0,0,0,0,0,0,0,0,0,0,0,0,0,0,0,0,0,0,0,0,0,0,0,0,0,0,0,0,0,0,0,0,0,0,0,0,0,0,0,0,0,0,0,0,0,0,0,0,0,0,0,0,0,0,0,0,0,0,0,0,0,0,0,0,0,0,0,0,0,0,0,0,0,0,0,0,0.020223,0,0,0,0,0.010316,0,0,0,0,0,0,0,0,0,0.0053517,0,0,0,0,0,0,0,0,0,0,0,0,0,0,0,0,0,0,0,0
0,0,0,0,0,0,0,0,0,0,0,0,0,0,0,0,0,0,0,0,0,0,0,0,0,0,0,0,0,0,0,0,0,0,0,0,0,0,0,0,0,0,0,0,0,0,0,0,0,0,0,0,0,0,0,0,0.018143,0,0,0,0,0,0,0,0,0,0,0,0,0,0,0,0,0,0,0,0,0,0,0,0,0,0,0,0.02133,0,0,0,0,0.021712,0,0,0,0,0,0,0,0,0,0,0,0,0,0,0,0,0,0,0,0,0,0,0,0,0,0,0,0,0,0,0,0,0,0,0,0,0,0,0,0,0,0,0,0,0,0,0,0,0,0,0,0,0,0,0.02674,0,0,0,0,0,0,0,0,0,0,0,0,0,0.038003,0,0,0.027196,0,0,0,0,0,0,0,0,0,0,0,0,0,0,0,0,0,0,0.015919,0,0,0,0,0,0,0,0,0,0,0,0,0,0,0,0,0,0,0
0,0,0,0,0,0,0,0,0,0,0,0,0,0,0,0,0,0,0,0,0,0,0,0,0,0,0,0,0,0,0,0,0,0.020798,0,0,0,0,0.0071923,0,0,0,0,0,0,0,0,0,0.030452,0.009428,0,0,0,0.013788,0,0,0,0,0,0,0,0,0,0,0,0,0,0,0,0,0,0,0,0,0,0,0,0,0,0,0,0,0,0.014005,0,0,0,0,0,0.0062809,0,0,0,0,0.0023162,0,0,0,0,0,0,0,0,0,0,0,0,0,0,0,0,0,0,0,0,0,0,0,0,0,0,0,0,0,0,0,0,0,0,0,0,0,0,0,0,0,0,0,0,0,1.109e-05,0,0,0,0,0,0,0,0,0,0,0,0,0,0,0,0.051282,0,0,0,0,0,0,0.028349,0,0,0,0,0,0,0,0,0,0,0,0,0,0,0,0,0,0,0,0,0,0,0.010576,0,0,0,0,0,0,0,0,0.0035282,0,0,0,0
0,0,0,0.018772,0,0,0,0,0,0.030069,0,0,0,0,0,0,0,0.0046155,0,0.045987,0,0,0,0,0,0,0,0,0,0,0,0,0,0,0,0,0,0,0,0,0,0,0,0,0,0,0.053842,0,0,0,0,0,0,0,0,0,0,0,0,0,0,0,0,0,0,0,0,0,0,0,0,0.019869,0,0,0,0,0,0.048376,0,0,0,0,0.0055774,0,0,0,0.008623,0.0049381,0,0,0.0060254,0,0,0.049968,0.0049717,0,0,0,0,0.020081,0,0,0,0,0,0,0,0,0,0,0,0,0,0,0,0,0,0,0,0,0,0,0.0022214,0.0039798,0,0.016259,0,0,0.045923,0,0,0,0,0,0.001295,0,0,0,0,0,0,0,0,0,0,0,0,0,0,0,0.02833,0,0,0,0.023341,0,0,0,0.018043,0,0,0,0,0,0,0,0,0,0,0.029124,0.0059103,0,0,0.0071312,0,0,0,0,0.035733,0,0,0,0,0.043099,0,0.022732,0,0,0,0,0,0,0,0,0,0,0.034848,0,0,0
0,0,0,0,0,0,0,0,0,0,0.001239,0,0,0,0,0,0,0,0,0,0,0,0,0,0,0,0,0,0,0,0,0,0,0.01299,0,0,0,0,0,0,0,0,0.0072409,0,0,0,0,0.012705,0,0,0,0,0,0.0073892,0,0,0,0.0019528,0,0,0,0,0,0,0,0.01147,0,0,0,0,0,0,0,0,0,0.0054197,0.010784,0,0,0,0,0,0,0,0,0,0,0,0,0,0,0,0,0,0,0,0,0,0,0,0,0,0,0.0011114,0,0,0,0,0,0,0,0,0,0,0,0,0,0,0,0,0,0,0,0,0,0,0,0,0,0,0,0,0,0,0,0,0,0,0,0,0,0,0,0,0,0,0,0,0,0,0,0,0,0,0,0,0,0,0,0,0,0,0,0,0,0,0,0,0,0,0,0,0,0,0,0,0,0,0,0,0.0036046,0,0,0,0,0,0,0,0,0,0,0,0,0,0,0,0,0,0.0044612,0
0,0,0,0,0,0,0,0,0,0,0,0,0,0.015076,0,0,0,0,0,0,0,0,0,0,0,0,0,0,0,0,0,0.038558,0,0,0,0,0,0,0,0,0,0,0.0071354,0,0,0,0,0,0,0,0,0.0027736,0,0,0,0,0,0,0,0,0,0,0,0,0,0,0,0,0,0,0,0,0,0,0,0,0,0,0,0,0,0,0,0,0,0,0,0,0,0,0,0,0,0,0,0,0,0,0,0,0,0,0.016685,0,0,0,0,0,0,0,0,0,0,0,0,0,0,0,0,0,0,0,0,0,0,0.013762,0,0,0,0,0,0,0,0,0,0,0,0,0,0,0,0,0,0,0,0,0,0,0,0,0,0,0,0,0,0,0,0,0,0,0,0,0,0,0,0,0,0,0,0,0,0,0.02913,0,0,0,0,0,0,0,0,0,0,0,0,0,0,0,0,0.023779,0,0.011197,0,0,0,0.020176,0,0,0,0
0.059925,0.068801,0,0,0.068254,0,0,0,0,0,0,0,0,0,0,0,0,0,0,0,0,0.067056,0,0,0,0,0,0.061568,0,0.04903,0,0,0,0,0,0,0,0,0,0,0.076745,0,0.073597,0,0,0,0,0,0,0.07731,0.074791,0,0,0,0,0,0,0.081157,0,0,0,0,0,0,0.075661,0,0,0,0,0.062439,0,0.070827,0.062309,0.085675,0,0,0,0,0,0.055406,0,0,0,0,0,0.043362,0.088336,0,0.05465,0,0,0,0,0,0,0,0,0,0,0,0,0,0,0,0.061084,0,0,0,0.073107,0.057907,0,0.079707,0,0,0.074231,0,0,0.057549,0.060422,0,0,0,0,0.067905,0.055,0,0,0,0,0,0.078145,0.0971,0.06607,0,0,0,0.079596,0,0,0,0,0,0,0,0,0,0,0.089255,0,0.070841,0,0,0.068673,0,0,0.082685,0,0,0,0,0,0.076203,0,0.089182,0.063155,0.068988,0,0,0,0.085305,0,0,0,0.071075,0,0,0.061063,0,0,0,0,0,0,0,0,0.07529,0,0,0,0,0.065521,0,0,0.034096,0,0,0,0,0.087131,0.09701
0,0.01668,0,0,0,0,0,0,0,0,0,0,0,0,0,0,0,0,0,0,0,0,0,0,0,0,0,0,0,0,0,0,0,0,0,0,0,0,0,0,0,0,0,0,0,0,0,0,0,0,0,0,0,0,0,0,0,0,0,0,0,0,0,0.00071501,0.0061824,0,0,0,0,0,0,0,0,0,0,0,0,0,0,0,0,0,0,0,0,0,0,0,0,0,0,0,0,0,0,0,0,0,0,0.0046543,0,0,0,0,0,0,0,0,0,0.0056466,0,0,0,0,0,0,0,0,0,0,0,0,0,0,0,0,0,0,0,0,0,0,0,0,0,0,0,0,0,0,0,0,0,0,0,0,0,0,0,0,0,0,0,0,0,0,0,0,0,0,0,0,0,0,0,0,0,0,0,0.048957,0,0,0,0,0,0,0,0,0,0,0,0,0,0,0.00017974,0,0,0,0,0,0,0,0,0,0,0,0,0,0,0
0,0,0,0,0,0,0,0,0,0,0,0,0,0,0,0,0,0,0,0,0,0,0,0,0,0,0,0,0,0,0,0,0,0,0,0,0,0,0,0,0,0,0,0,0,0,0,0,0,0,0,0,0,0,0,0,0,0,0,0,0,0,0,0,0,0,0,0,0,0.0023718,0,0,0,0,0,0.015506,0,0,0,0,0,0,0,0.0019744,0,0,0,0,0,0,0,0,0,0,0,0,0,0,0,0,0,0,0,0,0,0,0,0,0,0,0,0,0,0,0,0,0,0,0,0,0,0,0,0,0,0,0,0,0,0,0,0,0.011163,0,0,0,0,0,0,0,0,0,0,0,0,0,0,0,0,0,0,0,0,0,0,0,0,0,0,0,0,0,0,0,0,0,0,0,0,0,0,0,0,0,0,0,0,0,0,0,0,0,0,0,0,0,0,0,0.0061986,0,0,0,0,0,0,0,0,0,0,0.0025548
0,0,0.019852,0,0,0,0,0.0016148,0,0,0,0,0,0,0,0.012875,0,0,0.011293,0,0,0,0,0,0,0,0,0,0.020366,0,0,0,0,0,0,0,0,0,0,0,0,0,0,0,0,0,0,0,0,0,0,0,0,0,0,0,0,0,0,0,0,0,0,0,0,0,0,0,0,0,0,0,0,0,0,0,0,0,0,0,0,0,0.036809,0,0,0,0,0,0,0.0081733,0,0,0,0,0,0,0,0,0,0,0,0,0,0,0,0,0.0024635,0,0,0,0,0,0,0,0,0,0,0,0,0,0,0,0,0,0,0,0,0.014531,0,0.0022874,0,0,0,0,0,0,0,0,0.025192,0,0,0,0,0,0,0,0,0.031031,0,0,0,0,0,0,0,0,0,0,0,0,0,0,0,0,0,0.017369,0.023897,0.015183,0,0,0.0097546,0,0,0,0,0.028138,0,0.012926,0,0,0,0,0,0,0,0,0,0,0,0,0,0,0,0,0,0,0,0,0,0
0,0.029444,0,0,0,0,0,0,0,0.0050243,0,0,0,0,0,0,0,0,0,0,0,0,0,0,0.0096427,0,0,0.049583,0,0.022152,0,0,0,0,0,0.0087263,0,0,0,0,0,0,0,0,0,0,0,0,0,0,0,0,0,0,0,0,0,0.0032915,0,0,0.0039396,0,0,0,0,0,0,0,0,0,0,0.034576,0,0,0,0,0,0,0,0,0,0,0.025149,0,0,0,0,0,0,0,0,0,0,0,0,0,0,0,0,0,0,0,0,0,0,0,0,0,0,0,0,0,0,0,0,0,0,0.038496,0.019352,0,0,0.015544,0.055602,0,0,0,0,0,0,0,0,0,0,0,0,0,0,0,0,0,0,0,0,0,0,0,0,0,0,0,0,0,0,0,0,0.0078912,0,0,0,0,0,0,0,0,0.015178,0,0,0,0.035898,0,0.025501,0.00036471,0,0,0,0,0,0.015436,0.020565,0,0,0,0,0,0,0,0,0,0,0,0,0,0,0,0.033452,0,0,0,0,0
0,0,0,0,0.071414,0.062493,0,0.060475,0,0,0,0,0,0,0,0,0,0.089189,0.077219,0,0,0,0,0.060709,0,0,0,0,0.071453,0,0,0,0,0,0,0,0,0,0,0.082873,0,0,0,0,0,0,0,0,0,0,0,0,0,0,0,0,0,0,0,0.058611,0,0,0,0,0,0,0,0,0.059277,0,0,0,0.055825,0,0,0,0,0,0,0.047591,0,0,0,0,0,0,0,0,0,0,0,0,0,0,0,0,0,0.05582,0.12089,0,0,0,0,0,0.074396,0.054184,0,0.083657,0.069023,0,0,0,0.066633,0,0,0.095351,0.089273,0,0,0.075953,0.043532,0,0,0,0.036397,0,0,0,0,0.066231,0,0,0,0,0,0.082366,0,0,0.10011,0,0,0,0,0,0.082089,0.080484,0,0,0.088155,0,0,0.082158,0.070566,0,0,0,0,0,0,0,0,0,0,0,0,0,0,0.04974,0.061108,0,0,0,0,0,0,0,0,0,0,0.045113,0,0,0.074735,0,0,0,0,0,0,0,0,0,0.10674,0,0,0,0,0.07987,0,0
0,0,0,0,0,0,0,0,0,0,0,0,0,0,0,0,0,0,0,0,0,0,0,0,0,0,0,0,0,0,0.034747,0,0,0,0,0,0,0,0,0,0,0,0,0,0.011687,0,0,0,0,0,0,0,0,0,0,0,0,0,0,0,0,0,0,0,0,0.056821,0,0,0,0,0,0,0,0,0,0,0,0,0,0,0,0,0,0,0,0,0,0,0,0,0,0,0,0,0,0,0,0.01546,0,0,0,0,0,0,0,0,0,0,0,0,0,0,0,0,0,0,0,0,0,0,0,0,0,0,0,0.016502,0,0,0.028969,0,0,0,0,0,0,0,0,0,0,0,0.03395,0,0.0081466,0,0,0,0,0,0,0,0,0,0,0,0,0,0,0,0,0,0,0,0,0,0,0,0,0,0,0,0,0,0,0,0,0.012335,0,0,0,0,0,0,0,0,0,0,0,0,0,0,0,0,0,0,0.069686,0,0,0,0,0.024981
0,0,0,0,0,0,0,0,0,0,0,0,0,0,0,0,0,0,0,0,0,0,0,0,0,0,0,0,0,0,0,0,0,0,0,0,0,0,0,0,0,0,0,0,0,0,0,0,0,0,0,0,0,0,0,0,0,0,0,0,0,0.009151,0,0,0,0,0,0,0,0,0,0,0,0,0.011998,0,0,0,0,0,0,0,0,0,0,0,0,0,0,0,0,0,0,0,0,0,0,0,0,0,0,0,0,0,0,0,0,0,0,0,0,0,0,0,0,0,0,0,0,0,0,0,0,0,0,0,0,0,0,0,0,0,0,0,0,0,0,0,0,0,0,0,0,0,0.0080751,0,0,0,0,0,0,0,0,0,0,0,0,0,0,0,0,0,0,0,0,0,0,0,0,0,0,0,0,0,0,0,0,0,0.00053009,0,0,0,0,0,0,0,0,0,0,0,0,0,0,0,0,0,0,0,0,0
0,0,0,0,0,0,0,0,0,0,0,0,0,0,0,0,0,0,0,0,0,0,0,0,0,0,0,0,0,0,0,0,0,0,0,0,0,0,0,0,0,0,0,0,0,0,0,0,0,0,0,0,0,0,0,0,0,0,0,0,0,0,0,0,0,0,0,0,0,0,0,0,0,0,0,0,0,0,0,0,0,0,0,0,0,0,0,0,0,0,0,0,0,0,0,0,0,0,0,0,0,0,0,0,0,0,0,0,0,0,0,0,0,0,0,0,0,0,0,0,0,0,0,0,0,0,0,0,0,0,0,0,0,0,0,0,0,0,0,0,0,0,0,0,0,0,0,0,0,0,0,0,0,0,0,0,0,0,0,0,0,0,0,0,0,0,0,0,0,0,0,0,0,0,0,0,0,0,0,0,0,0,0,0,0,0,0,0,0,0,0,0,0,0,0,0,0,0,0,0
0,0,0,0,0,0,0,0,0,0,0,0,0,0,0,0,0,0,0,0,0,0,0,0,0,0,0,0,0,0,0,0,0,0,0,0,0,0,0,0,0,0,0,0,0,0,0,0,0,0,0,0,0,0,0,0,0,0,0,0,0,0,0,0,0,0,0,0,0,0,0,0,0,0,0,0,0,0,0,0,0,0,0,0,0,0,0,0,0,0,0,0,0,0,0,0,0,0,0,0,0,0,0,0,0,0,0,0,0,0,0,0,0,0,0,0,0,0,0,0,0,0,0,0,0,0,0,0,0,0,0,0,0,0,0,0,0,0,0,0,0,0,0,0,0,0,0,0,0,0,0,0,0,0,0,0,0,0,0,0,0,0,0,0,0,0,0,0,0,0,0,0,0,0,0,0,0,0,0,0,0,0,0,0,0,0,0,0,0,0,0,0,0,0,0,0,0,0,0,0
0,0,0,0,0,0,0,0,0,0,0,0,0,0,0,0,0,0,0,0,0,0,0,0,0,0,0,0,0,0,0,0,0,0,0,0,0,0,0,0,0,0,0,0,0,0,0,0,0,0,0,0,0,0,0,0,0,0,0,0,0,0,0,0,0,0,0,0,0,0,0,0,0,0,0,0,0,0,0,0,0,0,0,0,0,0,0,0,0,0,0,0,0,0,0,0,0,0,0,0,0,0,0,0,0,0,0,0,0,0,0,0,0,0,0,0,0,0,0,0,0,0,0,0,0,0,0,0,0,0,0,0,0,0,0,0,0,0,0,0,0,0,0,0,0,0,0,0,0,0,0,0,0,0,0,0,0,0,0,0,0,0,0,0,0,0,0,0,0,0,0,0,0,0,0,0,0,0,0,0,0,0,0,0,0,0,0,0,0,0,0,0,0,0,0,0,0,0,0,0
0,0,0,0,0,0,0,0,0,0,0,0,0,0,0,0,0,0,0,0,0,0,0,0,0,0,0,0,0,0,0,0,0,0,0,0,0,0,0,0,0,0,0,0,0,0,0,0,0,0,0,0,0,0,0,0,0,0,0,0,0,0,0,0,0,0,0,0,0,0,0,0,0,0,0,0,0,0,0,0,0,0,0,0,0,0,0,0,0,0,0,0,0,0,0,0,0,0,0,0,0,0,0,0,0,0,0,0,0,0,0,0,0,0,0,0,0,0,0,0,0,0,0,0,0,0,0,0,0,0,0,0,0,0,0,0,0,0,0,0,0,0,0,0,0,0,0,0,0,0,0,0,0,0,0,0,0,0,0,0,0,0,0,0,0,0,0,0,0,0,0,0,0,0,0,0,0,0,0,0,0,0,0,0,0,0,0,0,0,0,0,0,0,0,0,0,0,0,0,0
0,0,0,0,0,0,0,0,0,0,0,0,0,0,0,0,0,0,0,0,0,0,0,0,0,0,0,0,0,0,0,0,0,0,0,0,0,0,0,0,0,0,0,0,0,0,0,0,0,0,0,0,0,0,0,0,0,0,0,0,0,0,0,0,0,0,0,0,0,0,0,0,0,0,0,0,0,0,0,0,0,0,0,0,0,0,0,0,0,0,0,0,0,0,0,0,0,0,0,0,0,0,0,0,0,0,0,0,0,0,0,0,0,0,0,0,0,0,0,0,0,0,0,0,0,0,0,0,0,0,0,0,0,0,0,0,0,0,0,0,0,0,0,0,0,0,0,0,0,0,0,0,0,0,0,0,0,0,0,0,0,0,0,0,0,0,0,0,0,0,0,0,0,0,0,0,0,0,0,0,0,0,0,0,0,0,0,0,0,0,0,0,0,0,0,0,0,0,0,0
0,0,0,0,0,0,0,0,0,0,0,0,0,0,0,0,0,0,0,0,0,0,0,0,0,0,0,0,0,0,0,0,0,0,0,0,0,0,0,0,0,0,0,0,0,0,0,0,0,0,0,0,0,0,0,0,0,0,0,0,0,0,0,0,0,0,0,0,0,0,0,0,0,0,0,0,0,0,0,0,0,0,0,0,0,0,0,0,0,0,0,0,0,0,0,0,0,0,0,0,0,0,0,0,0,0,0,0,0,0,0,0,0,0,0,0,0,0,0,0,0,0,0,0,0,0,0,0,0,0,0,0,0,0,0,0,0,0,0,0,0,0,0,0,0,0,0,0,0,0,0,0,0,0,0,0,0,0,0,0,0,0,0,0,0,0,0,0,0,0,0,0,0,0,0,0,0,0,0,0,0,0,0,0,0,0,0,0,0,0,0,0,0,0,0,0,0,0,0,0
0,0,0,0,0,0,0,0,0,0,0,0,0,0,0,0,0,0,0,0,0,0,0,0,0,0,0,0,0,0,0,0,0,0,0,0,0,0,0,0,0,0,0,0,0,0,0,0,0,0,0,0,0,0,0,0,0,0,0,0,0,0,0,0,0,0,0,0,0,0,0,0,0,0,0,0,0,0,0,0,0,0,0,0,0,0,0,0,0,0,0,0,0,0,0,0,0,0,0,0,0,0,0,0,0,0,0,0,0,0,0,0,0,0,0,0,0,0,0,0,0,0,0,0,0,0,0,0,0,0,0,0,0,0,0,0,0,0,0,0,0,0,0,0,0,0,0,0,0,0,0,0,0,0,0,0,0,0,0,0,0,0,0,0,0,0,0,0,0,0,0,0,0,0,0,0,0,0,0,0,0,0,0,0,0,0,0,0,0,0,0,0,0,0,0,0,0,0,0,0
0,0,0,0,0,0,0,0,0,0,0,0,0,0,0,0,0,0,0,0,0,0,0,0,0,0,0,0,0,0,0,0,0,0,0,0,0,0,0,0,0,0,0,0,0,0,0,0,0,0,0,0,0,0,0,0,0,0,0,0,0,0,0,0,0,0,0,0,0,0,0,0,0,0,0,0,0,0,0,0,0,0,0,0,0,0,0,0,0,0,0,0,0,0,0,0,0,0,0,0,0,0,0,0,0,0,0,0,0,0,0,0,0,0,0,0,0,0,0,0,0,0,0,0,0,0,0,0,0,0,0,0,0,0,0,0,0,0,0,0,0,0,0,0,0,0,0,0,0,0,0,0,0,0,0,0,0,0,0,0,0,0,0,0,0,0,0,0,0,0,0,0,0,0,0,0,0,0,0,0,0,0,0,0,0,0,0,0,0,0,0,0,0,0,0,0,0,0,0,0
0,0,0,0,0,0,0,0,0,0,0,0,0,0,0,0,0,0,0,0,0,0,0,0,0,0,0,0,0,0,0,0,0,0,0,0,0,0,0,0,0,0,0,0,0,0,0,0,0,0,0,0,0,0,0,0,0,0,0,0,0,0,0,0,0,0,0,0,0,0,0,0,0,0,0,0,0,0,0,0,0,0,0,0,0,0,0,0,0,0,0,0,0,0,0,0,0,0,0,0,0,0,0,0,0,0,0,0,0,0,0,0,0,0,0,0,0,0,0,0,0,0,0,0,0,0,0,0,0,0,0,0,0,0,0,0,0,0,0,0,0,0,0,0,0,0,0,0,0,0,0,0,0,0,0,0,0,0,0,0,0,0,0,0,0,0,0,0,0,0,0,0,0,0,0,0,0,0,0,0,0,0,0,0,0,0,0,0,0,0,0,0,0,0,0,0,0,0,0,0
0,0,0,0,0,0,0,0,0,0,0,0,0,0,0,0,0,0,0,0,0,0,0,0,0,0,0,0,0,0,0,0,0,0,0,0,0,0,0,0,0,0,0,0,0,0,0,0,0,0,0,0,0,0,0,0,0,0,0,0,0,0,0,0,0,0,0,0,0,0,0,0,0,0,0,0,0,0,0,0,0,0,0,0,0,0,0,0,0,0,0,0,0,0,0,0,0,0,0,0,0,0,0,0,0,0,0,0,0,0,0,0,0,0,0,0,0,0,0,0,0,0,0,0,0,0,0,0,0,0,0,0,0,0,0,0,0,0,0,0,0,0,0,0,0,0,0,0,0,0,0,0,0,0,0,0,0,0,0,0,0,0,0,0,0,0,0,0,0,0,0,0,0,0,0,0,0,0,0,0,0,0,0,0,0,0,0,0,0,0,0,0,0,0,0,0,0,0,0,0
0,0,0,0,0,0,0,0,0,0,0,0,0,0,0,0,0,0,0,0,0,0,0,0,0,0,0,0,0,0,0,0,0,0,0,0,0,0,0,0,0,0,0,0,0,0,0,0,0,0,0,0,0,0,0,0,0,0,0,0,0,0,0,0,0,0,0,0,0,0,0,0,0,0,0,0,0,0,0,0,0,0,0,0,0,0,0,0,0,0,0,0,0,0,0,0,0,0,0,0,0,0,0,0,0,0,0,0,0,0,0,0,0,0,0,0,0,0,0,0,0,0,0,0,0,0,0,0,0,0,0,0,0,0,0,0,0,0,0,0,0,0,0,0,0,0,0,0,0,0,0,0,0,0,0,0,0,0,0,0,0,0,0,0,0,0,0,0,0,0,0,0,0,0,0,0,0,0,0,0,0,0,0,0,0,0,0,0,0,0,0,0,0,0,0,0,0,0,0,0
0,0,0,0,0,0,0,0,0,0,0,0,0,0,0,0,0,0,0,0,0,0,0,0,0,0,0,0,0,0,0,0,0,0,0,0,0,0,0,0,0,0,0,0,0,0,0,0,0,0,0,0,0,0,0,0,0,0,0,0,0,0,0,0,0,0,0,0,0,0,0,0,0,0,0,0,0,0,0,0,0,0,0,0,0,0,0,0,0,0,0,0,0,0,0,0,0,0,0,0,0,0,0,0,0,0,0,0,0,0,0,0,0,0,0,0,0,0,0,0,0,0,0,0,0,0,0,0,0,0,0,0,0,0,0,0,0,0,0,0,0,0,0,0,0,0,0,0,0,0,0,0,0,0,0,0,0,0,0,0,0,0,0,0,0,0,0,0,0,0,0,0,0,0,0,0,0,0,0,0,0,0,0,0,0,0,0,0,0,0,0,0,0,0,0,0,0,0,0,0
0,0,0,0,0,0,0,0,0,0,0,0,0,0,0,0,0,0,0,0,0,0,0,0,0,0,0,0,0,0,0,0,0,0,0,0,0,0,0,0,0,0,0,0,0,0,0,0,0,0,0,0,0,0,0,0,0,0,0,0,0,0,0,0,0,0,0,0,0,0,0,0,0,0,0,0,0,0,0,0,0,0,0,0,0,0,0,0,0,0,0,0,0,0,0,0,0,0,0,0,0,0,0,0,0,0,0,0,0,0,0,0,0,0,0,0,0,0,0,0,0,0,0,0,0,0,0,0,0,0,0,0,0,0,0,0,0,0,0,0,0,0,0,0,0,0,0,0,0,0,0,0,0,0,0,0,0,0,0,0,0,0,0,0,0,0,0,0,0,0,0,0,0,0,0,0,0,0,0,0,0,0,0,0,0,0,0,0,0,0,0,0,0,0,0,0,0,0,0,0
0,0,0,0,0,0,0,0,0,0,0,0,0,0,0,0,0,0,0,0,0,0,0,0,0,0,0,0,0,0,0,0,0,0,0,0,0,0,0,0,0,0,0,0,0,0,0,0,0,0,0,0,0,0,0,0,0,0,0,0,0,0,0,0,0,0,0,0,0,0,0,0,0,0,0,0,0,0,0,0,0,0,0,0,0,0,0,0,0,0,0,0,0,0,0,0,0,0,0,0,0,0,0,0,0,0,0,0,0,0,0,0,0,0,0,0,0,0,0,0,0,0,0,0,0,0,0,0,0,0,0,0,0,0,0,0,0,0,0,0,0,0,0,0,0,0,0,0,0,0,0,0,0,0,0,0,0,0,0,0,0,0,0,0,0,0,0,0,0,0,0,0,0,0,0,0,0,0,0,0,0,0,0,0,0,0,0,0,0,0,0,0,0,0,0,0,0,0,0,0
0,0,0,0,0,0,0,0,0,0,0,0,0,0,0,0,0,0,0,0,0,0,0,0,0,0,0,0,0,0,0,0,0,0,0,0,0,0,0,0,0,0,0,0,0,0,0,0,0,0,0,0,0,0,0,0,0,0,0,0,0,0,0,0,0,0,0,0,0,0,0,0,0,0,0,0,0,0,0,0,0,0,0,0,0,0,0,0,0,0,0,0,0,0,0,0,0,0,0,0,0,0,0,0,0,0,0,0,0,0,0,0,0,0,0,0,0,0,0,0,0,0,0,0,0,0,0,0,0,0,0,0,0,0,0,0,0,0,0,0,0,0,0,0,0,0,0,0,0,0,0,0,0,0,0,0,0,0,0,0,0,0,0,0,0,0,0,0,0,0,0,0,0,0,0,0,0,0,0,0,0,0,0,0,0,0,0,0,0,0,0,0,0,0,0,0,0,0,0,0
0,0,0,0,0,0,0,0,0,0,0,0,0,0,0,0,0,0,0,0,0,0,0,0,0,0,0,0,0,0,0,0,0,0,0,0,0,0,0,0,0,0,0,0,0,0,0,0,0,0,0,0,0,0,0,0,0,0,0,0,0,0,0,0,0,0,0,0,0,0,0,0,0,0,0,0,0,0,0,0,0,0,0,0,0,0,0,0,0,0,0,0,0,0,0,0,0,0,0,0,0,0,0,0,0,0,0,0,0,0,0,0,0,0,0,0,0,0,0,0,0,0,0,0,0,0,0,0,0,0,0,0,0,0,0,0,0,0,0,0,0,0,0,0,0,0,0,0,0,0,0,0,0,0,0,0,0,0,0,0,0,0,0,0,0,0,0,0,0,0,0,0,0,0,0,0,0,0,0,0,0,0,0,0,0,0,0,0,0,0,0,0,0,0,0,0,0,0,0,0
0,0,0,0,0,0,0,0,0,0,0,0,0,0,0,0,0,0,0,0,0,0,0,0,0,0,0,0,0,0,0,0,0,0,0,0,0,0,0,0,0,0,0,0,0,0,0,0,0,0,0,0,0,0,0,0,0,0,0,0,0,0,0,0,0,0,0,0,0,0,0,0,0,0,0,0,0,0,0,0,0,0,0,0,0,0,0,0,0,0,0,0,0,0,0,0,0,0,0,0,0,0,0,0,0,0,0,0,0,0,0,0,0,0,0,0,0,0,0,0,0,0,0,0,0,0,0,0,0,0,0,0,0,0,0,0,0,0,0,0,0,0,0,0,0,0,0,0,0,0,0,0,0,0,0,0,0,0,0,0,0,0,0,0,0,0,0,0,0,0,0,0,0,0,0,0,0,0,0,0,0,0,0,0,0,0,0,0,0,0,0,0,0,0,0,0,0,0,0,0
0,0,0,0,0,0,0,0,0,0,0,0,0,0,0,0,0,0,0,0,0,0,0,0,0,0,0,0,0,0,0,0,0,0,0,0,0,0,0,0,0,0,0,0,0,0,0,0,0,0,0,0,0,0,0,0,0,0,0,0,0,0,0,0,0,0,0,0,0,0,0,0,0,0,0,0,0,0,0,0,0,0,0,0,0,0,0,0,0,0,0,0,0,0,0,0,0,0,0,0,0,0,0,0,0,0,0,0,0,0,0,0,0,0,0,0,0,0,0,0,0,0,0,0,0,0,0,0,0,0,0,0,0,0,0,0,0,0,0,0,0,0,0,0,0,0,0,0,0,0,0,0,0,0,0,0,0,0,0,0,0,0,0,0,0,0,0,0,0,0,0,0,0,0,0,0,0,0,0,0,0,0,0,0,0,0,0,0,0,0,0,0,0,0,0,0,0,0,0,0
0,0,0,0,0,0,0,0,0,0,0,0,0,0,0,0,0,0,0,0,0,0,0,0,0,0,0,0,0,0,0,0,0,0,0,0,0,0,0,0,0,0,0,0,0,0,0,0,0,0,0,0,0,0,0,0,0,0,0,0,0,0,0,0,0,0,0,0,0,0,0,0,0,0,0,0,0,0,0,0,0,0,0,0,0,0,0,0,0,0,0,0,0,0,0,0,0,0,0,0,0,0,0,0,0,0,0,0,0,0,0,0,0,0,0,0,0,0,0,0,0,0,0,0,0,0,0,0,0,0,0,0,0,0,0,0,0,0,0,0,0,0,0,0,0,0,0,0,0,0,0,0,0,0,0,0,0,0,0,0,0,0,0,0,0,0,0,0,0,0,0,0,0,0,0,0,0,0,0,0,0,0,0,0,0,0,0,0,0,0,0,0,0,0,0,0,0,0,0,0
0,0,0,0,0,0,0,0,0,0,0,0,0,0,0,0,0,0,0,0,0,0,0,0,0,0,0,0,0,0,0,0,0,0,0,0,0,0,0,0,0,0,0,0,0,0,0,0,0,0,0,0,0,0,0,0,0,0,0,0,0,0,0,0,0,0,0,0,0,0,0,0,0,0,0,0,0,0,0,0,0,0,0,0,0,0,0,0,0,0,0,0,0,0,0,0,0,0,0,0,0,0,0,0,0,0,0,0,0,0,0,0,0,0,0,0,0,0,0,0,0,0,0,0,0,0,0,0,0,0,0,0,0,0,0,0,0,0,0,0,0,0,0,0,0,0,0,0,0,0,0,0,0,0,0,0,0,0,0,0,0,0,0,0,0,0,0,0,0,0,0,0,0,0,0,0,0,0,0,0,0,0,0,0,0,0,0,0,0,0,0,0,0,0,0,0,0,0,0,0
