0,0,0,0,0,0,0,0,0,0,0,0,0,0,0,0,0,0,0,0,0,0,0,0,0,0,0,0,0,0,0,0,0,0,0,0.010625,0,0,0,0,0,0,0,0,0,0,0,0,0,0,0,0,0,0,0,0,0,0,0,0,0,0,0,0,0,0,0,0,0,0,0,0,0,0,0,0,0,0,0,0,0,0,0,0,0,0,0,0,0,0,0,0,0,0,0,0,0,0,0,0,0,0,0,0,0,0,0,0,0,0,0,0,0,0,0,0,0,0,0,0,0,0,0,0,0,0,0,0,0,0,0,0,0,0,0,0,0,0,0,0,0,0,0,0,0,0,0,0,0,0,0,0,0,0,0,0,0,0,0,0,0,0,0,0,0,0,0,0,0,0,0,0,0,0,0,0,0,0,0,0,0,0,0,0,0,0,0,0,0,0,0,0,0,0,0,0,0,0,0,0
0,0,0,0,0,0,0,0,0,0,0,0,0,0,0,0,0,0,0,0,0,0,0,0,0,0.049935,0,0,0,0,0,0,0,0,0,0.048278,0,0,0.12403,0,0,0,0,0,0,0,0,0,0,0,0,0,0,0,0,0,0,0,0,0,0,0,0,0,0,0,0,0,0,0,0,0,0,0,0,0,0,0,0,0,0,0,0,0,0,0,0,0,0,0,0,0,0,0,0,0,0,0,0,0,0,0,0,0,0,0,0,0,0,0,0,0,0,0,0,0,0,0,0.034982,0,0,0,0,0,0,0,0,0,0,0,0,0,0,0,0,0,0,0,0,0,0,0,0,0,0,0.12707,0,0,0,0,0,0,0,0,0,0,0,0,0,0,0,0,0,0,0,0,0,0,0,0,0,0,0,0,0,0,0,0,0,0,0,0,0,0,0,0,0,0,0,0,0,0,0,0,0,0.048211,0,0,0,0
0,0,0,0,0,0,0,0,0,0,0,0,0,0,0,0,0,0,0,0,0,0,0,0,0,0,0,0,0,0,0,0,0,0,0,0,0,0,0,0,0,0,0,0,0,0,0,0,0,0,0,0,0,0,0,0,0,0,0,0,0,0,0,0,0,0,0,0,0,0,0,0,0,0,0,0,0,0,0,0,0,0,0,0,0,0,0,0,0,0,0,0,0,0,0,0,0,0,0,0,0,0,0,0,0,0,0,0,0,0,0,0,0,0,0,0,0,0,0,0,0,0,0,0,0,0,0,0,0,0,0,0,0,0,0,0,0,0,0,0,0,0,0,0,0,0,0,0,0,0,0,0,0,0,0,0,0,0,0,0,0,0,0,0,0,0,0,0,0,0,0,0,0,0,0,0,0,0,0,0,0,0,0,0,0,0,0,0,0,0,0,0,0,0,0,0,0,0,0,0
0,0,0.021509,0,0,0,0,0,0,0.015023,0,0,0,0,0,0,0,0,0.038825,0,0,0,0,0,0.042364,0,0,0,0,0.03316,0,0,0,0,0.09693,0.0027698,0,0.057495,0,0,0,0,0,0,0,0.16945,0,0,0,0,0,0,0,0,0,0,0,0,0,0,0.016572,0.094062,0,0,0,0,0,0,0,0,0,0,0,0,0,0,0,0,0.079531,0,0,0,0,0.0018389,0,0,0,0,0,0,0,0,0.11517,0,0,0,0,0,0,0,0,0,0,0,0,0,0,0,0,0,0,0,0,0,0,0,0,0,0,0,0,0,0,0,0.062368,0,0,0,0,0,0,0,0,0,0,0,0,0,0,0.029581,0,0,0,0,0,0,0,0,0,0,0,0,0,0,0,0,0,0,0,0,0,0,0,0,0,0,0,0,0,0,0,0,0,0,0.0027147,0,0,0.058274,0,0,0,0.019079,0,0.064593,0,0.025883,0,0,0,0,0,0,0,0,0,0,0,0,0,0
0,0,0,0,0,0,0,0,0,0,0,0,0,0,0,0,0,0,0,0,0,0,0,0,0,0,0,0,0,0,0,0,0,0,0,0,0,0,0,0,0,0,0,0,0,0,0,0,0,0,0,0,0,0,0,0,0,0,0,0,0,0,0,0,0,0,0,0,0,0,0,0,0,0,0,0,0,0,0,0,0,0,0,0,0,0,0,0,0,0,0,0,0,0,0,0,0,0,0,0,0,0,0,0,0,0,0,0,0,0,0,0,0,0,0,0,0,0,0,0,0,0,0,0,0,0,0,0,0,0,0,0,0,0,0,0,0,0,0,0,0,0,0,0,0,0,0,0,0,0,0,0,0,0,0,0,0,0,0,0,0,0,0,0,0,0,0,0,0,0,0,0,0,0,0,0,0,0,0,0,0,0,0,0,0,0,0,0,0,0,0,0,0,0,0,0,0,0,0,0
0,0,0,0,0,0,0,0,0,0,0,0,0,0,0,0,0,0,0,0,0,0,0,0,0,0,0,0,0,0,0,0,0,0,0,0,0,0,0,0,0,0,0,0,0,0,0,0,0,0,0,0,0,0,0,0,0,0,0,0,0,0,0,0,0,0,0,0,0,0,0,0,0,0,0,0,0,0,0,0,0,0,0,0,0,0,0,0,0,0,0,0,0,0,0,0,0,0,0,0,0,0,0,0,0,0,0,0,0,0,0,0,0,0,0,0,0,0,0,0,0,0,0,0,0,0,0,0,0,0,0,0,0,0,0,0,0,0,0,0,0,0,0,0,0,0,0,0,0,0,0,0,0,0,0,0,0,0,0,0,0,0,0,0,0,0,0,0,0,0,0,0,0,0,0,0,0,0,0,0,0,0,0,0,0,0,0,0,0,0,0,0,0,0,0,0,0,0,0,0
0,0,0,0,0,0,0,0,0,0,0,0,0,0,0,0,0,0,0,0,0,0,0,0,0,0,0,0,0,0,0,0,0,0,0,0,0,0,0,0,0,0,0,0,0,0,0,0,0,0,0,0,0,0,0,0,0,0,0,0,0,0,0,0,0,0,0,0,0,0,0,0,0,0,0,0,0,0,0,0,0,0,0,0,0,0,0,0,0,0,0,0,0,0,0,0,0,0,0,0,0,0,0,0,0,0,0,0,0,0,0,0,0,0,0,0,0,0,0,0,0,0,0,0,0,0,0,0,0,0,0,0,0,0,0,0,0,0,0,0,0,0,0,0,0,0,0,0,0,0,0,0,0,0,0,0,0,0,0,0,0,0,0,0,0,0,0,0,0,0,0,0,0,0,0,0,0,0,0,0,0,0,0,0,0,0,0,0,0,0,0,0,0,0,0,0,0,0,0,0
0,0,0,0,0,0,0,0,0,0,0,0,0,0,0,0,0,0,0,0,0,0,0,0,0,0,0,0,0,0,0,0,0,0,0,0,0,0,0,0,0,0,0,0,0,0,0,0,0,0,0,0,0,0,0,0,0,0,0,0,0,0,0,0,0,0,0,0,0,0,0,0,0,0,0,0,0,0,0,0,0,0,0,0,0,0,0,0,0,0,0,0,0,0,0,0,0,0,0,0,0,0,0,0,0,0,0,0,0,0,0,0,0,0,0,0,0,0,0,0,0,0,0,0,0,0,0,0,0,0,0,0,0,0,0,0,0,0,0,0,0,0,0,0,0,0,0,0,0,0,0,0,0,0,0,0,0,0,0,0,0,0,0,0,0,0,0,0,0,0,0,0,0,0,0,0,0,0,0,0,0,0,0,0,0,0,0,0,0,0,0,0,0,0,0,0,0,0,0,0
0,0,0,0,0,0,0.015039,0,0,0.0027609,0,0,0,0,0,0,0,0,0,0,0,0,0,0.092785,0.047817,0,0,0,0,0,0.099676,0,0.0073685,0.0016695,0,0,0.084453,0,0,0.013639,0.077839,0,0.046421,0,0,0,0,0,0,0,0.13932,0.010369,0,0,0.084745,0,0,0,0.06764,0,0.088115,0,0,0,0,0,0,0,0,0,0,0,0,0,0,0,0,0,0,0,0,0,0.068567,0,0,0.14172,0,0.049305,0,0,0,0,0,0,0,0,0,0,0,0,0,0,0,0,0,0,0,0,0,0.0032639,0.036163,0,0,0,0,0,0,0,0,0,0,0,0,0,0,0.020328,0,0,0,0,0.0062719,0.07978,0,0,0,0,0.03247,0.029855,0,0.016401,0,0,0,0,0,0,0,0,0.030805,0.049372,0,0,0.047486,0,0,0,0,0,0,0,0,0,0,0,0,0.039133,0,0,0,0,0,0,0,0.10143,0,0,0,0,0.081491,0,0,0,0,0,0,0,0,0,0,0.038509,0,0,0,0,0.048826,0.062949,0.006987,0,0,0
0.0603,0.22915,0.1046,0.032941,0.094252,0.12152,0,0.11988,0.19322,0.23195,0.13054,0.20328,0,0.17261,0.14247,0.14335,0.15675,0.11148,0.11974,0.31745,0.22674,0.14722,0.21109,0.10743,0.038107,0.17056,0.0589,0.086835,0.13288,0.093673,0.00072907,0.20666,0.11939,0.097777,0.20835,0.22378,0.1503,0.14778,0.059563,0.11699,0.15783,0.1539,0.049299,0.10161,0.07557,0.061692,0.15335,0.14282,0.088653,0.098038,0.11244,0.089032,0.13788,0.1186,0.066783,0.20093,0.25178,0,0.074074,0,0.077174,0.12106,0.1207,0.14281,0.12227,0.13132,0.017618,0.12372,0.13868,0.14347,0.23497,0.13388,0.19531,0.14155,0.17076,0.17437,0.18973,0.12859,0.0030874,0.13826,0.19015,0.24636,0,0.15744,0.099392,0.17947,0.17597,0.064024,0.05397,0.14773,0.1984,0.17358,0.046523,0.19102,0.094919,0.26386,0.20151,0.049758,0.075551,0.10332,0.029118,0.087482,0.11577,0.033549,0.21644,0.033703,0.10884,0,0.20474,0.16296,0.1071,0.14724,0.087662,0.21565,0.044377,0.059982,0.043183,0.12157,0.1402,0.18405,0.092455,0.22204,0.12439,0.17949,0.029271,0,0.036743,0.16515,0,0.19694,0.14253,0.16388,0.20409,0.1402,0.090103,0.17253,0.18337,0.16544,0.13475,0.083744,0.11824,0.12567,0.18557,0.21798,0.19775,0.067025,0.27515,0.21325,0.16785,0.17561,0.20168,0.12727,0.19678,0.11909,0.16013,0.27513,0.10399,0.19352,0.12368,0.10504,0.13273,0.22727,0.27677,0.054063,0.21567,0.20248,0.13345,0.15828,0.0079739,0.12861,0.16995,0.10703,0.24401,0.22827,0.22028,0.12108,0.053764,0.11519,0.23608,0.157,0.19397,0.083665,0.28254,0.18651,0.17984,0.023888,0.03865,0.082193,0.18433,0.049817,0.18463,0.15893,0.044635,0.26533,0.17507,0.10398,0.06928,0.21753,0.18788,0.18486
0,0,0.021691,0,0,0.17956,0.10674,0.047882,0.096605,0.071658,0.073005,0.16193,0.061925,0,0.12539,0.086873,0.07685,0.058255,0.095098,0.086965,0,0.12871,0.044142,0.16346,0.065933,0.11853,0.035839,0,0.1727,0,0,0,0.0010706,0.045862,0,0.15082,0,0.045885,0.15076,0.1089,0.076083,0.040466,0.090073,0.12204,0.1634,0.12657,0,0,0,0.1905,0.0086031,0.1135,0.037754,0.081432,0.076559,0.054404,0.00091829,0,0.13958,0.083786,0.032604,0.12333,0.045383,0,0.020986,0.035251,0.030136,0.15824,0.0019762,0,0.054157,0.037197,0,0.06508,0.11646,0.023827,0.13749,0.092399,0.052966,0.11612,0.096473,0.060423,0.0011566,0,0.089265,0.063101,0,0.030979,0.027362,0.027456,0.022174,0.05117,0.090048,0,0,0.012617,0.062032,0.069055,0.21671,0.091959,0.091424,0.056634,0,0.07514,0.03221,0.0081666,0.077562,0.056224,0,3.7496e-05,0.064181,0.012921,0.07425,0.057533,0,0,0.069561,0.031706,0,0.15501,0.032081,0.0029376,0.010691,0.0658,0,0.23368,0.10943,0.1347,0,0.17656,0.12257,0,0,0.1275,0,0.096625,0,0.010668,0.10528,0.098867,0.099512,0.11836,0.10465,0.083106,0.081474,0.059469,0.0017385,0.00035791,0.10161,0,0.17377,0.087354,5.0009e-07,0.071833,0.029107,0.034797,0,0.058789,0.035911,0.078923,0.10382,0,0.11239,0.15769,0.072385,0.055438,0.070461,0.091532,0.066431,0.020118,0.086626,0.062996,0.021861,0,0.0082368,0.13625,0.11744,0.15743,0.14695,0.013012,0.012496,0.12688,0.047507,0,0.049371,0.09644,0.061498,0.16761,0,0.14832,0.17,0.098644,0.1115,0.089741,0,0.016721,0.04888,0.067599,0.036313,0
0,0,0,0,0,0,0,0,0,0,0,0,0,0,0,0,0,0,0,0,0,0,0,0,0,0,0,0,0,0,0,0,0,0,0,0,0,0,0,0,0,0,0,0,0,0,0,0,0,0,0,0,0,0,0,0,0,0,0,0,0,0,0,0,0,0,0,0,0,0,0,0,0,0,0,0,0,0,0,0,0,0,0,0,0,0,0,0,0,0,0,0,0,0,0,0,0,0,0,0,0,0,0,0,0,0,0,0,0,0,0,0,0,0,0,0,0,0,0,0,0,0,0,0,0,0,0,0,0,0,0,0,0,0,0,0,0,0,0,0,0,0,0,0,0,0,0,0,0,0,0,0,0,0,0,0,0,0,0,0,0,0,0,0,0,0,0,0,0,0,0,0,0,0,0,0,0,0,0,0,0,0,0,0,0,0,0,0,0,0,0,0,0,0,0,0,0,0,0,0
0,0,0,0,0,0,0,0,0,0,0,0,0,0,0,0,0,0,0,0,0,0,0,0,0,0,0,0,0,0,0,0,0,0,0,0,0,0,0,0,0,0,0,0,0,0,0,0,0,0,0,0,0,0,0,0,0,0,0,0,0,0,0,0,0,0,0,0,0,0,0,0,0,0,0,0,0,0,0,0,0,0,0,0,0,0,0,0,0,0,0,0,0,0,0,0,0,0,0,0,0,0,0,0,0,0,0,0,0,0,0,0,0,0,0,0,0,0,0,0,0,0,0,0,0,0,0,0,0,0,0,0,0,0,0,0,0,0,0,0,0,0,0,0,0,0,0,0,0,0,0,0,0,0,0,0,0,0,0,0,0,0,0,0,0,0,0,0,0,0,0,0,0,0,0,0,0,0,0,0,0,0,0,0,0,0,0,0,0,0,0,0,0,0,0,0,0,0,0,0
0,0,0,0,0,0,0,0,0,0,0,0,0,0,0,0,0,0,0,0,0,0,0,0,0,0.0066114,0,0,0,0,0.10693,0,0,0,0,0,0,0,0,0,0,0,0,0,0,0,0,0.022994,0,0,0,0,0,0,0,0,0,0,0,0,0,0,0,0,0,0,0,0,0,0,0,0,0,0,0,0,0,0,0,0,0,0,0,0,0,0,0,0,0,0,0,0,0,0,0,0,0,0,0,0,0,0,0,0.0097632,0,0.034535,0,0.12237,0,0,0,0,0,0,0,0,0.10301,0,0,0,0,0,0.030081,0.013484,0,0,0,0,0,0,0,0,0,0,0,0,0,0,0.14683,0,0,0,0,0,0,0,0,0,0,0,0,0,0,0,0,0,0,0,0,0,0,0,0,0,0,0,0,0,0,0,0,0,0,0,0,0,0.097675,0,0,0,0,0,0,0,0,0,0,0,0,0,0,0,0,0,0,0,0,0,0,0
0,0,0,0,0,0,0,0,0,0,0,0,0,0,0,0,0,0,0,0,0,0,0,0,0,0,0,0,0,0,0,0,0,0,0,0,0,0,0.024125,0,0,0,0,0,0,0,0,0,0,0,0,0,0,0,0,0,0,0,0,0,0,0,0,0,0,0,0,0,0,0,0,0,0,0,0,0,0,0,0,0,0,0,0,0,0,0,0,0,0,0,0,0,0,0,0,0,0,0,0,0,0,0,0,0,0,0,0,0,0,0,0,0,0,0,0,0,0,0,0,0,0,0,0,0,0,0,0,0,0,0,0,0,0,0,0,0,0,0,0,0,0,0,0,0,0,0,0.03228,0,0,0,0,0,0,0,0,0,0,0,0,0,0,0,0,0,0,0,0,0,0,0,0,0,0,0,0,0,0,0,0,0,0,0.020971,0,0,0,0,0,0,0,0,0,0,0,0,0,0,0,0,0,0
0,0,0,0,0,0,0,0,0,0,0,0,0,0,0,0,0,0,0,0,0,0,0,0,0,0,0,0,0,0,0,0,0,0,0,0,0,0,0,0,0,0,0,0,0,0,0,0,0,0,0,0,0,0,0,0,0,0,0,0,0,0,0,0,0,0,0,0,0,0,0,0,0,0,0,0,0,0,0,0,0,0,0,0,0,0,0,0,0,0,0,0,0,0,0,0,0,0,0,0,0,0,0,0,0,0,0,0,0,0,0,0,0,0,0,0,0,0,0,0,0,0,0,0,0,0,0,0,0,0,0,0,0,0,0,0,0,0,0,0,0,0,0,0,0,0,0,0,0,0,0,0,0,0,0,0,0,0,0,0,0,0,0,0,0,0,0,0,0,0,0,0,0,0,0,0,0,0,0,0,0,0,0,0,0,0,0,0,0,0,0,0,0,0,0,0,0,0,0,0
0,0,0,0,0,0,0,0,0,0,0,0,0,0,0,0,0,0,0,0,0,0,0,0,0,0,0,0,0,0,0,0,0,0,0,0,0,0,0,0,0,0,0,0,0,0,0,0,0,0,0,0,0,0,0,0,0,0,0,0,0,0,0,0,0,0,0,0,0,0,0,0,0,0,0,0,0,0,0,0,0,0,0,0,0,0,0,0,0,0,0,0,0,0,0,0,0,0,0,0,0,0,0,0,0,0,0,0,0,0,0,0,0,0,0,0,0,0,0,0,0,0,0,0,0,0,0,0,0,0,0,0,0,0,0,0,0,0,0,0,0,0,0,0,0,0,0,0,0,0,0,0,0,0,0,0,0,0,0,0,0,0,0,0,0,0,0,0,0,0,0,0,0,0,0,0,0,0,0,0,0,0,0,0,0,0,0,0,0,0,0,0,0,0,0,0,0,0,0,0
0,0,0,0,0,0,0,0,0,0,0,0,0,0,0,0,0,0,0,0,0,0,0,0,0,0,0,0,0,0,0,0,0,0,0.11981,0,0,0,0,0,0,0,0,0,0,0,0,0,0,0,0,0,0,0,0,0,0,0,0,0,0,0,0,0,0,0,0,0,0,0,0,0,0,0,0,0,0,0,0,0,0,0,0,0,0,0,0,0,0,0,0,0,0,0,0,0,0,0,0,0,0,0,0,0,0,0,0,0,0,0,0,0,0,0,0,0,0,0,0,0,0.096807,0,0,0,0,0,0,0,0,0,0,0,0,0,0,0,0,0,0,0,0,0,0,0,0,0,0,0,0,0,0,0,0,0,0,0,0,0,0,0,0,0,0,0,0,0,0,0,0,0,0,0,0,0,0,0,0,0,0,0,0,0,0,0,0,0,0,0.036611,0,0,0,0,0,0,0,0,0,0,0,0
0,0,0,0,0,0,0,0,0,0,0,0,0,0,0,0,0,0,0,0,0,0,0,0,0,0,0,0,0,0,0,0,0,0,0,0,0,0,0,0,0,0,0,0,0,0,0,0,0,0,0,0,0,0,0,0,0,0,0,0,0,0,0,0,0,0,0,0,0,0,0,0,0,0,0,0,0,0,0,0,0,0,0,0,0,0,0,0,0,0,0,0,0,0,0,0,0,0,0,0,0,0,0,0,0,0,0,0,0,0,0,0,0,0,0,0,0,0,0,0,0,0,0,0,0,0,0,0,0,0,0,0,0,0,0,0,0,0,0,0,0,0,0,0,0,0,0,0,0,0,0,0,0,0,0,0,0,0,0,0,0,0,0,0.083443,0,0,0,0,0,0,0,0,0,0,0,0,0,0,0,0,0,0,0,0,0,0,0,0,0,0,0,0,0,0,0,0,0,0,0,0
0,0,0,0,0,0,0,0,0.014615,0,0.019815,0,0,0,0,0,0,0,0,0,0,0,0,0,0,0.04225,0.042471,0,0,0.11445,0,0,0,0,0,0,0.089872,0,0,0,0,0.038433,0,0,0,0,0,0,0,0,0,0,0,0,0.03147,0,0,0.068058,0,0,0,0,0,0,0,0,0.13393,0,0,0,0,0,0,0,0,0,0,0,0,0,0,0.058192,0,0,0,0,0,0,0,0,0,0,0.028773,0,0,0,0.053794,0,0,0,0,0.038264,0,0,0,0,0,0,0,0,0,0,0,0,0,0.033117,0,0,0,0,0,0,0,0,0.059456,0,0,0,0.12811,0,0.0078509,0,0,0.075377,0,0,0,0,0,0,0,0,0.089493,0,0,0,0.0060081,0,0,0,0,0,0,0,0,0,0,0,0,0,0,0,0.061732,0,0,0,0,0,0,0,0,0,0,0,0,0,0,0,0.055292,0,0,0,0,0,0,0,0,0,0,0,0,0,0,0,0,0,0.08769,0,0.026574,0
0,0,0,0,0,0,0,0,0,0,0,0,0,0,0,0,0,0,0,0,0,0,0,0,0,0,0,0,0,0,0,0,0,0,0,0,0,0,0,0,0,0,0,0,0,0,0,0,0,0,0,0,0,0,0,0,0,0,0,0,0,0,0,0,0,0,0,0,0,0,0,0,0,0,0,0,0,0,0,0,0,0,0,0,0,0,0,0,0,0,0,0,0,0,0,0,0,0,0,0,0,0,0,0,0,0,0,0,0,0,0,0,0,0,0,0,0,0,0,0,0,0,0,0,0,0,0,0,0,0,0,0,0,0,0,0,0,0,0,0,0,0,0,0,0,0,0,0,0,0,0,0,0,0,0,0,0,0,0,0,0,0,0,0,0,0,0,0,0,0,0,0,0,0,0,0,0,0,0,0,0,0,0,0,0,0,0,0,0,0,0,0,0,0,0,0.088869,0,0,0,0
0,0,0,0,0,0,0,0,0,0,0,0,0,0,0,0,0,0,0.0033492,0,0,0,0,0,0.0066254,0,0,0,0,0,0,0,0,0,0,0,0.017759,0,0,0,0,0,0,0,0,0,0,0,0,0,0,0,0,0,0,0,0,0,0,0,0.0054674,0,0.027802,0,0,0,0,0,0,0,0,0,0,0,0,0,0,0,0,0,0,0,0,0,0,0,0,0,0.067425,0,0,0,0,0,0,0,0,0,0,0,0,0,0,0,0,0,0,0,0,0,0.090636,0,0,0,0,0,0,0,0,0,0,0,0,0,0,0,0,0,0,0,0,0,0,0,0,0.034867,0,0,0,0,0,0,0,0,0,0,0.10602,0,0,0,0,0,0.046439,0,0,0,0,0,0,0,0,0,0,0,0,0,0,0,0,0,0,0,0,0,0,0,0,0,0,0,0,0,0,0,0,0,0,0,0,0,0,0,0,0,0,0,0,0,0,0
0.026275,0,0,0.018884,0.043778,0.042527,0,0.065146,0.020019,0,0,0.046989,0,0,0.073613,0,0,0.018365,0,0,0.051383,0.11733,0,0,0,0.069166,0,0,0,0,0,0.086185,0.054929,0,0,0,0,0,0.00065481,0,0,0.0082114,0,0.042149,0.07658,0.016155,0,0.026527,0.0039986,0,0,0,0.072374,0.036758,0.030109,0.03611,0,0.031621,0.081915,0.10095,0,0.038505,0.067509,0.058056,0,0,0,0.046756,0.10368,0.068123,0,0,0,0.11944,0,0.0041926,0.049218,0.059443,0,0,0.050621,0.00090863,0,0,0,0.097655,0.080152,0,0,0,0.018269,0.040261,0,0,0.053324,0.10645,0.043673,0.071054,0.093782,0.070947,0,0.027344,0,0.047214,0,0,0,0,0,0.098615,0,0.07112,0.021816,0.068917,0.023798,0,0,0,0,0.042493,0.067054,0.062133,0,0.015364,0,0.047113,0.069186,0,0,0.015678,0.016408,0,0.045516,0,0,0,0.022077,0.026221,0.068896,0,0.052791,0.018471,0.041625,0.048889,0,0.11188,0,0.041017,0.12063,0.098847,0.041895,0,0.035627,0,0.014051,0,0.15931,0,0,0,0,0,0.0010551,0.043634,0.081514,0.053655,0,0.11694,0,0.04295,0,0,0.056701,0.055838,0.098649,0.012746,0.021256,0,0,0,0,0,0.020807,0,0.0035003,0,0,0,0.095396,0.018902,0.086396,0.091088,0.069134,0,0,0.033797,0.0043458,0,0.0054135,0.011719
0.069783,0.053935,0.063633,0.045975,0.06438,0,0.0059875,0.028637,0.04571,0,0.075145,0,0,0,0.03737,0,0,0.0025122,0.038987,0,0.077179,0,0,0.046425,0.010584,0.068022,0.053381,0,0,0.077,0.056992,0.00089847,0,0.12334,0.0011482,0.026431,0.044367,0.081785,0,0.075856,0,0,0.064736,0,0.029488,0,0.069581,0.050563,0.013462,0,0,0,0,0,0.027133,0,0.0074802,0,0.031914,0.041077,0.0045678,0.044305,0.018032,0.12249,0.10791,0.04992,0.065021,0,0,0.069183,0,0.043405,0,0.025469,0,0,0.044631,0.01259,0,0.074818,0,0,0,0.095033,0.026085,0.021128,0,0.033985,0,0,0.10274,0.071159,0.043573,0.090571,0.10502,0,0,0,0,0.036736,0.036993,0.15667,0,0,0.078575,0,0.041384,0.0078021,0,0.040415,0.04028,0.0036957,0,0,0,0.062373,0.043864,0.051803,0,0,0.06709,0.051229,0,0.042027,0.0063389,0,0.037282,0,0.081763,0,0,0.046172,0.055925,0,0.045888,0,0.10285,0,0,0,0,0.052671,0,0.0094609,0.065055,0,0,0.062481,0.011797,0.081079,0.016381,0,0,0.030868,0.051168,0,0.099399,0.08614,0,0,0.076004,0,0.0095268,0,0,0,0.015946,0.024693,0.099382,0.045051,0.044506,0.028651,0.033642,0.051888,0.040568,0,0,0.023123,0.02403,0,0.1262,0,0,0,0.015925,0.023445,0,1.5021e-16,0.007019,0.026379,0,0.076656,0.012892,0,0.030921,0.09947,0,0.036246,0.015762,0
0,0,0,0,0,0,0,0,0,0,0,0,0,0,0,0,0,0,0,0,0,0,0,0,0,0,0,0,0,0,0,0,0,0,0,0,0,0,0,0,0,0,0,0,0,0,0,0,0,0,0,0,0,0,0,0,0,0,0,0,0,0,0,0,0,0,0,0,0,0,0,0,0,0,0,0,0,0,0,0,0,0,0,0,0,0,0,0,0,0,0,0,0,0,0,0,0,0,0,0,0,0,0,0,0,0,0,0,0,0,0,0,0,0,0,0,0,0,0,0,0,0,0,0,0,0,0,0,0,0,0,0,0,0,0,0,0,0,0,0,0,0,0,0,0,0,0,0,0,0,0,0,0,0,0,0,0,0,0,0,0,0,0,0,0,0,0,0,0,0,0,0,0,0,0,0,0,0,0,0,0,0,0,0,0,0,0,0,0,0,0,0,0,0,0,0,0,0,0,0
0,0,0,0,0,0,0,0,0,0,0,0,0,0,0,0,0,0,0,0,0,0,0,0,0,0,0,0,0,0,0,0,0,0,0,0,0,0,0,0,0,0,0,0,0,0,0,0,0,0,0,0,0,0,0,0,0,0,0,0,0,0,0,0,0,0,0,0,0,0,0,0,0,0,0,0,0,0,0,0,0,0,0,0,0,0,0,0,0,0,0,0,0,0,0,0,0,0,0,0,0,0,0,0,0,0,0,0,0,0,0,0,0,0,0,0,0,0,0,0,0,0,0,0,0,0,0,0,0,0,0,0,0,0,0,0,0,0,0,0,0,0,0,0,0,0,0,0,0,0,0,0,0,0,0,0,0,0,0,0,0,0,0,0,0,0,0,0,0,0,0,0,0,0,0,0,0,0,0,0,0,0,0,0,0,0,0,0,0,0,0,0,0,0,0,0,0,0,0,0
0,0,0,0,0,0,0,0,0,0,0,0,0,0,0,0,0,0,0,0,0,0,0,0,0,0,0,0,0,0,0,0,0,0,0,0,0,0,0,0,0,0,0,0,0,0,0,0,0,0,0,0,0,0,0,0,0,0,0,0,0,0,0,0,0,0,0,0,0,0,0,0,0,0,0,0,0,0,0,0,0,0,0,0,0,0,0,0,0,0,0,0,0,0,0,0,0,0,0,0,0,0,0,0,0,0,0,0,0,0,0,0,0,0,0,0,0,0,0,0,0,0,0,0,0,0,0,0,0,0,0,0,0,0,0,0,0,0,0,0,0,0,0,0,0,0,0,0,0,0,0,0,0,0,0,0,0,0,0,0,0,0,0,0,0,0,0,0,0,0,0,0,0,0,0,0,0,0,0,0,0,0,0,0,0,0,0,0,0,0,0,0,0,0,0,0,0,0,0,0
0,0,0,0,0,0,0,0,0,0,0,0,0,0,0,0,0,0,0,0,0,0,0,0,0,0,0,0,0,0,0,0,0,0,0,0,0,0,0,0,0,0,0,0,0,0,0,0,0,0,0,0,0,0,0,0,0,0,0,0,0,0,0,0,0,0,0,0,0,0,0,0,0,0,0,0,0,0,0,0,0,0,0,0,0,0,0,0,0,0,0,0,0,0,0,0,0,0,0,0,0,0,0,0,0,0,0,0,0,0,0,0,0,0,0,0,0,0,0,0,0,0,0,0,0,0,0,0,0,0,0,0,0,0,0,0,0,0,0,0,0,0,0,0,0,0,0,0,0,0,0,0,0,0,0,0,0,0,0,0,0,0,0,0,0,0,0,0,0,0,0,0,0,0,0,0,0,0,0,0,0,0,0,0,0,0,0,0,0,0,0,0,0,0,0,0,0,0,0,0
0,0,0,0,0,0,0,0,0,0,0,0,0,0,0,0,0,0,0,0,0,0,0,0,0,0,0,0,0,0,0,0,0,0,0,0,0,0,0,0,0,0,0,0,0,0,0,0,0,0,0,0,0,0,0,0,0,0,0,0,0,0,0,0,0,0,0,0,0,0,0,0,0,0,0,0,0,0,0,0,0,0,0,0,0,0,0,0,0,0,0,0,0,0,0,0,0,0,0,0,0,0,0,0,0,0,0,0,0,0,0,0,0,0,0,0,0,0,0,0,0,0,0,0,0,0,0,0,0,0,0,0,0,0,0,0,0,0,0,0,0,0,0,0,0,0,0,0,0,0,0,0,0,0,0,0,0,0,0,0,0,0,0,0,0,0,0,0,0,0,0,0,0,0,0,0,0,0,0,0,0,0,0,0,0,0,0,0,0,0,0,0,0,0,0,0,0,0,0,0
0,0,0,0,0,0,0,0,0,0,0,0,0,0,0,0,0,0,0,0,0,0,0,0,0,0,0,0,0,0,0,0,0,0,0,0,0,0,0,0,0,0,0,0,0,0,0,0,0,0,0,0,0,0,0,0,0,0,0,0,0,0,0,0,0,0,0,0,0,0,0,0,0,0,0,0,0,0,0,0,0,0,0,0,0,0,0,0,0,0,0,0,0,0,0,0,0,0,0,0,0,0,0,0,0,0,0,0,0,0,0,0,0,0,0,0,0,0,0,0,0,0,0,0,0,0,0,0,0,0,0,0,0,0,0,0,0,0,0,0,0,0,0,0,0,0,0,0,0,0,0,0,0,0,0,0,0,0,0,0,0,0,0,0,0,0,0,0,0,0,0,0,0,0,0,0,0,0,0,0,0,0,0,0,0,0,0,0,0,0,0,0,0,0,0,0,0,0,0,0
0,0,0,0,0,0,0,0,0,0,0,0,0,0,0,0,0,0,0,0,0,0,0,0,0,0,0,0,0,0,0,0,0,0,0,0,0,0,0,0,0,0,0,0,0,0,0,0,0,0,0,0,0,0,0,0,0,0,0,0,0,0,0,0,0,0,0,0,0,0,0,0,0,0,0,0,0,0,0,0,0,0,0,0,0,0,0,0,0,0,0,0,0,0,0,0,0,0,0,0,0,0,0,0,0,0,0,0,0,0,0,0,0,0,0,0,0,0,0,0,0,0,0,0,0,0,0,0,0,0,0,0,0,0,0,0,0,0,0,0,0,0,0,0,0,0,0,0,0,0,0,0,0,0,0,0,0,0,0,0,0,0,0,0,0,0,0,0,0,0,0,0,0,0,0,0,0,0,0,0,0,0,0,0,0,0,0,0,0,0,0,0,0,0,0,0,0,0,0,0
0,0,0.029546,0.033338,0,0.03132,0.010526,0,0.019507,0.00083635,0.013121,0,0,0,0,0,0.014569,0,0.049631,0,0,0,0,0,0.065733,0,0,0,0.066305,0,0,0.061454,0.014691,0,0.027758,0.044846,0.020653,0,0,0,0,0.025284,0,0,0,0,0,0,0,0,0,0.031702,0,0,0,0.074706,0,0,0.038919,0,0,0.0079441,0.01962,0,0,0,0,0.061962,0,0,0,0,0,0,0.045264,0.015786,0.019097,0,0.039132,0,0,0,0.068427,0,0,0,0,0,0,0,0,0.015128,0,0,0,0,0,0.032522,0,0,0,0.079229,0,0.053923,0,0,0.051147,0,0,0,0,0,0,0,0,0,0,0,0,0.067886,0,0.0402,0,0,0,0.086479,0,0.0048623,0,0.04525,0,0,0,0.013986,0.01243,0.020925,0,0.053173,0,0.00049889,0.018293,0,0,0,0.0079316,0,0,0,0.020959,0,0,0,0,0,0,0,0,0.023878,0,0,0,0,0,0,0,0,0,0,0.068417,0,0.063275,0.011919,0,0,0.0070903,0.0034398,0,0.058566,0,0,0,0,0,0.035189,0.041256,0,0,0.029027,0,0,0,0.022404,0,0,0,0.026541,0,0,0,0
0,0,0,0,0,0,0,0,0,0,0,0,0,0,0,0,0,0,0,0,0,0,0,0,0,0,0,0,0,0,0,0,0,0,0,0,0,0,0,0,0,0,0,0,0,0,0,0,0,0,0,0,0,0,0,0,0,0,0,0,0,0,0,0,0,0,0,0,0,0,0,0,0,0,0,0,0,0,0,0,0,0,0,0,0,0,0,0,0,0,0,0,0,0,0,0,0,0,0,0,0,0,0,0,0,0,0,0,0,0,0,0,0,0,0,0,0,0,0,0,0,0,0,0,0,0,0,0,0,0,0,0,0,0,0,0,0,0,0,0,0,0,0,0,0,0,0,0,0,0,0,0,0,0,0,0,0,0,0,0,0,0,0,0,0,0,0,0,0,0,0,0,0,0,0,0,0,0,0,0,0,0,0,0,0,0,0,0,0,0,0,0,0,0,0,0,0,0,0,0
0.15366,0.074013,0.16884,0.11222,0.093152,0,0,0.062094,0.088444,0.079869,0.018141,0.032707,0.057467,0.031137,0.0065079,0,0,0,0.025405,0.083677,0.088965,0.050742,0.12122,0.09558,0.0082726,0,0.030012,0,0,0.012229,0.057209,0.11313,0.021457,0.09231,0.029491,0,0.093375,0,0,0.021016,0.10376,0.039077,0.018754,0.068077,0.063268,0.11907,0.064711,0.069281,0.089742,0.094591,0.037518,0.11772,0.065942,0.051784,0,0.071576,0.063093,0.078251,0.008794,0.076919,0,0.095928,0.044459,0.046171,0.085684,0.20084,0.079406,0,0.016611,0.013672,0.11677,0,0.08737,0,0.067279,0.12429,0.048113,0.086197,0.10003,0.079419,0.060444,0.055421,0,0.088768,0.043456,0,0.035086,0.04429,0,0.060983,0.0071478,0.069979,0.12115,0.03471,0.0049608,0,0.089908,0.10318,0.074832,0.016012,0.036208,0.065184,0,0.13671,0,0,0.076726,0.15657,0.035762,0.081717,0,0.064022,0.11315,0.077212,0,0.041374,0.046788,0,0,0,0.069528,0.018827,0.049674,0.086497,0.13754,0.049966,0.093801,0,0.043847,0.012202,0.1206,0,0.051406,0.063588,0,0,0,0,0,0,0.03667,0,0,0,0.028498,0.030885,0.0028193,0,0.0011396,0.10927,0,0.013081,0.03193,0.13418,0.10843,0.18228,0,0.057584,0.035386,0.11684,0,0.091646,0,0,0,0.066922,0.010979,0,0.045232,0.083692,0.053291,0,0,0,0,0.025255,0,0.051128,0,0.07558,0,0.086481,0.065288,0.15423,0.063549,0.037355,0.077598,0.055456,0.13913,0.081806,0,0,0.030643,0.0060366,0,0,0.051211,0.099715,0.10168,0
0,0.065732,0.066308,0,0,0,0.10695,0,0.080526,0,0.03605,0,0,0.050727,0,0,0,0,0.058802,0.0006023,0,0.065433,0.098392,0.1407,0,0,0.092809,0,0,0,0,0.080778,0,0,0,0,0,0.040482,0.10211,0,0,0,0,0,0,0.0042791,0.056695,0.065548,0.10683,0,0,0.051037,0.019155,0,0.0034499,0.074186,0,0,0.07506,0.18226,0.1631,0.040011,0.083125,0.084386,0,0,0,0,0,0.080884,0.05871,0,0,0,0.12391,0,0,0.12918,0.055744,0,0.051738,0,0.090157,0.11487,0.15741,0.084916,0,0.17349,0,0.061395,0,0.078234,0.095212,0.12542,0,0,0.052532,0.0012552,0,0,0.15096,0.035524,0,0.085958,0.02362,0.070933,0,0,0,0,0.0093569,0,0,0.016866,0.048908,0,0.034575,0.074335,0.12604,0,0,0,0,0,0,0,0,0.093185,0.054249,0,0,0.068446,0.043866,0.035578,0,0,0.11994,0.071978,0,0.1409,0.023136,0.082534,0.078623,0,0,0,0,0.036025,0,0.042667,0,0,0,0,0.070608,0.066719,0,0.047696,0.053685,0,0.050018,0.046415,0.0047516,0,0,0,0,0,0.02618,0,0,0,0.027042,0,0,0.086377,0,0.065052,0.013219,0,0.037202,0,0.0059962,0.051645,0.036982,0.027155,0,0,0,0,0.073758,0.0046123,0,0,0,0,0.056534,0,0,0
0,0,0,0,0,0,0,0,0,0,0,0,0,0,0,0,0,0,0,0,0,0,0,0,0,0,0,0,0,0,0,0,0,0,0,0,0,0,0,0,0,0,0,0,0,0,0,0,0,0,0,0,0,0,0,0,0,0,0,0,0,0,0,0,0,0,0,0,0,0,0,0,0,0,0,0,0,0,0,0,0,0,0,0,0,0,0,0,0,0,0,0,0,0,0,0,0,0,0,0,0,0,0,0,0,0,0,0,0,0,0,0,0,0,0,0,0,0,0,0,0,0,0,0,0,0,0,0,0,0,0,0,0,0,0,0,0,0,0,0,0,0,0,0,0,0,0,0,0,0,0,0,0,0,0,0,0,0,0,0,0,0,0,0,0,0,0,0,0,0,0,0,0,0,0,0,0,0,0,0,0,0,0,0,0,0,0,0,0,0,0,0,0,0,0,0,0,0,0,0
0,0,0,0,0,0,0,0,0,0,0,0,0,0,0,0,0,0,0,0,0,0,0,0,0,0,0,0,0,0,0,0,0,0,0,0,0,0,0,0,0,0,0,0,0,0,0,0,0,0,0,0,0,0,0,0,0,0,0,0,0,0,0,0,0,0,0,0,0,0,0,0,0,0,0,0,0,0,0,0,0,0,0,0,0,0,0,0,0,0,0,0,0,0,0,0,0,0,0,0,0,0,0,0,0,0,0,0,0,0,0,0,0,0,0,0,0,0,0,0,0,0,0,0,0,0,0,0,0,0,0,0,0,0,0,0,0,0,0,0,0,0,0,0,0,0,0,0,0,0,0,0,0,0,0,0,0,0,0,0,0,0,0,0,0,0,0,0,0,0,0,0,0,0,0,0,0,0,0,0,0,0,0,0,0,0,0,0,0,0,0,0,0,0,0,0,0,0,0,0
0.054122,0.05662,0.046128,0.058901,0.061988,0,0.095177,0.064969,0.023788,0.11937,0.0084261,0.055826,0.040482,0.15794,0.088266,0.072044,0.13961,0.18853,0.0010993,0.16574,0.044093,0.034698,0.06356,0.058133,0.19344,0,0.085487,0.1459,0.094313,0.11143,0.002517,0.024305,0.18486,0.10059,0.015062,0.0052688,0.078269,0.012281,0.089235,0.059798,0.036131,0.13385,0.10592,0.043808,0.030918,0.16179,0.083291,0.064943,0.05771,0,0,0.0051029,0,0.078945,0.098137,0.043946,0.033257,0.085559,0,0.049127,0.061751,0.14382,0.072521,0.083271,0.0082499,0.16431,0.11448,0,0.018615,0.10981,0.085723,0.070625,0.13272,0.0027803,0.058188,0.075422,0.008655,0.17052,0.045896,0.088844,0.015357,0.06524,0.1269,0.13306,0.0021495,0.023769,0.14188,0.042701,0.062534,0.061973,0.011288,0.071909,0.046498,0.10264,0.099127,0.084228,0.069625,0.070717,0.062716,0.079135,0.021132,0.072319,0.096376,0.031598,0.093425,0.11732,0.10002,0.078187,0.12494,0.031788,0.13648,0.17605,0.11199,0.027653,0.029533,0.030411,0.055788,0.10167,0.088617,0.11004,0.02354,0.037985,0.072496,0,0.080006,0,0.043284,0,0.046168,0.09186,0,0.13795,0.14616,0.030296,0.060851,0.11256,0.062692,0.055883,0.0037522,0.029508,0.089893,0.088572,0.031399,0.092607,0.02468,0.072103,0,0.13493,0.077408,0.10847,0,0.065228,0.083074,0.057195,0.11532,0,0.10067,0.076936,0.10218,0.12641,0.029346,0.11257,0.033036,0.05779,0.10365,0.046308,0.11397,0.065037,0.067549,0.055442,0.038947,0.059629,0.12859,0.005311,0.094359,0.005058,0.0997,0.014872,0.0040163,0.18964,0.01502,0.071735,0.030939,0.068166,0.016501,0.037296,0.14258,0.032626,0.055051,0.051358,0.0096906,0.092158,0.12869,0.037625,0.13045,0.10914,0.12907,0.05968,0.070091,0.11988
0,0.031641,0.051263,0.053028,0.00061423,0.17624,0,0.091303,0.028291,0.038551,0.073247,0.055766,0.19082,0.032079,0,0.053976,0.065484,0.046731,0.095827,0.024723,0.033151,0.033219,0.094791,0,0.064913,0,0.0037691,0.058818,0,0,0,0,0,0,0,0.12681,0,0.074344,0.1055,0.0033585,0,0.031494,0,0.093111,0,0,0.09157,0,0.14517,0,0.091203,0.11398,0.10276,0.12624,0.17223,0,0,0.1794,0.096265,0,0.1407,0,0.0011232,0.10146,0.25504,0,0.01074,0,0.095713,0.048572,0,0.12961,0,0.12913,0.10583,0.11629,0.072706,0.13073,0.12303,0,0.074907,0,0,0.071152,0.076295,0.051613,0.021805,0.10992,0.090355,0.12878,0.04802,0,0,0.093966,0.038297,0,0,0.092975,0,0.044098,0.045685,0,0.041306,0.088328,0.022274,0,0,0,0.072921,0.022984,0.024682,0,0.049034,0.022984,0,0,0.0076733,0,0.10279,0.066879,0.10204,0.013507,0.074659,0.12036,0.027633,0.069124,0.081451,0,0,0.11337,0,0,0.043263,0.08536,0.2178,0.060083,0,0,0.021422,0.085383,0.12504,0,0.090746,0,0.08118,0,0.14938,0,0.077577,0.0039999,0.082853,0.045843,0.072557,0.11313,0.058595,0.045143,0,0.090971,0,0.017804,0.13072,0.099615,0,0,0,0.094985,0,0.090987,0.10901,0.11091,0,0.10187,0.075557,0.057812,0,0,0,0.098907,0.099785,0,0.041936,0,0.088108,0,0.094858,0,0.012498,0.19434,0.068167,0.025124,0,0,0.075278,0,0,0.082753,0.13297,0.14118,0,0.037531
0.079285,0,0,0,0,0,0,0,0,0,0,0,0,0,0,0,0,0,0,0,0,0,0,0,0,0,0,0,0,0,0,0,0,0,0.084456,0,0,0,0,0,0,0,0,0,0,0,0,0,0,0,0,0,0,0,0,0,0,0,0,0,0,0,0,0,0,0,0,0,0,0,0,0,0,0,0,0,0,0,0,0,0,0,0,0,0,0,0,0,0,0.037738,0,0,0,0,0,0,0,0,0,0,0,0,0,0,0,0,0,0.0291,0,0,0,0,0,0,0,0.072621,0,0,0,0,0,0.021959,0,0,0,0,0.14647,0,0,0,0,0,0,0,0,0,0,0,0,0,0,0,0,0,0,0,0,0,0,0.075814,0,0,0,0,0,0,0,0,0.018278,0.057959,0,0,0,0,0,0,0,0,0,0,0,0,0,0,0,0,0,0,0,0,0,0,0,0,0,0,0,0.091084,0,0,0,0,0,0,0,0,0,0,0,0
0,0,0,0,0,0.0047884,0,0.0128,0,0,0,0,0,0,0.11053,0.061274,0.050079,0,0,0.002725,0,0,0,0,0.0034096,0,0,0,0.097279,0,0,0,0,0,0,0,0.18513,0,0,0.010871,0,0,0,0.051051,0.058252,0,0,0,0,0.047782,0,0,0,0,0,0,0,0,0,0,0,0,0,0.034518,0,0.00016121,0,0,0.0077368,0,0,0,0,0,0,0.14423,0,0,0,0.015803,0.06163,0,0,0,0,0,0,0,0,0,0,0,0,0,0,0,0.066247,0.073334,0,0,0,0,0,0.057699,0.025616,0,0,0,0,0,0,0.039713,0,0,0,0,0,0,0.010855,0.013783,0.031592,0,0,0,0,0,0.10328,0,0,0.06524,0,0,0,0.028281,0.035569,0.011944,0,0,0,0,0.069535,0,0,0,0.084674,0,0,0,0.038489,0,0.037048,0.062666,0,0,0,0,0.062466,0,0,0.17254,0,0,0,0.13664,0,0,0,0,0,0.058931,0,0,0,0.1185,0,0.0033839,0.0055415,0.058741,0,0,0.016858,0.13962,0,0.038411,0,0,0,0.086663,0,0.12466,0,0,0,0.051799,0,0,0,0,0,0
0,0,0,0,0,0,0,0,0,0,0,0,0,0,0,0,0,0,0,0,0,0,0,0,0,0,0,0,0,0,0,0,0,0,0,0,0,0,0,0,0,0,0,0,0,0,0,0,0,0,0,0,0,0,0,0,0,0,0,0,0,0,0,0,0,0,0,0,0,0,0,0,0,0,0,0,0,0,0,0,0,0,0,0,0,0,0,0,0,0,0,0,0,0,0,0,0,0,0,0,0,0,0,0,0,0,0,0,0,0,0,0,0,0,0,0,0,0,0,0,0,0,0,0,0,0,0,0,0,0,0,0,0,0,0,0,0,0,0,0,0,0,0,0,0,0,0,0,0,0,0,0,0,0,0,0,0,0,0,0,0,0,0,0,0,0,0,0,0,0,0,0,0,0,0,0,0,0,0,0,0,0,0,0,0,0,0,0,0,0,0,0,0,0,0,0,0,0,0,0
0,0,0,0,0,0,0,0,0,0,0,0,0,0,0,0,0,0,0,0,0,0,0,0,0,0,0,0,0,0,0,0,0,0,0,0,0,0,0,0,0,0,0,0,0,0,0,0,0,0,0,0,0,0,0,0,0,0,0,0,0,0,0,0,0,0,0,0,0,0,0,0,0,0,0,0,0,0,0,0,0,0,0,0,0,0,0,0,0,0,0,0,0,0,0,0,0,0,0,0,0,0,0,0,0,0,0,0,0,0,0,0,0,0,0,0,0,0,0,0,0,0,0,0,0,0,0,0,0,0,0,0,0,0,0,0,0,0,0,0,0,0,0,0,0,0,0,0,0,0,0,0,0,0,0,0,0,0,0,0,0,0,0,0,0,0,0,0,0,0,0,0,0,0,0,0,0,0,0,0,0,0,0,0,0,0,0,0,0,0,0,0,0,0,0,0,0,0,0,0
0.0072813,0.036984,0,0.10261,0.044175,0,0.15217,0,0.018854,0.12688,0.083842,0.16112,0.055587,0.15827,0.088691,0.072063,0,0,0.040778,0.16348,6.5922e-16,0.076964,0.11467,0.056345,0.11169,0.052142,0.086712,0.018259,0.027578,0.0815,0.12492,0.09283,0.043476,0.083296,0.029673,0.057181,0.01143,0.034127,0.034681,0.072417,0.13239,0,0.061857,0.093431,0.051105,0.041881,0.11327,0.071278,0.11615,0.080366,0.18914,0.060393,0.068436,0.079775,0.014809,0.11824,0.068946,0,0.017779,0.087838,0.11832,0.031348,0.070341,0.076951,0.076534,0.076576,0.087532,0.12793,0.22927,0.088764,0.082058,0.083633,0.059888,0.031853,0.1054,0,0.061415,0.070391,0.029206,0.063189,0.056919,0.014699,0.020821,0.10671,0.028081,0.053091,0.10056,0.016209,0.1536,0.067057,0.050234,0.065929,0.096041,0.066286,0.057643,0.017435,0.08251,0.055291,0.014962,0.12224,0.19483,0.012631,0.051376,0,0.082908,0.158,0.10651,0,0.083773,0.15514,0.10318,0.19118,0,0.065958,0.16142,0.054743,0.11081,0.071282,0,0.044235,0.073348,0.10547,0.21056,0.12044,0.12605,0.061399,0.055584,0.13171,0.0042961,0.025579,0.12367,0.064247,0.16068,0.068381,0.06879,0.10714,0.12398,0.13544,0,0.043374,0.04988,0.049888,0.093891,0.041935,0,0.07476,0.13455,0.16291,0.1181,0.0089887,0.0035264,0.1091,0.012768,0.12968,0,0.12834,0.10348,0.038955,0.079143,0,0.048778,0.06769,0.081078,0.0099523,0.095368,0.11985,0.052311,0.028568,0.097136,0,0.23753,0.093685,0.12287,0,0,0.11172,0,0.026448,0.054933,0.12274,0.091078,0.048166,0.068826,0.01745,0.063068,0.15651,0.15896,0.041372,0.069687,0.066349,0.056285,0.037632,0.020105,0.11948,0.12958,0.063526,0.045573,0.030058,0.094622,0.010498
0.14577,0,0.086047,0.032511,0,0,0.12207,0.042088,0,0,0.058852,0.046297,0.16816,0,0,0.092453,0.081882,0.016708,0,0.050363,0.01566,0,0,0,0.063531,0,0.035999,0.09798,0,0.17844,0,0,0.050432,0.10101,0,0,0,0.091199,0,0.0032831,0.04713,0.043553,0.11814,0.024024,0,0.00063401,0,0,0,0.080545,0.048685,0,0.06839,0.078908,0.06504,0,0,0.046768,0,0,0,0.081283,0,0,0,0,0.16231,0.067986,0,0.016645,0.084239,0,0.15069,0.099867,0.0072204,0,0.026465,0,0,0,0,0,0.10126,0,0.027222,0,0,0.036232,0.089498,0,0.056892,0,0,0,0,0,0,0,0,0.048617,0.041359,0.040189,0,0,0,0.025662,0,0,0.071635,0,0,0.014441,0.041188,0.029107,0,0,0.035661,0,0,0,0,0.061001,0,0.14577,0,0,0,0,0.085888,0,0,0,0,0,0,0.054301,0,0,0,0.0024969,0,0,0,0.07668,0,0.085564,0,0.012323,0,0,0,0,0.067284,0,0.13486,0,0.017175,0,0.08289,0,0,0.066552,0,0.03896,0.082382,0,0.092253,0.085919,0,0,0.015755,0,0,0,0.027296,0,0.010889,0.017246,0,0.084087,0,0.063049,0,0,0.0791,0,0,0,0,0,0.057044,0,0,0.033365,0.040573,0,0,0,0,0.051981
0.069651,0.1048,0.11258,0.20395,0.14997,0,0.12186,0.15546,0,0.033649,0.05726,0.083717,0.079366,0.051699,0.12137,0,0.092328,0.022596,0.12731,0,0.15655,0.03772,0.072038,0,0.15059,0.081031,0.088381,0.15475,0.051633,0.050952,0.071079,0.055428,0.19194,0.11203,0.14968,0.10882,0.072625,0.064173,0.092749,0.076068,0.084628,0.14543,0.11438,0.083779,0.093936,0.10058,0.10531,0.067779,0.12516,0.02663,0.17771,0.16221,0.10988,0.088953,0.1071,0.096244,0.18165,0.15422,0.099392,0.072774,0.10148,0.048007,0.01956,0.072397,0,0.045245,0.040262,0.12196,0.16527,0.015424,0.13548,0.078903,0.21369,0.081801,0.05394,0.1296,0.070158,0.0049164,0.037118,0.083373,0.047369,0.15946,0,0.066134,0.17079,0.034336,0.11795,0.14615,0,0.046568,0.14499,0.073025,0.084757,0.055122,0.074699,0.17022,0.084092,0.041799,0.099919,0.14478,0.013511,0.018105,0.14811,0.10553,0.075727,0.11108,0.15185,0.14559,0.025304,0.16902,0.15775,0.013236,0.057572,0.090858,0.0469,0.18254,0.087688,0.17899,0.041698,0.14914,0.086009,0.05828,0.13673,0.086655,0.15036,0.077053,0.050802,0.1346,0.040771,0.052129,0.15016,0.061872,0.0010146,0.1021,0,0.070564,0.064954,0.14965,0.22202,0.038878,0.06381,0.032261,0.076758,0.020043,0.014257,0.040091,0.059815,0.16081,0.031067,0.043546,0,0.11717,0.054586,0.059609,0.057186,0.040211,0,0.077838,0.090686,0.041899,0.045769,0.062728,0.22618,0.11938,0.035991,0.11629,0.041377,0.024767,0.034917,0.045004,0.043142,0,0.067476,0.043569,0.22196,0.10112,0.14355,0.11209,0.13278,0,0.038778,0.012181,0.1523,0.045999,0.12344,0.024356,0.15495,0,0.23689,0.070507,0.10475,0.10554,0.049089,0.027242,0.11068,0.10952,0.12842,0.067477,0.15909,0.044391
0,0,0.0071814,0,0.022456,0,0,0,0,0,0,0,0,0,0,0,0.03993,0,0,0,0,0,0,0,0,0,0,0,0,0,0,0,0,0,0,0,0,0,0,0,0,0,0,0,0,0,0,0,0,0,0,0,0,0,0,0,0,0,0,0,0,0,0,0,0,0,0,0,0,0,0,0,0,0,0,0,0,0,0.048272,0,0,0,0,0,0,0,0,0,0,0,0,0,0,0,0,0,0,0,0,0,0,0,0,0,0,0.019923,0,0,0,0,0,0,0.00060941,0,0,0.053365,0,0,0,0,0,0.028094,0.002503,0,0,0,0,0,0,0,0,0,0,0,0,0,0,0,0,0.093558,0,0,0,0,0,0,0,0,0,0,0,0,0,0,0,0,0,0,0,0,0,0,0,0,0,0,0,0,0.091559,0,0,0,0,0,0,0,0,0,0,0,0,0,0,0,0,0,0,0,0,0,0,0,0,0,0,0,0,0,0,0
0,0,0,0,0,0,0,0.056836,0,0,0,0,0,0.035659,0,0,0.0080157,0,0,0,0,0,0,0,0,0.023334,0,0,0,0,0,0,0,0,0,0,0,0,0,0,0,0,0,0,0.029056,0,0,0,0,0,0,0,0,0,0,0,0,0,0,0,0,0,0,0,0,0,0,0,0,0,0,0.06152,0,0,0,0,0,0,0,0,0,0,0,0,0,0,0,0,0,0,0.10015,0,0,0,0.1096,0,0,0,0.010902,0,0,0,0,0,0,0,0,0.036892,0.009465,0,0,0,0,0,0,0,0,0,0,0,0,0,0.027375,0,0,0,0,0,0,0,0,0,0,0,0,0,0,0,0.044032,0,0,0,0,0.064359,0,0,0,0,0,0,0,0.075033,0,0,0,0,0,0,0,0,0,0,0.075782,0,0,0,0,0.025488,0,0,0,0,0,0,0,0,0.12651,0,0,0,0,0,0,0,0.024364,0,0.0013686,0,0,0,0,0,0,0,0,0,0,0,0,0.054395
0,0,0.00060673,0,0,0,0,0,0,0,0,0,0,0,0,0,0,0.003549,0,0,0,0,0,0,0,0,0,0,0,0,0,0,0,0,0,0,0,0.053224,0,0,0,0,0,0,0,0,0,0,0,0,0,0,0,0,0,0,0,0,0,0,0,0,0.018901,0,0,0,0,0,0,0,0,0,0,0,0,0,0,0,0,0,0.041338,0,0,0,0,0,0,0,0,0,0,0.032421,0.01566,0,0,0,0,0,0,0,0,0,0,0,0,0,0,0,0,0,0,0,0,0,0,0,0,0,0,0,0,0,0,0,0,0,0,0,0,0,0,0,0,0,0.05028,0,0,0.07862,0,0,0,0,0,0,0,0,0,0,0,0,0,0,0,0,0,0,0,0,0,0,0,0,0,0.0034315,0,0,0,0,0,0,0,0,0,0,0,0,0,0,0,0,0,0,0,0,0.0024087,0,0,0,0,0,0.0028275,0,0,0,0,0,0,0,0,0
0.041379,0,0.070948,0.042218,0.027272,0,0.039666,0.096497,0.17185,0.11783,0.044842,0.099638,0.1021,0.1093,0.13365,0.088924,0.031696,0.021659,0.061869,0.01851,0.067149,0.10963,0.12634,0.061003,0.047068,0,0.02748,0.011897,0.034858,0.032264,0.048624,0.012942,0.096123,0.075326,0.13512,0.12488,0.0069768,0.16239,0.092197,0.069665,0.11587,0,0.12888,0.10558,0.041166,0.012363,0.013955,0.19055,0.00047665,0.046713,0.12643,0.15911,0.098966,0.099361,0.1119,0.10603,0.085144,0.10512,0.1148,0.031726,0.1185,0.10778,0.07025,0.10726,0,0,0.13307,0.17964,0.11428,0.12955,0.069729,0.18708,0.019077,0.0084734,0.001868,0.12836,0.20146,0.046069,0.14991,0.041403,0.12952,0.057288,0.11397,0.049008,0.10294,0.10092,0.16833,0.1889,0.10543,0.10049,0.20936,0.015112,0.076082,0.025936,0.1235,0.11982,0.12022,0.10836,0.13184,0.18094,0,0.074121,0.077173,0.067497,0.017948,0.076079,0.17247,0.1604,0.07035,0.084486,0.0041876,0,0.057531,0.11141,0.14541,0.13417,0.089599,0.033846,0.088608,0.068951,0.05129,0.19989,0.088496,0,0.050774,0.14276,0.14786,0.19622,0.0085398,0.0034784,0.079168,0.07376,0.096779,0.13168,0.044173,0.11873,0,0.069543,0.078767,0.17592,0.070763,0.070879,0.17541,0,0.14297,0.075645,0,0.11276,0.016988,0.11007,0.16368,0.095823,0,0.10775,0.0030737,0.048125,0.090616,0.073748,0.10669,0,0.21528,0.086771,0.1177,0.055731,0.013166,0.13104,0.087233,0.022475,0.043796,0.084857,0.12359,0,0.073031,0.031775,0.11137,0.21982,0.078781,0.092021,0.016849,0.069753,0.001356,0.069333,0.14013,0.025191,0.088086,0.077161,0.10557,0.026519,0.12694,0.052323,0.14237,0.1432,0.10581,0.067935,0.092427,0,0.16344,0.095153,0.054136,0.083682
0,0,0,0,0,0,0,0,0,0,0,0,0,0,0,0,0,0,0,0,0,0,0,0,0,0,0,0,0,0,0,0,0,0,0,0,0,0,0,0,0,0,0,0,0,0,0,0,0,0,0,0,0,0,0,0,0,0,0,0,0,0,0,0,0,0,0,0,0,0,0,0,0,0,0,0,0,0,0,0,0,0,0,0,0,0,0,0,0,0,0,0,0,0,0,0,0,0,0,0,0,0,0,0,0,0,0,0,0,0,0,0,0,0,0,0,0,0,0,0,0,0,0,0,0,0,0,0,0,0,0,0,0,0,0,0,0,0,0,0,0,0,0,0,0,0,0,0,0,0,0,0,0,0,0,0,0,0,0,0,0,0,0,0,0,0,0,0,0,0,0,0,0,0,0,0,0,0,0,0,0,0,0,0,0,0,0,0,0,0,0,0,0,0,0,0,0,0,0,0
0.11104,0.042543,0,0.014118,0.008336,0.08611,0.021047,0.020057,0,0,0,0,0.016506,0,0,0.051954,0.037376,0.055074,0.071258,0,0,0,0,0,0,0.072473,0.093811,0,0.10351,0,0.033519,0,0.13295,0.047617,0.018919,0.045453,0,0,0,0.084662,0,0.058947,0.039656,0,0.030277,0,0,0.079276,0,0.014317,0,0,0.072097,0.019698,0.020134,0.0035107,0.009357,0,0,0.0067676,0,0,0.078975,0.0088079,0.041904,0.11977,0.045787,0.038244,0,0.064644,0.0029416,0,0.045347,0,0,0,0.036046,0,0,0.048841,0,0.057393,0.12587,3.6328e-09,0,0,0,0,0,0.009216,0,0.038266,0.019276,0.06304,0,0.063177,0,0.012601,0.014019,0.018231,0.11244,0.047341,0,0,0.101,0,0.0095046,0,0.045221,0.063503,0,0.037463,0.086123,0,0.11453,0.044077,0.052962,0,0.071085,0.026127,0.051269,0,0,0.014413,0.016808,0.026783,0.024837,0,0,0.061119,0.06447,0.08062,0,0,0.015822,0,0.023872,0.050455,0.040048,0.053195,0.017807,0.063725,0,0.068381,0.032363,0.024546,5.2421e-16,0,0.067424,0,0,0,0,0,0,0.02562,0.0065787,0,0,0.075422,0.055526,0,0,0.052044,0.05555,0,0.048702,0.022778,0,0,0.0095091,0.072218,0,0.1381,0,0.032698,0,0,0,0.099319,0.066039,0.065412,0.047387,0,0.026958,0.11357,0,0.047953,0.0099166,0.07208,0,0.059221,0,0.05621,0,0,0,0,0,0.044256
0,0,0,0,0,0,0,0,0,0,0,0,0,0,0,0,0,0,0,0,0,0,0,0,0,0,0,0,0,0,0,0,0,0,0,0,0,0,0,0,0,0,0,0,0,0,0,0,0,0,0,0,0,0,0,0,0,0,0,0,0,0,0,0,0,0,0,0,0,0,0,0,0,0,0,0,0,0,0,0,0,0,0,0,0,0,0,0,0,0,0,0,0,0,0,0,0,0,0,0,0,0,0,0,0,0,0,0,0,0,0,0,0,0,0,0,0,0,0,0,0,0,0,0,0,0,0,0,0,0,0,0,0,0,0,0,0,0,0,0,0,0,0,0,0,0,0,0,0,0,0,0,0,0,0,0,0,0,0,0,0,0,0,0,0,0,0,0,0,0,0,0,0,0,0,0,0,0,0,0,0,0,0,0,0,0,0,0,0,0,0,0,0,0,0,0,0,0,0,0
0,0,0,0,0,0,0,0,0,0,0,0,0,0,0,0,0,0,0,0,0,0,0,0,0,0,0,0,0,0,0,0,0,0,0,0,0,0,0,0,0,0,0,0,0,0,0,0,0,0,0,0,0,0,0,0,0,0,0,0,0,0,0,0,0,0,0,0,0,0,0,0,0,0,0,0,0,0,0,0,0,0,0,0,0,0,0,0,0,0,0,0,0,0,0,0,0,0,0,0,0,0,0,0,0,0,0,0,0,0,0,0,0,0,0,0,0,0,0,0,0,0,0,0,0,0,0,0,0,0,0,0,0,0,0,0,0,0,0,0,0,0,0,0,0,0,0,0,0,0,0,0,0,0,0,0,0,0,0,0,0,0,0,0,0,0,0,0,0,0,0,0,0,0,0,0,0,0,0,0,0,0,0,0,0,0,0,0,0,0,0,0,0,0,0,0,0,0,0,0
0,0,0,0,0,0,0,0,0,0,0,0,0,0,0,0,0,0,0,0,0,0,0,0,0,0,0,0,0,0,0,0,0,0,0,0,0,0,0,0,0,0,0,0,0,0,0,0,0,0,0,0,0,0,0,0,0,0,0,0,0,0,0,0,0,0,0,0,0,0,0,0,0,0,0,0,0,0,0,0,0,0,0,0,0,0,0,0,0,0,0,0,0,0,0,0,0,0,0,0,0,0,0,0,0,0,0,0,0,0,0,0,0,0,0,0,0,0,0,0,0,0,0,0,0,0,0,0,0,0,0,0,0,0,0,0,0,0,0,0,0,0,0,0,0,0,0,0,0,0,0,0,0,0,0,0,0,0,0,0,0,0,0,0,0,0,0,0,0,0,0,0,0,0,0,0,0,0,0,0,0,0,0,0,0,0,0,0,0,0,0,0,0,0,0,0,0,0,0,0
0,0,0,0,0,0,0,0,0,0,0,0,0,0,0,0,0,0,0,0,0,0,0,0,0,0,0,0,0,0,0,0,0,0,0,0,0,0,0,0,0,0,0,0,0,0,0,0,0,0,0,0,0,0,0,0,0,0,0,0,0,0,0,0,0,0,0,0,0,0,0,0,0,0,0,0,0,0,0,0,0,0,0,0,0,0,0,0,0,0,0,0,0,0,0,0,0,0,0,0,0,0,0,0,0,0,0,0,0,0,0,0,0,0,0,0,0,0,0,0,0,0,0,0,0,0,0,0,0,0,0,0,0,0,0,0,0,0,0,0,0,0,0,0,0,0,0,0,0,0,0,0,0,0,0,0,0,0,0,0,0,0,0,0,0,0,0,0,0,0,0,0,0,0,0,0,0,0,0,0,0,0,0,0,0,0,0,0,0,0,0,0,0,0,0,0,0,0,0,0
0.0051419,0.027914,0.14112,0.12396,0.015398,0.13089,0.20276,0.081247,0.15644,0.029163,0.18069,0,0.0038018,0.17445,0,0.13707,0.098049,0.045721,0,0,0.077555,0.13662,0,0.05037,0.06428,0.16505,0.083803,0.097182,0.070966,0.097461,0.086526,0.041143,0,0.068969,0,0.024047,0,0.056251,0.077739,0.16119,0,0.1214,0.056051,0.10701,0.050125,0.18552,0.11617,0.041826,0.15927,0.12259,0,0.06709,0,0.028167,0,0.06452,0.070648,0.01907,0.090204,0.14865,0.071646,0.00013364,0.057924,0.0027991,0.062757,0,0.072138,0.053142,0.10816,0.037282,0.075225,0.10392,0.004825,0.15021,0.074023,0,0,0.047379,0.21838,0.091064,0.098015,0.035144,0.16111,0,0.098268,0.063726,0,0.063813,0.10121,0.14978,0.005267,0.074659,0.068579,0,0.15168,0.090266,0.06696,0.076969,0.096021,0.0080844,0.060438,0.18896,0.12187,0.15779,0,0.17741,0.082304,0,0.08489,0.016479,0.12717,0.10712,0.059307,0.18508,0.038403,0,0.090534,0.16689,0.12399,0,0,0.076038,0.16709,0,0.095272,0.045237,0,0.0027961,0.17724,0,0,0.070109,0,0,0.086431,0.10846,0.11161,0,0.00096687,0.094545,0,0.06802,0.022045,0.12388,0.015482,0.043333,0.101,0,0,0,0.091238,0.1426,0.089813,0.056823,0.07806,0,0.093363,0.12749,0.1097,0.026002,0.037747,0,0,0,0.0052081,0,0.076563,0.065096,0.10091,0.10696,0.034042,0.11638,0.078751,0.09754,0,0.047406,0.091982,0.013485,0.12367,0.10546,0.066445,0,0,0,0.064894,0.20998,0.21285,0.03505,0.007478,0.11204,0.053148,0.056259,0.087934,0.097268,0.13953,0.086629,0.032809,0,0.060888,0.048285
0,0,0,0.034429,0,0,0,0,0,0,0,0,0,0,0.045384,0,0,0,0.022623,0,0,0,0,0,0,0,0,0,0,0,0,0,0.030708,0,0.020829,0,0,0,0,0,0,0.044231,0,0,0,0,0,0,0,0,0,0,0,0,0,0,0,0,0,0,0,0,0,0,0,0,0,0,0,0,0,0,0,0,0,0,0,0,0,0,0,0,0,0,0,0,0,0,0,0,0,0,0,0,0,0,0.0068925,0,0,0,0.060828,0,0,0,0,0,0,0,0,0,0,0,0,0,0,0,0,0,0,0,0.014309,0,0,0.036788,0,0,0,0,0,0,0,0,0,0.049635,0,0,0,0,0,0,0,0,0,0,0,0,0,0,0,0,0,0,0,0,0,0,0,0,0,0,0.042444,0,0,0,0,0,0,0.042668,0,0,0,0,0,0,0,0,0,0,0,0,0,0,0,0,0,0,0,0,0,0,0,0,0,0,0,0,0,0,0,0
0,0,0,0,0,0,0,0,0,0,0,0,0,0,0,0,0,0,0,0,0,0,0,0,0,0,0,0,0,0,0,0,0,0,0,0,0,0,0,0,0,0,0,0,0,0,0,0,0,0,0,0,0,0,0,0,0,0,0,0,0,0,0,0,0,0,0,0,0,0,0,0,0,0,0,0,0,0,0,0,0,0,0,0,0,0,0,0,0,0,0,0,0,0,0,0,0,0,0,0,0,0,0,0,0,0,0,0,0,0,0,0,0,0,0,0,0,0,0,0,0,0,0,0,0,0,0,0,0,0,0,0,0,0,0,0,0,0,0,0,0,0,0,0,0,0,0,0,0,0,0,0,0,0,0,0,0,0,0,0,0,0,0,0,0,0,0,0,0,0,0,0,0,0,0,0,0,0,0,0,0,0,0,0,0,0,0,0,0,0,0,0,0,0,0,0,0,0,0,0
0,0,0,0,0,0,0,0,0,0,0,0,0,0,0,0,0,0,0,0,0,0,0,0,0,0,0,0,0,0,0,0,0,0,0,0,0,0,0,0,0,0,0,0,0,0,0,0,0,0,0,0,0,0,0,0,0,0,0,0,0,0,0,0,0,0,0,0,0,0,0,0,0,0,0,0,0,0,0,0,0,0,0,0,0,0,0,0,0,0,0,0,0,0,0,0,0,0,0,0,0,0,0,0,0,0,0,0,0,0,0,0,0,0,0,0,0,0,0,0,0,0,0,0,0,0,0,0,0,0,0,0,0,0,0,0,0,0,0,0,0,0,0,0,0,0,0,0,0,0,0,0,0,0,0,0,0,0,0,0,0,0,0,0,0,0,0,0,0,0,0,0,0,0,0,0,0,0,0,0,0,0,0,0,0,0,0,0,0,0,0,0,0,0,0,0,0,0,0,0
0,0,0,0,0,0,0,0,0,0,0,0,0.10608,0,0,0.12081,0.10738,0.12537,0,0,0,0.061717,0.053749,0,0,0,0.13227,0,0,0,0.17999,0,0,0,0,0,0.039072,0,0,0.055717,0,0,0,0,0.070669,0,0.062762,0,0,0,0,0,0,0,0.049924,0,0,0,0,0,0,0,0.18377,0,0,0,0,0,0,0.071487,0,0,0,0.0094778,0,0,0,0,0,0,0,0.033171,0,0,0,0,0,0,0.22792,0,0,0,0,0.071627,0,0,0,0,0,0,0,0,0.097872,0,0,0,0,0,0,0,0.050864,0,0.013293,0,0.16831,0,0,0,0,0,0,0,0,0,0,0,0,0,0,0,0,0.053504,0.078839,0.048046,0,0,0,0.087939,0,0,0.10227,0.03475,0,0,0,0,0,0,0,0,0,0,0,0.062284,0.048622,0.050586,0,0,0,0.12392,0,0,0,0,0,0,0.17167,0,0,0,0,0.17346,0,0.021506,0,0,0,0,0,0,0,0.078968,0,0.20974,0,0,0,0,0,0,0,0.053657,0,0.0036438,0,0,0,0.050589,0,0
0,0,0,0,0,0,0,0,0,0,0.013631,0,0.03657,0,0,0,0,0,0,0,0.044235,0,0,0,0,0,0,0,0,0,0,0,0,0,0,0,0.08035,0,0,0,0,0,0,0,0,0,0,0.042231,0,0,0,0,0,0,0,0,0,0,0,0,0,0,0,0,0,0,0,0.02043,0,0,0,0,0,0,0,0,0,0,0,0,0.025521,0,0,0,0,0,0,0,0,0,0,0,0,0,0,0.07193,0,0,0,0,0,0,0,0,0,0,0,0,0,0,0,0,0,0,0,0,0,0,0,0,0,0,0,0,0,0,0,0,0,0,0,0,0,0,0,0,0,0,0,0,0,0.0261,0,0,0,0,0,0,0,0,0.0623,0,0,0.027319,0,0,0,0,0,0.0082857,0,0,0,0,0,0,0,0,0,0,0,0,0,0.0025413,0.11579,0,0,0,0,0,0.072457,0,0,0,0.025904,0,0.00017205,0,0,0,0,0,0,0,0,0,0.042768,0,0,0
0,0.081882,0,0,0.1471,0.13604,0,0,0,0,0.07568,0,0,0,0,0,0,0,0,0,0.073311,0,0,0.087057,0,0,0,0,0,0,0,0.16277,0,0,0,0,0,0,0,0,0,0.11572,0,0,0,0,0,0,0,0.16329,0,0,0.14636,0,0,0,0.20832,0,0,0.066099,0,0,0,0,0.15735,0.13195,0,0,0,0,0,0,0,0,0,0,0.034821,0,0,0,0,0,0,0,0,0.060995,0,0,0,0,0,0.12917,0,0,0,0,0,0,0,0,0.10506,0,0,0,0,0,0,0,0,0,0.047961,0,0.17652,0.030773,0,0,0,0,0,0,0.09499,0,0,0,0.080382,0,0,0,0.10065,0,0.096912,0,0,0,0,0,0,0,0,0,0,0.085971,0,0.15268,0,0,0.10111,0,0,0,0,0,0,0,0,0,0,0,0,0,0,0,0,0,0.11591,0,0,0,0,0,0,0.11901,0.0034819,0,0,0,0,0,0,0,0.16179,0.067384,0,0,0,0,0,0,0,0,0,0,0,0,0,0,0,0,0,0
0,0,0,0,0,0,0,0,0,0,0,0,0,0,0,0,0,0,0,0,0,0,0,0,0,0,0,0,0,0,0,0,0,0,0,0,0,0,0,0,0,0,0,0,0,0,0,0,0,0,0,0,0,0,0,0,0,0,0,0,0,0,0,0,0,0,0,0,0,0,0,0,0,0,0,0,0,0,0,0,0,0,0,0,0,0,0,0,0,0,0,0,0,0,0,0,0,0,0,0,0,0,0,0,0,0,0,0,0,0,0,0,0,0,0,0,0,0,0,0,0,0,0,0,0,0,0,0,0,0,0,0,0,0,0,0,0,0,0,0,0,0,0,0,0,0,0,0,0,0,0,0,0,0,0,0,0,0,0,0,0,0,0,0,0,0,0,0,0,0,0,0,0,0,0,0,0,0,0,0,0,0,0,0,0,0,0,0,0,0,0,0,0,0,0,0,0,0,0,0
0,0,0,0,0,0,0,0,0,0,0,0,0,0,0,0,0,0,0,0,0,0,0,0,0,0,0,0,0,0,0,0,0,0,0,0,0,0,0,0,0,0,0,0,0,0,0,0,0,0,0,0,0,0,0,0,0,0,0,0,0,0,0,0,0,0,0,0,0,0,0,0,0,0,0,0,0,0,0,0,0,0,0,0,0,0,0,0,0,0,0,0,0,0,0,0,0,0,0,0,0,0,0,0,0,0,0,0,0,0,0,0,0,0,0,0,0,0,0,0,0,0,0,0,0,0,0,0,0,0,0,0,0,0,0,0,0,0,0,0,0,0,0,0,0,0,0,0,0,0,0,0,0,0,0,0,0,0,0,0,0,0,0,0,0,0,0,0,0,0,0,0,0,0,0,0,0,0,0,0,0,0,0,0,0,0,0,0,0,0,0,0,0,0,0,0,0,0,0,0
0,0,0,0,0,0,0,0,0,0,0,0,0,0,0,0,0,0,0,0,0,0,0,0,0,0.037735,0,0,0,0,0,0,0,0,0,0,0,0,0,0,0,0,0,0,0,0,0,0,0,0,0,0,0,0,0,0,0,0,0,0,0,0,0,0,0,0,0,0,0,0,0,0,0,0,0,0.013836,0,0,0,0,0,0,0,0,0,0,0,0,0,0,0,0,0,0,0,0,0,0,0,0,0,0,0.028708,0.049299,0,0,0,0,0,0,0,0,0,0,0,0,0,0,0,0,0,0,0,0,0,0,0,0,0.010309,0,0,0,0,0,0,0,0,0,0,0,0,0,0,0,0,0,0,0,0,0,0,0,0,0,0,0,0,0,0,0,0,0,0,0,0,0,0,0,0,0,0,0,0,0,0.051684,0,0,0,0,0,0,0,0,0,0,0,0,0,0,0.033093,0,0,0,0,0,0,0,0,0.099792,0
0,0,0,0,0,0,0,0,0,0,0,0,0,0,0,0,0,0,0,0,0.023837,0,0,0,0,0,0,0.031361,0,0,0,0,0,0,0.018324,0,0,0,0,0,0.1007,0,0,0,0,0,0,0,0,0,0,0,0,0,0.040486,0,0,0.087207,0,0,0,0,0,0,0,0,0,0,0,0,0,0,0,0,0,0,0,0.021599,0,0,0,0,0,0,0,0,0.019687,0,0,0,0,0,0,0,0,0,0,0,0,0,0,0,0,0,0,0,0,0,0,0,0,0,0,0,0,0,0,0,0,0,0,0,0,0.027331,0,0,0,0,0,0,0,0,0,0,0,0,0,0,0,0,0,0,0,0,0,0,0.03013,0,0,0,0,0,0,0,0,0,0,0,0,0,0,0,0,0,0.025818,0,0,0,0,0,0,0,0,0,0,0,0,0,0,0.0082607,0,0,0,0,0,0,0,0.071684,0,0,0,0,0.084165,0,0,0,0,0,0,0
0,0,0,0,0,0,0,0,0,0,0,0,0,0,0,0,0,0,0,0,0,0,0,0,0,0,0,0,0,0,0,0,0,0,0,0,0.025372,0,0,0,0,0,0,0,0,0,0,0,0,0,0,0,0,0,0,0,0,0,0,0,0,0,0,0,0,0,0,0,0,0,0,0,0,0,0,0,0,0,0,0,0,0.090311,0,0,0,0,0,0,0,0,0,0,0,0,0,0,0,0,0,0,0,0,0,0,0,0,0,0.079165,0,0,0,0,0,0,0,0,0,0,0,0,0,0,0,0,0,0,0,0,0,0,0,0,0,0,0,0,0,0,0,0,0,0,0,0,0.057712,0,0,0,0,0,0,0,0,0,0,0,0,0,0.019506,0,0,0,0,0,0,0,0,0,0,0,0,0,0,0,0,0,0,0,0,0,0.020491,0,0,0,0,0,0,0,0,0,0,0,0,0,0,0,0,0,0,0.087818
0,0,0,0,0,0,0,0,0,0.082634,0,0,0,0,0.016632,0,0,0,0,0.065279,0.020187,0,0,0,0,0,0,0,0,0,0,0.060327,0,0,0,0,0,0,0,0,0,0,0,0,0.015382,0,0,0,0.075591,0,0,0,0,0.019207,0,0,0,0,0,0,0,0,0,0,0,0,0,0,0,0,0,0,0,0,0.051837,0,0,0,0,0,0,0,0,0.031437,0,0,0,0,0,0.063875,0,0,0,0,0.075484,0,0,0,0,0,0,0,0,0,0,0,0,0,0,0,0,0,0,0,0,0.031707,0,0,0,0,0,0,0,0,0,0,0,0,0,0,0,0,0,0,0.055987,0,0,0,0,0,0.051416,0,0,0,0,0,0,0,0,0,0,0,0,0.030226,0,0,0.082508,0,0,0.0074941,0.031826,0,0,0.067588,0,0,0,0,0,0.10605,0,0.05315,0,0,0,0,0,0,0,0,0,0,0,0,0,0,0,0.0018062,0,0,0,0,0,0,0,0,0,0,0,0
0,0,0,0.090917,0,0.007448,0,0,0,0.036879,0,0,0,0,0,0,0,0.11111,0,0,0,0,0,0,0,0,0,0,0,0,0,0.0011465,0,0,0,0,0,0,0,0,0,0,0,0.0058193,0,0,0.069342,0,0,0,0,0,0,0,0,0,0,0,0,0.043295,0,0,0,0,0.0062616,0,0,0,0,0,0,0.070234,0,0,0,0,0,0,0,0,0,0,0,0,0,0,0.029568,0,0,0.0014406,0.025064,0,0,0.079667,0.011733,0,0,0,0,0,0,0,0.15411,0,0,0,0,0,0,0,0,0,0,0,0,0,0,0,0,0,0,0,0.0052524,0.033171,0,0,0,0,0.13851,0,0,0,0,0,0.19036,0,0.040567,0,0,0,0,0,0,0,0,0,0,0,0.0078869,0,0,0.016513,0,0,0.070794,0,0,0,0.081539,0,0,0,0,0,0,0,0,0,0,0,0.034402,0,0,0,0,0,0,0,0,0,0.037882,0,0.031976,0.10287,0,0.093365,0,0,0,0,0,0,0,0,0,0,1.3336e-05,0,0,0
0,0,0,0,0,0,0,0,0,0,0.037704,0,0,0.0062996,0,0,0,0,0,0,0,0,0,0,0,0,0,0,0,0,0,0,0,0.050209,0,0,0,0,0,0,0,0,0.033258,0,0,0,0,0.064393,0.017786,0,0,0.018752,0,0.092169,0,0,0,0,0,0,0,0,0,0,0,0,0,0,0,0,0,0,0,0,0,0.024836,0,0,0,0,0,0,0,0,0,0,0,0,0,0,0,0,0,0,0,0,0,0,0,0,0,0,0,0,0,0,0,0,0,0,0,0.041008,0,0,0,0,0,0,0,0,0,0,0,0,0,0,0,0,0,0,0,0,0,0,0,0,0,0,0,0,0,0,0.0097836,0,0,0,0,0,0,0,0,0,0.014555,0,0,0,0,0,0,0,0,0,0,0,0,0,0,0,0,0,0,0,0,0,0,0,0.035258,0,0,0,0,0,0,0,0,0,0,0,0,0,0,0,0,0.027835,0,0,0,0,0.02358,0
0,0,0,0,0,0,0,0,0.042129,0,0,0,0.061687,0,0.010134,0,0,0,0,0.020485,0,0,0,0,0,0,0,0.050597,0,0,0,0,0,0,0.039402,0,0,0,0,0,0.048186,0,0.038805,0,0,0,0,0,0,0,0,0,0,0,0,0,0.019411,0,0,0,0,0,0,0,0,0,0.0075684,0,0,0,0,0,0,0,0,0,0,0,0,0,0,0,0,0,0,0,0,0,0.00045591,0,0,0,0,0,0,0,0,0,0.0028436,0,0,0,0.067328,0,0,0,0.0186,0,0,0,0,0,0,0,0.1376,0,0,0,0,0,0,0,0,0,0,0.051803,0,0,0,0,0,0,0,0,0,0,0,0,0,0,0,0,0,0,0,0,0,0,0,0,0.067682,0,0,0,0,0,0.080449,0,0,0,0,0,0,0,0,0,0,0,0,0,0,0,0,0,0,0,0,0,0,0,0,0.047068,0,0,0,0,0,0,0,0.02874,0,0,0,0,0,0.023945,0,0,0,0
0.067984,0.098888,0,0,0.11637,0,0,0,0,0,0,0,0,0,0,0,0,0,0,0,0,0,0,0,0,0,0,0.13467,0,0.08503,0,0,0,0,0,0,0,0,0,0,0.019442,0,0.033768,0,0,0,0,0,0,0.034634,0.0074347,0,0,0,0,0,0,0.11606,0,0,0,0,0,0,0.055059,0,0,0,0,0.042485,0,0,0.082519,0.11981,0,0,0,0,0,0.090532,0,0,0,0,0,0.023557,0.10901,0,0.020241,0,0,0,0,0,0,0,0,0,0,0,0,0,0,0,0.080882,0,0,0,0.052452,0.069588,0,0.067341,0,0,0.040812,0,0,0.1186,0.11805,0,0,0,0,0.012404,0.028912,0,0,0,0,0,0.069383,0.082144,0.052693,0,0,0,0.11161,0,0,0,0,0,0,0,0,0,0,0.016197,0,0.092268,0,0,0.1085,0,0,0.10305,0,0,0,0,0,0.13875,0,0.11965,0.097391,0.0066544,0,0,0,0.11142,0,0,0,0.045928,0,0,0.11766,0,0,0,0,0,0,0,0,0.053585,0,0,0,0,0.059109,0,0,0.11649,0,0,0,0,0.055911,0.15816
0,0.04279,0,0,0,0,0,0,0,0,0,0,0,0.019828,0,0,0,0,0,0,0,0,0,0,0,0.043156,0.033799,0,0,0,0,0,0,0,0.0050406,0,0,0,0,0,0,0,0,0,0,0,0,0,0,0,0,0,0,0,0,0,0,0,0,0,0,0,0,0,0,0,0,0,0,0,0,0,0,0.015067,0,0,0,0,0,0,0,0,0,0,0,0,0,0,0,0,0,0,0,0,0,0,0,0,0,0.034902,0,0,0,0,0,0,0,0,0,0,0,0,0,0,0,0,0,0.025632,0,0,0,0,0,0,0,0,0,0,0,0,0,0,0,0,0,0,0,0,0,0,0,0,0,0,0,0,0,0,0,0,0,0,0,0,0,0,0,0.046455,0.029305,0,0,0,0,0,0,0.0056867,0.054658,0,0,0,0,0,0.066984,0,0,0,0,0,0,0,0,0,0,0,0,0,0.033303,0,0,0,0,0,0,0,0,0,0,0,0,0
0.073374,0,0,0,0,0,0,0,0,0.01294,0,0,0,0,0,0,0,0,0,0,0,0,0,0,0,0,0.015073,0,0,0,0,0,0,0,0,0,0,0,0,0,0,0,0,0,0,0,0,0,0,0,0.061519,0,0,0,0,0,0,0,0,0,0,0,0,0,0,0.04466,0,0,0,0,0,0,0,0,0,0.024968,0,0,0,0,0,0.065995,0,0.051551,0,0,0,0,0,0,0,0,0.052656,0,0,0,0,0,0,0,0,0,0,0,0,0.080812,0,0,0,0,0,0.013442,0,0,0,0,0,0,0,0,0,0,0,0,0,0,0,0,0,0,0,0,0,0,0.025519,0,0,0.015136,0,0.013154,0.010947,0,0,0,0,0,0,0,0,0,0,0,0,0,0,0,0,0,0,0.0010895,0,0,0,0,0,0,0,0,0,0,0,0,0,0,0,0,0,0,0,0,0,0,0,0,0,0,0,0,0,0,0,0,0,0,0,0.043948,0,0,0,0
0,0,0.0080064,0,0,0,0,0,0,0,0,0.052725,0,0,0,0.019213,0,0,0.058502,0,0,0,0,0,0,0,0,0,0.070139,0,0,0,0.050604,0,0,0,0,0.078587,0,0,0,0,0,0,0,0,0,0,0,0,0,0,0,0,0,0,0,0,0,0,0,0,0,0.058613,0,0,0,0,0,0,0,0,0,0,0,0,0,0,0,0,0,0,0.12176,0,0,0,0,0,0,0.035519,0,0,0,0,0,0,0,0,0,0,0,0,0,0,0,0,0.0030848,0,0,0,0,0,0,0,0,0,0,0,0,0,0,0,0,0,0,0,0,0.071415,0,0.0051204,0,0.017513,0,0,0,0,0,0,0.097339,0,0,0.08213,0,0,0,0,0,0.046934,0,0,0,0,0,0,0,0,0,0,0.031413,0,0,0,0,0,0,0.061563,0.030434,0.065949,0,0,0,0,0,0,0,0.093649,0,0.03743,0,0,0,0,0,0,0,0,0,0,0,0,0,0,0,0,0,0,0,0,0,0
0.034952,0.053114,0,0,0.013852,0.011938,0,0,0,0,0,0,0,0,0,0,0,0,0,0,0,0,0,0,0.014237,0,0,0.11175,0,0.03242,0,0,0,0,0,0,0,0,0,0,0,0,0,0,0,0,0,0,0,0,0,0,0,0,0,0,0,0.02867,0,0,0,0,0,0,0,0,0,0,0,0,0,0,0,0,0,0,0,0,0,0,0,0,0,0.032995,0,0,0,0,0,0,0,0,0,0,0,0,0,0,0,0,0,0,0,0,0,0,0,0,0.046457,0,0,0,0,0,0,0,0,0.023668,0.053082,0,0,0.00041407,0,0,0,0,0,0,0,0,0,0,0.019765,0,0,0,0,0,0,0,0,0,0,0,0,0,0,0,0,0,0,0,0,0,0,0,0,0,0,0.040374,0,0,0,0,0,0,0,0,0.052164,0,0.04543,0,0,0,0,0,0,0,0,0,0,0,0,0,0,0,0,0,0,0,0,0,0,0,0.042825,0,0,0,0.0082676,0
0,0,0,0,0.096907,0.071613,0,0.055099,0,0,0,0,0,0,0,0,0,0.17235,0.090894,0,0,0,0,0.04072,0,0,0,0,0.077837,0,0,0,0,0,0,0,0,0,0,0.066563,0,0,0,0,0,0,0,0,0,0,0,0,0,0,0,0,0,0,0,0.0087247,0,0,0,0,0,0,0,0,0,0,0,0,0.0085705,0,0,0,0,0,0,0.068333,0,0,0,0,0,0,0,0,0,0,0,0,0,0,0,0,0,0.080883,0.10591,0,0,0,0,0,0.11477,0.086378,0,0.069226,0.072093,0,0,0,0.049943,0,0,0.19952,0.1283,0,0,0.071401,0.046597,0,0,0,0.048825,0,0,0,0,0.11066,0,0,0,0,0,0.03127,0,0,0.035891,0,0,0,0,0,0.13608,0.18763,0,0,0.11027,0,0,0.0026339,0.13859,0,0,0,0,0,0,0,0,0,0,0,0,0,0,0.068826,0.089342,0,0,0,0,0,0,0,0,0,0,0.07515,0,0,0.018202,0,0,0,0,0,0,0,0,0,0.18012,0,0,0,0,0.13477,0,0
0,0,0,0,0,0,0,0,0,0,0,0,0.019437,0,0,0,0,0,0,0,0,0,0,0,0,0,0,0,0,0,0.13129,0,0,0,0,0,0,0,0.046657,0,0,0,0,0.058504,0.12081,0,0,0,0,0,0,0,0,0,0,0.055603,0,0,0.063666,0,0,0.0091929,0,0,0,0,0,0,0,0,0,0,0,0,0.018019,0,0,0,0.017695,0,0,0,0,0,0.078656,0,0,0,0,0,0,0,0,0,0,0,0,0.060247,0,0,0,0,0,0,0.034617,0,0,0.058469,0,0,0,0,0,0,0,0,0,0,0,0,0,0,0,0,0,0.088274,0,0.065377,0.079649,0.024812,0,0,0,0,0,0,0,0,0,0,0,0,0,0,0,0,0,0,0,0,0.057954,0.039684,0,0,0,0,0,0,0,0,0,0,0,0,0,0,0,0,0,0,0,0,0,0,0,0,0,0,0,0,0,0,0,0,0,0,0,0,0,0,0,0,0,0,0.05911,0,0,0,0,0.062547
0,0,0,0,0,0,0,0,0,0,0,0,0,0,0,0,0,0,0,0,0,0,0,0,0.0014068,0,0,0,0,0,0,0,0,0,0,0,0,0,0,0,0,0,0,0,0,0,0,0,0,0,0,0,0,0,0,0,0,0,0,0,0,0.013295,0,0,0,0,0,0,0,0,0,0,0,0,0,0,0,0,0,0,0,0,0,0,0,0,0,0,0,0,0,0,0,0,0,0,0,0,0,0,0,0,0,0,0,0,0,0,0,0,0,0,0,0,0,0,0,0,0,0,0,0,0,0,0,0,0,0,0,0,0,0,0,0,0,0,0,0,0,0,0,0,0,0,0.029895,0,0,0,0,0,0,0,0,0,0,0,0,0,0,0,0,0,0,0,0,0,0,0,0,0,0,0,0,0,0,0,0,0,0.010902,0,0,0,0,0,0,0,0,0,0,0,0,0,0,0,0,0,0,0,0,0
0,0,0,0,0,0,0,0,0,0,0,0,0,0,0,0,0,0,0,0,0,0,0,0,0,0,0,0,0,0,0,0,0,0,0,0,0,0,0,0,0,0,0,0,0,0,0,0,0,0,0,0,0,0,0,0,0,0,0,0,0,0,0,0,0,0,0,0,0,0,0,0,0,0,0,0,0,0,0,0,0,0,0,0,0,0,0,0,0,0,0,0,0,0,0,0,0,0,0,0,0,0,0,0,0,0,0,0,0,0,0,0,0,0,0,0,0,0,0,0,0,0,0,0,0,0,0,0,0,0,0,0,0,0,0,0,0,0,0,0,0,0,0,0,0,0,0,0,0,0,0,0,0,0,0,0,0,0,0,0,0,0,0,0,0,0,0,0,0,0,0,0,0,0,0,0,0,0,0,0,0,0,0,0,0,0,0,0,0,0,0,0,0,0,0,0,0,0,0,0
0,0,0,0,0,0,0,0,0,0,0,0,0,0,0,0,0,0,0,0,0,0,0,0,0,0,0,0,0,0,0,0,0,0,0,0,0,0,0,0,0,0,0,0,0,0,0,0,0,0,0,0,0,0,0,0,0,0,0,0,0,0,0,0,0,0,0,0,0,0,0,0,0,0,0,0,0,0,0,0,0,0,0,0,0,0,0,0,0,0,0,0,0,0,0,0,0,0,0,0,0,0,0,0,0,0,0,0,0,0,0,0,0,0,0,0,0,0,0,0,0,0,0,0,0,0,0,0,0,0,0,0,0,0,0,0,0,0,0,0,0,0,0,0,0,0,0,0,0,0,0,0,0,0,0,0,0,0,0,0,0,0,0,0,0,0,0,0,0,0,0,0,0,0,0,0,0,0,0,0,0,0,0,0,0,0,0,0,0,0,0,0,0,0,0,0,0,0,0,0
0,0,0,0,0,0,0,0,0,0,0,0,0,0,0,0,0,0,0,0,0,0,0,0,0,0,0,0,0,0,0,0,0,0,0,0,0,0,0,0,0,0,0,0,0,0,0,0,0,0,0,0,0,0,0,0,0,0,0,0,0,0,0,0,0,0,0,0,0,0,0,0,0,0,0,0,0,0,0,0,0,0,0,0,0,0,0,0,0,0,0,0,0,0,0,0,0,0,0,0,0,0,0,0,0,0,0,0,0,0,0,0,0,0,0,0,0,0,0,0,0,0,0,0,0,0,0,0,0,0,0,0,0,0,0,0,0,0,0,0,0,0,0,0,0,0,0,0,0,0,0,0,0,0,0,0,0,0,0,0,0,0,0,0,0,0,0,0,0,0,0,0,0,0,0,0,0,0,0,0,0,0,0,0,0,0,0,0,0,0,0,0,0,0,0,0,0,0,0,0
0,0,0,0,0,0,0,0,0,0,0,0,0,0,0,0,0,0,0,0,0,0,0,0,0,0,0,0,0,0,0,0,0,0,0,0,0,0,0,0,0,0,0,0,0,0,0,0,0,0,0,0,0,0,0,0,0,0,0,0,0,0,0,0,0,0,0,0,0,0,0,0,0,0,0,0,0,0,0,0,0,0,0,0,0,0,0,0,0,0,0,0,0,0,0,0,0,0,0,0,0,0,0,0,0,0,0,0,0,0,0,0,0,0,0,0,0,0,0,0,0,0,0,0,0,0,0,0,0,0,0,0,0,0,0,0,0,0,0,0,0,0,0,0,0,0,0,0,0,0,0,0,0,0,0,0,0,0,0,0,0,0,0,0,0,0,0,0,0,0,0,0,0,0,0,0,0,0,0,0,0,0,0,0,0,0,0,0,0,0,0,0,0,0,0,0,0,0,0,0
0,0,0,0,0,0,0,0,0,0,0,0,0,0,0,0,0,0,0,0,0,0,0,0,0,0,0,0,0,0,0,0,0,0,0,0,0,0,0,0,0,0,0,0,0,0,0,0,0,0,0,0,0,0,0,0,0,0,0,0,0,0,0,0,0,0,0,0,0,0,0,0,0,0,0,0,0,0,0,0,0,0,0,0,0,0,0,0,0,0,0,0,0,0,0,0,0,0,0,0,0,0,0,0,0,0,0,0,0,0,0,0,0,0,0,0,0,0,0,0,0,0,0,0,0,0,0,0,0,0,0,0,0,0,0,0,0,0,0,0,0,0,0,0,0,0,0,0,0,0,0,0,0,0,0,0,0,0,0,0,0,0,0,0,0,0,0,0,0,0,0,0,0,0,0,0,0,0,0,0,0,0,0,0,0,0,0,0,0,0,0,0,0,0,0,0,0,0,0,0
0,0,0,0,0,0,0,0,0,0,0,0,0,0,0,0,0,0,0,0,0,0,0,0,0,0,0,0,0,0,0,0,0,0,0,0,0,0,0,0,0,0,0,0,0,0,0,0,0,0,0,0,0,0,0,0,0,0,0,0,0,0,0,0,0,0,0,0,0,0,0,0,0,0,0,0,0,0,0,0,0,0,0,0,0,0,0,0,0,0,0,0,0,0,0,0,0,0,0,0,0,0,0,0,0,0,0,0,0,0,0,0,0,0,0,0,0,0,0,0,0,0,0,0,0,0,0,0,0,0,0,0,0,0,0,0,0,0,0,0,0,0,0,0,0,0,0,0,0,0,0,0,0,0,0,0,0,0,0,0,0,0,0,0,0,0,0,0,0,0,0,0,0,0,0,0,0,0,0,0,0,0,0,0,0,0,0,0,0,0,0,0,0,0,0,0,0,0,0,0
0,0,0,0,0,0,0,0,0,0,0,0,0,0,0,0,0,0,0,0,0,0,0,0,0,0,0,0,0,0,0,0,0,0,0,0,0,0,0,0,0,0,0,0,0,0,0,0,0,0,0,0,0,0,0,0,0,0,0,0,0,0,0,0,0,0,0,0,0,0,0,0,0,0,0,0,0,0,0,0,0,0,0,0,0,0,0,0,0,0,0,0,0,0,0,0,0,0,0,0,0,0,0,0,0,0,0,0,0,0,0,0,0,0,0,0,0,0,0,0,0,0,0,0,0,0,0,0,0,0,0,0,0,0,0,0,0,0,0,0,0,0,0,0,0,0,0,0,0,0,0,0,0,0,0,0,0,0,0,0,0,0,0,0,0,0,0,0,0,0,0,0,0,0,0,0,0,0,0,0,0,0,0,0,0,0,0,0,0,0,0,0,0,0,0,0,0,0,0,0
0,0,0,0,0,0,0,0,0,0,0,0,0,0,0,0,0,0,0,0,0,0,0,0,0,0,0,0,0,0,0,0,0,0,0,0,0,0,0,0,0,0,0,0,0,0,0,0,0,0,0,0,0,0,0,0,0,0,0,0,0,0,0,0,0,0,0,0,0,0,0,0,0,0,0,0,0,0,0,0,0,0,0,0,0,0,0,0,0,0,0,0,0,0,0,0,0,0,0,0,0,0,0,0,0,0,0,0,0,0,0,0,0,0,0,0,0,0,0,0,0,0,0,0,0,0,0,0,0,0,0,0,0,0,0,0,0,0,0,0,0,0,0,0,0,0,0,0,0,0,0,0,0,0,0,0,0,0,0,0,0,0,0,0,0,0,0,0,0,0,0,0,0,0,0,0,0,0,0,0,0,0,0,0,0,0,0,0,0,0,0,0,0,0,0,0,0,0,0,0
0,0,0,0,0,0,0,0,0,0,0,0,0,0,0,0,0,0,0,0,0,0,0,0,0,0,0,0,0,0,0,0,0,0,0,0,0,0,0,0,0,0,0,0,0,0,0,0,0,0,0,0,0,0,0,0,0,0,0,0,0,0,0,0,0,0,0,0,0,0,0,0,0,0,0,0,0,0,0,0,0,0,0,0,0,0,0,0,0,0,0,0,0,0,0,0,0,0,0,0,0,0,0,0,0,0,0,0,0,0,0,0,0,0,0,0,0,0,0,0,0,0,0,0,0,0,0,0,0,0,0,0,0,0,0,0,0,0,0,0,0,0,0,0,0,0,0,0,0,0,0,0,0,0,0,0,0,0,0,0,0,0,0,0,0,0,0,0,0,0,0,0,0,0,0,0,0,0,0,0,0,0,0,0,0,0,0,0,0,0,0,0,0,0,0,0,0,0,0,0
0,0,0,0,0,0,0,0,0,0,0,0,0,0,0,0,0,0,0,0,0,0,0,0,0,0,0,0,0,0,0,0,0,0,0,0,0,0,0,0,0,0,0,0,0,0,0,0,0,0,0,0,0,0,0,0,0,0,0,0,0,0,0,0,0,0,0,0,0,0,0,0,0,0,0,0,0,0,0,0,0,0,0,0,0,0,0,0,0,0,0,0,0,0,0,0,0,0,0,0,0,0,0,0,0,0,0,0,0,0,0,0,0,0,0,0,0,0,0,0,0,0,0,0,0,0,0,0,0,0,0,0,0,0,0,0,0,0,0,0,0,0,0,0,0,0,0,0,0,0,0,0,0,0,0,0,0,0,0,0,0,0,0,0,0,0,0,0,0,0,0,0,0,0,0,0,0,0,0,0,0,0,0,0,0,0,0,0,0,0,0,0,0,0,0,0,0,0,0,0
0,0,0,0,0,0,0,0,0,0,0,0,0,0,0,0,0,0,0,0,0,0,0,0,0,0,0,0,0,0,0,0,0,0,0,0,0,0,0,0,0,0,0,0,0,0,0,0,0,0,0,0,0,0,0,0,0,0,0,0,0,0,0,0,0,0,0,0,0,0,0,0,0,0,0,0,0,0,0,0,0,0,0,0,0,0,0,0,0,0,0,0,0,0,0,0,0,0,0,0,0,0,0,0,0,0,0,0,0,0,0,0,0,0,0,0,0,0,0,0,0,0,0,0,0,0,0,0,0,0,0,0,0,0,0,0,0,0,0,0,0,0,0,0,0,0,0,0,0,0,0,0,0,0,0,0,0,0,0,0,0,0,0,0,0,0,0,0,0,0,0,0,0,0,0,0,0,0,0,0,0,0,0,0,0,0,0,0,0,0,0,0,0,0,0,0,0,0,0,0
0,0,0,0,0,0,0,0,0,0,0,0,0,0,0,0,0,0,0,0,0,0,0,0,0,0,0,0,0,0,0,0,0,0,0,0,0,0,0,0,0,0,0,0,0,0,0,0,0,0,0,0,0,0,0,0,0,0,0,0,0,0,0,0,0,0,0,0,0,0,0,0,0,0,0,0,0,0,0,0,0,0,0,0,0,0,0,0,0,0,0,0,0,0,0,0,0,0,0,0,0,0,0,0,0,0,0,0,0,0,0,0,0,0,0,0,0,0,0,0,0,0,0,0,0,0,0,0,0,0,0,0,0,0,0,0,0,0,0,0,0,0,0,0,0,0,0,0,0,0,0,0,0,0,0,0,0,0,0,0,0,0,0,0,0,0,0,0,0,0,0,0,0,0,0,0,0,0,0,0,0,0,0,0,0,0,0,0,0,0,0,0,0,0,0,0,0,0,0,0
0,0,0,0,0,0,0,0,0,0,0,0,0,0,0,0,0,0,0,0,0,0,0,0,0,0,0,0,0,0,0,0,0,0,0,0,0,0,0,0,0,0,0,0,0,0,0,0,0,0,0,0,0,0,0,0,0,0,0,0,0,0,0,0,0,0,0,0,0,0,0,0,0,0,0,0,0,0,0,0,0,0,0,0,0,0,0,0,0,0,0,0,0,0,0,0,0,0,0,0,0,0,0,0,0,0,0,0,0,0,0,0,0,0,0,0,0,0,0,0,0,0,0,0,0,0,0,0,0,0,0,0,0,0,0,0,0,0,0,0,0,0,0,0,0,0,0,0,0,0,0,0,0,0,0,0,0,0,0,0,0,0,0,0,0,0,0,0,0,0,0,0,0,0,0,0,0,0,0,0,0,0,0,0,0,0,0,0,0,0,0,0,0,0,0,0,0,0,0,0
0,0,0,0,0,0,0,0,0,0,0,0,0,0,0,0,0,0,0,0,0,0,0,0,0,0,0,0,0,0,0,0,0,0,0,0,0,0,0,0,0,0,0,0,0,0,0,0,0,0,0,0,0,0,0,0,0,0,0,0,0,0,0,0,0,0,0,0,0,0,0,0,0,0,0,0,0,0,0,0,0,0,0,0,0,0,0,0,0,0,0,0,0,0,0,0,0,0,0,0,0,0,0,0,0,0,0,0,0,0,0,0,0,0,0,0,0,0,0,0,0,0,0,0,0,0,0,0,0,0,0,0,0,0,0,0,0,0,0,0,0,0,0,0,0,0,0,0,0,0,0,0,0,0,0,0,0,0,0,0,0,0,0,0,0,0,0,0,0,0,0,0,0,0,0,0,0,0,0,0,0,0,0,0,0,0,0,0,0,0,0,0,0,0,0,0,0,0,0,0
0,0,0,0,0,0,0,0,0,0,0,0,0,0,0,0,0,0,0,0,0,0,0,0,0,0,0,0,0,0,0,0,0,0,0,0,0,0,0,0,0,0,0,0,0,0,0,0,0,0,0,0,0,0,0,0,0,0,0,0,0,0,0,0,0,0,0,0,0,0,0,0,0,0,0,0,0,0,0,0,0,0,0,0,0,0,0,0,0,0,0,0,0,0,0,0,0,0,0,0,0,0,0,0,0,0,0,0,0,0,0,0,0,0,0,0,0,0,0,0,0,0,0,0,0,0,0,0,0,0,0,0,0,0,0,0,0,0,0,0,0,0,0,0,0,0,0,0,0,0,0,0,0,0,0,0,0,0,0,0,0,0,0,0,0,0,0,0,0,0,0,0,0,0,0,0,0,0,0,0,0,0,0,0,0,0,0,0,0,0,0,0,0,0,0,0,0,0,0,0
0,0,0,0,0,0,0,0,0,0,0,0,0,0,0,0,0,0,0,0,0,0,0,0,0,0,0,0,0,0,0,0,0,0,0,0,0,0,0,0,0,0,0,0,0,0,0,0,0,0,0,0,0,0,0,0,0,0,0,0,0,0,0,0,0,0,0,0,0,0,0,0,0,0,0,0,0,0,0,0,0,0,0,0,0,0,0,0,0,0,0,0,0,0,0,0,0,0,0,0,0,0,0,0,0,0,0,0,0,0,0,0,0,0,0,0,0,0,0,0,0,0,0,0,0,0,0,0,0,0,0,0,0,0,0,0,0,0,0,0,0,0,0,0,0,0,0,0,0,0,0,0,0,0,0,0,0,0,0,0,0,0,0,0,0,0,0,0,0,0,0,0,0,0,0,0,0,0,0,0,0,0,0,0,0,0,0,0,0,0,0,0,0,0,0,0,0,0,0,0
0,0,0,0,0,0,0,0,0,0,0,0,0,0,0,0,0,0,0,0,0,0,0,0,0,0,0,0,0,0,0,0,0,0,0,0,0,0,0,0,0,0,0,0,0,0,0,0,0,0,0,0,0,0,0,0,0,0,0,0,0,0,0,0,0,0,0,0,0,0,0,0,0,0,0,0,0,0,0,0,0,0,0,0,0,0,0,0,0,0,0,0,0,0,0,0,0,0,0,0,0,0,0,0,0,0,0,0,0,0,0,0,0,0,0,0,0,0,0,0,0,0,0,0,0,0,0,0,0,0,0,0,0,0,0,0,0,0,0,0,0,0,0,0,0,0,0,0,0,0,0,0,0,0,0,0,0,0,0,0,0,0,0,0,0,0,0,0,0,0,0,0,0,0,0,0,0,0,0,0,0,0,0,0,0,0,0,0,0,0,0,0,0,0,0,0,0,0,0,0
0,0,0,0,0,0,0,0,0,0,0,0,0,0,0,0,0,0,0,0,0,0,0,0,0,0,0,0,0,0,0,0,0,0,0,0,0,0,0,0,0,0,0,0,0,0,0,0,0,0,0,0,0,0,0,0,0,0,0,0,0,0,0,0,0,0,0,0,0,0,0,0,0,0,0,0,0,0,0,0,0,0,0,0,0,0,0,0,0,0,0,0,0,0,0,0,0,0,0,0,0,0,0,0,0,0,0,0,0,0,0,0,0,0,0,0,0,0,0,0,0,0,0,0,0,0,0,0,0,0,0,0,0,0,0,0,0,0,0,0,0,0,0,0,0,0,0,0,0,0,0,0,0,0,0,0,0,0,0,0,0,0,0,0,0,0,0,0,0,0,0,0,0,0,0,0,0,0,0,0,0,0,0,0,0,0,0,0,0,0,0,0,0,0,0,0,0,0,0,0
0,0,0,0,0,0,0,0,0,0,0,0,0,0,0,0,0,0,0,0,0,0,0,0,0,0,0,0,0,0,0,0,0,0,0,0,0,0,0,0,0,0,0,0,0,0,0,0,0,0,0,0,0,0,0,0,0,0,0,0,0,0,0,0,0,0,0,0,0,0,0,0,0,0,0,0,0,0,0,0,0,0,0,0,0,0,0,0,0,0,0,0,0,0,0,0,0,0,0,0,0,0,0,0,0,0,0,0,0,0,0,0,0,0,0,0,0,0,0,0,0,0,0,0,0,0,0,0,0,0,0,0,0,0,0,0,0,0,0,0,0,0,0,0,0,0,0,0,0,0,0,0,0,0,0,0,0,0,0,0,0,0,0,0,0,0,0,0,0,0,0,0,0,0,0,0,0,0,0,0,0,0,0,0,0,0,0,0,0,0,0,0,0,0,0,0,0,0,0,0
0,0,0,0,0,0,0,0,0,0,0,0,0,0,0,0,0,0,0,0,0,0,0,0,0,0,0,0,0,0,0,0,0,0,0,0,0,0,0,0,0,0,0,0,0,0,0,0,0,0,0,0,0,0,0,0,0,0,0,0,0,0,0,0,0,0,0,0,0,0,0,0,0,0,0,0,0,0,0,0,0,0,0,0,0,0,0,0,0,0,0,0,0,0,0,0,0,0,0,0,0,0,0,0,0,0,0,0,0,0,0,0,0,0,0,0,0,0,0,0,0,0,0,0,0,0,0,0,0,0,0,0,0,0,0,0,0,0,0,0,0,0,0,0,0,0,0,0,0,0,0,0,0,0,0,0,0,0,0,0,0,0,0,0,0,0,0,0,0,0,0,0,0,0,0,0,0,0,0,0,0,0,0,0,0,0,0,0,0,0,0,0,0,0,0,0,0,0,0,0
