0,0,0,0.017165,0,0,0.022352,0.035361,0.018085,0.027917,0,0.033052,0.005474,0.026181,0.045753,0.051258,0,0,0.0058211,0,0.020545,0.039059,0.026808,0.034831,0.0051617,0,0,0,0,9.3042e-05,0,0.0069122,0.034693,0,0.012564,0.0076373,0,0.026694,0.013576,0.027792,0.011084,0,0.035473,0.032095,0.0007354,0.00045925,0,0.020247,0,0,0,0,0.023973,0.00038238,0.029451,0.017618,0.0057381,0,0,0.013392,0,0.018722,0.018281,0.029734,0,0,0.011988,0.042368,0.044213,0.035825,0.028761,0.040241,0.00095566,0,0,0.024803,0.045164,0,0.026692,0.0015505,0.025455,0,0,0,0.0058175,0.026836,0,0,0.0065571,0.034102,0.023078,0.0019153,0,0,0.035903,0.040123,0.041773,0,0,0.041126,0,0.035839,0.016268,0.010158,0,0.057257,0.0074961,0,0.024098,0.030265,0,0,0.032281,0.013214,0.04922,0.040868,0.0086481,0,0.018874,0,0.026792,0.01237,0.029219,0,0.018707,0.035519,0.022342,0.038159,0,0,0.035101,0.028547,0.024648,0.039913,0.030808,0.03799,0,0.0056405,0.03559,0.0079785,0,0.017691,0.023165,0,0.0089043,0,0,0,0.0048866,0,0.026421,0.013205,0,0.039848,0,0.02401,0,0.028004,0.0043704,0,0.012511,0.016059,0,0,0,0.038694,0.027776,0.001784,0.020944,0.03694,0.030467,0,0.039413,0.0033552,0.017104,0.02002,0.022643,0.048418,0,0.025501,0.00086317,0.030951,0,0.01406,0.026616,0.029521,0.028095,0,0,0.006304,0.020789,0.036775,0.024797,0.0097496,0.045726,0,0.023609,0.023819,0,0.037348
0,0.026908,0.048777,0.0014265,0.06263,0,0,0.011025,0,0,0.030069,0.015525,0,0.0038867,0.036674,0.022647,0.041311,0.00014016,0.028522,0.034324,0.01536,0.021384,0.012639,0,0,0.00081159,0.023653,0,0.045822,0,0,0.01157,0,0,0.015467,0,0.009963,0.046895,0.03422,0,0.040209,0,0.031582,0,0.032052,0.0047908,0,0,1.5407e-05,0.063892,0.049418,0.026149,0.040668,0.051961,0.035336,0,0.037523,0.030773,0,0,0.014293,0.011566,0.0071396,0,0.015301,0,0.038792,0.00024741,0,0.034127,0,0.0077075,0.038562,0.0058732,0,0.045836,0.061279,0.014147,0.0081764,0.02785,0.043476,0.011194,0.034022,0.0048094,0.0351,0.039218,0,0.043102,0,0,0.051147,0.021107,0.014263,0.035316,0.011719,0,0.047725,0.033018,0.023784,0,0,0.017474,0.031938,0,0.033856,0,0.060734,0.056815,0.027382,0,0.011247,0.034094,0.015518,0.062062,0.015462,0.0043249,0.024054,0.032693,0,0,0.022072,0.029424,0.0022758,0,0,0.024404,0.042957,0.063146,0.017342,0.02424,0,0.047557,0.046628,0,0,0.0089779,0.036894,0.010431,0,0.056109,0.022392,0.016504,0,0,0.042367,0.046732,0.023353,0.01373,0,0,0.037119,0.031441,0.033967,0.048097,0,0,0.048202,0.032065,0.045649,0.0098208,0.044112,0.018344,0,0,0,0.032395,0.028831,0.044198,0.011932,0.032882,0.010914,0,0.0083754,0.051751,0.056607,0.040774,0,0,0.027492,0,0,0.005391,0.054775,0,0.022122,0.0095204,0.0051779,0,0,0.023736,0.052128,0.01846,0.041619,0.06465,0.018902,0,0.051105,0.040968,0.039039,0.046196
0.038379,0.0088416,0,0.02131,0.020933,0,0.010141,0.00083053,0,0.016013,0.0091048,0.0183,0,0.014306,0.022302,0.010709,0.029032,0.0072942,0,0.020846,0,0.028701,0,0.011125,0.00018605,0.038026,0.0068826,0,0,0.035586,0,0.01657,0,0.0017129,0.011237,0,0,0.0088969,0.020984,0.008204,0.029554,0,0.0022069,0.014127,0.026404,0,0.031306,0,0.018017,0,0.020614,0,0,0,0.028296,0.035742,0.016507,0.00078497,0.0049145,0.016728,0,0.0094538,0.019653,0,0,0.00075156,0.0085187,0.037028,0.0050929,0,0.019652,0.02107,0.019544,0.048328,0.014672,0.0025424,0,0.024582,0,0.022747,0,0,0,0,0.021603,0.0092272,0.029834,0,0.027698,0.0060962,0,0.016024,0.018355,0.024885,0.001111,0.034217,0.024491,0.026473,0,0.017204,0.013606,0.0020935,0,0.013058,0.01315,3.0319e-05,0,0.023845,0,0.02818,0,0,0.0089011,0.020847,0.003091,0,0,0,0,0,0,0.019736,0.008221,0.028148,0.029316,0.0097045,0.037173,0.038321,0.011174,0.029534,0.021412,0.029083,0.0029086,0,0.0089719,0.013757,0.016289,0.02402,0,0,0,0,0.014434,0,0,0.021931,0,0.030101,0.035618,0.031823,0.046157,0.033155,0,0,0,0,0.027072,0.016873,0,0,0,0,0.00024583,0.017961,0,0.019366,0,0.01975,0,0,0.023157,0.022265,0,0,0.027247,0,0,0,0.015535,0.0015776,0.0096775,0,0,0.003033,0,0,0.036871,0.025711,0,0,0.033998,0.026694,0,0,0,0,0.032349,0,0,0
0.0023691,0,0,0,0.013483,0.015125,0.037072,0,0,0,0,0.04207,0.0070871,0.020618,0.013838,0.041842,0.01424,0,0.027589,0,0.010649,0.033376,0,0,0.016242,0.037424,0.01331,0.010751,0.0068128,0.045728,0.035949,0.045122,0.0215,0.026615,0.0066611,0.0093927,0,0,0.03699,0.0074706,0.019839,0,0.023998,0.0094848,0,0.050495,0,0,0,0.016044,0,0.013936,0.013474,0.0070642,0,0,0,0,0,0.0032431,0.036567,0.018816,0.0022104,0,0.019161,0.035626,0,0.029094,0.051418,0,0.011929,0.015932,0,0,0.051026,0.011748,0,0.013128,0,0,0,0,0.02806,0.034282,0.014011,0,0,0,0,0.0095467,0.017596,0.005675,0,0,0.0045494,0.0021823,0,0.014204,0.0073269,0.031775,0.042527,0,0,0,0.0043396,0,0,0.0077845,0.025649,0.03705,0.028454,0.03332,0,0,0.036454,0,0.022357,0,0.01856,0.038346,0,0,0.028249,0.037064,0.031743,0.027029,0,0.034514,0,0.0075296,0.012711,0.0011996,0.041174,0,0.002707,0.032274,0.021325,0.037788,0,0,0.023741,0.00068951,0,0.014515,0,0.02975,0.035383,0.017262,5.5399e-05,0,0,0.033935,0.017233,0.031335,0,0.018164,0.013368,0,0,0,0,0.03236,0.023689,0,0.016004,0.035506,0.035274,0.0044896,0.0014942,0,0.032995,0.037995,0,0,0,0.031817,0.045598,0,0,0.020427,0.026802,0,0,0,0.00089822,0.040476,0.017648,0,0,0,0,0,0,0,0,0.031271,0,0.010759,0.003242,0
0.039404,0,0.0035477,0,0,0.033659,0.028262,0,0,0.037437,0.024594,0.022576,0.0011326,0.018102,0,0,0.027148,0.00091324,0.0043701,0.0035341,0.036481,0.040655,0,0.024026,0.040462,0.033478,0.013284,0,0,0,0.034026,0,0,0,0,0.016164,0.030898,0,0,0.010295,0.013204,0.019264,0.018119,0.015101,0.032142,0,0,0.019826,0.025359,0,0.053103,0.0086748,4.7409e-05,0.015703,0.032284,0,0,0,0.020675,0.032336,0.00048036,0.011697,0.017725,0.017362,0.0091139,0,0,0,0,0,0.012174,0,0.036705,0,0.0060431,0.022044,0,0,0,0,0.015548,0.047149,0.019064,0.035765,0,0.030764,0.0032327,0.0098565,0,0,0,0.009712,0.043337,0,0,0,0.034594,0,0.031317,0,0,0.016091,0.038063,0,0.0029088,0.045335,0.045701,0,0,0.00070047,0.031779,0.0038507,0.035942,0.004313,0,0,0.025524,0,0,0.035585,0,0,0,0.042082,0.012536,0.04439,0.022167,0.010032,0.046638,0.016073,0.02815,0.031651,0,0.027727,0.051296,0.024778,0.020961,0,0,0.042099,0.022307,0.025796,0.0039782,0.019063,0.020409,0.007247,0.013364,0,0.033904,0.015556,0.023133,0,0.038459,0.026152,0.025486,0.021056,0.0053057,0.022796,0.032152,0.017686,0,0,0,0,0,0.014631,0.028177,0.013862,0.029272,0,0.013283,5.5314e-05,0,0.018465,0,0.024269,0.008018,0.035841,0,0,0,0,0,0.034525,0.0075576,0,0.010357,0.0015581,0,0.022587,0.020418,0.019261,0,0.05054,0.014506,0.032963,0.014891,0,0.022857,0
0,0.013529,0.029351,0.038883,0.02926,0.027859,0.018042,0,0.034044,0,0.025874,0,0,0.028181,0.020747,0.0073439,0.0096603,0.0096817,0.024309,0,0,0,0,0,0,0.0022577,0.0041397,0,0,0.034071,0.034111,0,0,0.016615,0,0,0.0034099,0,0.013372,0.010879,0.034071,0.027138,0.0044303,0.0025262,0,0.0031358,0.025052,0,0.02443,0.022917,0,0.015049,0.014014,0.025222,0.015271,0,0.039355,0.0015144,0.038817,0.035534,0.014476,0,0,0,0,0.021967,0.0049513,0.01756,0,0.011377,0,0,0.03827,0,0,0,0,0,0,0.012673,0.009344,0.035368,0.014253,0,0,0,0,0.0072949,0,0.0090174,0,0,0,0,0.029432,0,0,0.025887,0,0.019175,0.030938,0.038826,0.034403,0,0,0.016745,0,0.043381,0,0.0054425,0.0080821,0.00058317,0.037066,0.0069568,0.03532,0.032843,0,0.036873,0,0.0093631,0,0,0,0.018804,0,0,0.030802,0,0,0,0,0.011529,0,0.028806,0.023652,0.026274,0.012495,0.026203,0.031401,0.011349,0,0.013681,0.027464,0.020941,0,0.01867,0,0,0,0.024198,0,0,0.0098307,0,0,0,0,0.023323,0.010051,0,0,0,0.0015713,0.032068,0,0,0.04283,0,0.038623,0.030622,0,0,0,0,0,0.025178,0,0,0.0057209,0,0.0094986,0.0077876,0.025272,0,7.6582e-05,0.010565,0.046522,0.020541,0,0.0016006,0,0,0,0.028983,0.023483,0.013973,0.0089053,0,0.0317,0.028874
0.021448,0,0,0.017885,0,0,0.012377,0,0.0095951,0,0.018874,0.0064124,0.0062635,0.017189,0.012534,0,0.00013992,0,0,0,0.00579,0.020911,0.054517,0,0,0.02906,0.029923,0,0.0053879,0.041474,0,0,0.012858,0.018873,0.035845,0,0.026551,0,0,0.016923,0,0.016921,0,0,0,0,0,0.02072,0.01828,0,0.043227,0.019708,0.0010822,0,0.015608,0.018597,0,0.0061523,0.012539,0.010847,0,0,0,0.015451,0,0.030193,0.040796,0.019936,0,0.034548,0.026848,0.011784,0,0.011463,0.018219,0,0,0.024641,0.0079028,0.033111,0.02596,0.022042,0,0,0,0,0.00090745,0,0.016006,0.011437,0,0,0.016142,0,0,0,0.025469,0,0,0,0.0063861,0.041133,0.017539,0,0.031866,0.024649,0.040511,0.037076,0.004703,0.020158,0,0.044955,0,0.0013673,0.0090951,0.041933,0.043286,0,0,0,0.025927,0,0.0046773,0.020508,0.03767,0.03038,0.018991,0,0,0.0041906,0.0071451,0,0.027828,0.028481,0,0.0013965,0.019566,0.010125,0.044019,0,0,0,0.040175,0.0093413,0,0.0058562,0.040449,0,0.016537,0,0,0.015868,0,0.03871,0,0.026789,0.022351,0.014521,0.027765,0,0.032402,0,0.032803,0.0020136,0.029101,0.030342,0,0.0014176,0.032459,0,0.020496,0.028062,0.027654,0,0,0,0.021686,0,0,0.020574,0,0.0089975,0.019954,0,0,0,0,0.018048,0.0064614,0,0,0.010836,0,0,0.025206,0.005619,0.029812,0,0.047251,0.023253
0,0.027949,0,0.032346,0,0,0.022652,0.026774,0.030206,0,0.045617,0.0079884,0.011947,0.0099448,0,0.0077699,0,0.01518,0.023622,0.017355,0.0057038,0.021714,0,0.032699,0.028985,0.0194,0,0.02296,0,0,0.012707,0,0.019254,0.023844,0,0.041937,0,0,0.04177,0.029979,0.0084224,0.013656,0,0.034558,0.038985,0.041799,0.014521,0.028141,0,0,0,0,0.018798,0,0,0.0088623,0,0,0,0,0.01313,0,0,0.0048972,0.012022,0,0.025681,0.036231,0.033337,0.026941,0,0,0.013287,0,0.012966,0,0.04765,0.011174,0.022425,0.020669,0.032868,0.032594,0,0.025388,0,0.012058,0.028029,0.0018035,0.014136,0.018044,0.0098501,0,0,0.034689,0.030894,0.011134,0.0091309,0.018914,0.0010647,0.022867,0.034127,0.026043,0,0.03783,0.021167,0.014391,0,0,0,0.013665,0.037718,0.043224,0.0051531,0,0,0,0.0025668,0.015853,0,0.0051443,0.013687,0.039747,0.039977,0.0098548,0,0.026571,0,0,0.032867,0.02925,0.0024871,0.028428,0.028752,0,0,0.0437,0,0.022306,0.025029,0.032653,0.033515,0.00083631,0.034008,0,0.029271,0.022299,0,0,0,0,0.05174,0,0,0.026289,0.011599,0,0.020847,0.021964,0.010743,0,0.024881,0,0,0,0.027987,0.017834,0.0069589,0.037185,0.029656,0.0040069,0.034051,0,0,0,0.019509,0.031218,0.012448,0,0.030957,0.016614,0.032031,0.016994,0.010765,0.012528,0,0,0.048711,0.026651,0,0.017779,0.040534,0,0.0096001,0,0.0025023,0,0,0.0034184,0,0.0011428
0,0,0.0048403,0.01754,0.0096045,0.037615,0,0.026964,0.0028792,0.044003,0,0.019512,0.032082,0,0.023653,0.047923,0,0,0.0059229,0.0057858,0,0.0050976,0,0,0.02517,0,0,0,0.022312,0,0.029757,0,0,0,0.0022189,0.019143,0,0,0.00628,0,0.013892,0,0.0088042,0.03263,0.0050293,0,0,0,0.029681,0.027675,0.051833,0.031987,0.021717,0.033517,0.015961,0,0,0.013615,0.016753,0.018904,0.026788,0.017109,0.03211,0.029316,0,0.0058948,0.02034,0,0.061533,0.037873,0.0023525,0,0.028749,0,0,0.017613,0,0,0.013436,0,0.025542,0,0,0,0.04902,0.029037,0,0.015209,0.0404,0.0061706,0.01123,0.017874,0,0.0014126,0,0,0,0.0056339,0.041283,0.022432,0.035401,0,0.02289,0.0089186,0.032146,0.031991,0,0.0073773,0,0.0090572,0.031868,0.044511,0,0,0.03667,0.032877,0,0.015293,0,0.031999,0.035373,0,0.052175,0,0.012747,0,0,0.031141,0.027435,0.01738,0,0,0.0039976,0.018598,0.057209,0,0,0.0094651,0,0.040386,0.040237,0.017583,0,0,0,0.027514,0.041841,0.026807,0.039289,0,0,0.02209,0,0.039219,0,0.011641,0.03604,0.0062464,0,0.02939,0,0.040325,0,0.02323,0.006315,0.017666,0,0.030938,0.02198,0.032461,0.028378,0,0.040499,0.0060836,0,0.036567,0,0.030098,0.021667,0.036902,0.027415,0.027749,0.03062,0,0,0.032788,0.019962,0.016641,0.04152,0.039126,0.016305,0.024414,0.023616,0.013028,0.027814,0.034382,0.011091,0.012106,0,0
0,0.03334,0,0.0030645,0.030469,0.021899,0,0.034121,0.013319,0.031982,0.0017767,0.025676,0.011935,0.031566,0.0022004,0.038478,0,0,0.042184,0,0.00204,0.043928,0,0.012359,0.051571,0.033422,0,0.00071982,0,0.047486,0.0054507,0,0.047991,0,0.037239,0.0042797,0.0051044,0.04841,0.038899,0.048091,0.0012728,0.018074,0.03153,0.034707,0,0,0.039476,0.035893,0.051705,0.049955,0.0017861,0.031051,0.0032684,0,0,0.037385,0.01772,0.0015776,0,0.044897,0.0073601,0,0,0,0,0,0.029729,0.025747,0.032372,0.019041,0.029153,0.042491,0,0.013031,0.033448,0,0,0,0.045237,0.00077339,0.033815,0,0.035641,0,0.028216,0.023405,0.048237,0.00016825,0.026153,0.0036083,0,0,0.02848,0.014269,0,0.023229,0,0.031154,0.048621,0.0091526,0.018865,0.044545,0.047683,0.032205,0,0.019301,0.02885,0.00017973,0.032677,0,0,0.022531,0,0.0015186,0,0,0.036789,0.027923,0.059308,0.0063993,0.025571,0.042741,0.029581,0.047389,0.0493,0.0061542,0,0.0048414,0.047045,0.032243,0.034723,0.028846,0.00026287,0.036854,0.0061537,0.046919,0.028714,0,0.01453,0.023937,0.0029014,0.0054284,0,0.015142,0.048681,0.0015254,0.037453,0.01153,0,0.026759,0.057712,0.033183,0.020859,0,0.03699,0,0.0072179,0.031018,0,0.019541,0.012347,0.00070287,0.026946,0,0.017568,0,0,0,0.054783,0.040799,0.016981,0,0,0.012477,0.035344,0.048117,0,0.022735,0,0.043145,0.059802,0,0.040411,0,0.022974,0.050948,0.038355,0,0.053139,0.025725,0.04891,0.036014,0.0024342,0.040339,0.012977,0,0,0.0015284,0.0109,0.037534
0.049627,0.0044764,0,0,0.01595,0.015682,0.043493,0.029722,0.025987,0.016537,0.032683,0,0.0059987,0.027659,0,0,0.03514,0.042051,0,0,0.0049904,0.024934,0,0,0,0.04441,0,0.026735,0,0.00077065,0,0.042566,0.0059051,0,0.034908,0,0.042804,0.0087214,0.025312,0.014599,0.017997,0.024117,0,0,0,0,0,0,0,0.02772,0,0,0.020988,0,0,0,0.039657,0,0,0.016504,0,0,0.041256,0,0,0,0,0.030837,0,0,0.021995,0.046647,0,0,0,0.034158,0.03596,0.01467,0.031912,0.008926,0.014028,0.043544,0.0082787,0,0.022633,0.024807,0.024251,0.0040397,0.033254,0.022598,0,0.038314,0,0,0.02909,0.056257,0.0083842,0.028427,0.023848,0,0,0.032158,0.010235,0.015405,0,0.028132,0.0231,0.028312,0.022425,0.019795,0.043375,0.030074,0.03089,0.048065,0,0,0.0079916,0.013794,0.044932,0.01852,0.026321,0.0026129,0,0,0,0,0,0,0.014352,0.00097351,0.0090459,0,0,0,0.037031,0.026674,0.019262,0,0.0083821,0.023549,0,0.0066549,0,0.032773,0,0.017227,0.025129,0.032463,0,0,0,0.039333,0.037035,0,0.01803,0.014754,0.039884,0.028731,0,0,0.037655,0.044943,0,0.025254,0.010958,0.015004,0,0.039222,0,0,0,0.042301,0.034426,0.038192,0.014311,0,0,0,0,0,0.019657,0.048083,0.045814,0.021586,0.036809,0.032007,0.013521,0.0089847,0.011794,0.0040795,0,0.036789,0.039491,0,0.0029963,0,0.0028424,0.050206,0.011908,0.028708
0.00017753,0,0.0049173,0.0073855,0.0060365,0.023957,0,0.027452,0.011203,0.0013651,0,0.040301,0,0,0.039171,0.0061659,0.0014231,0.015767,0.0023096,0,0.029564,0.051725,0,0,0.0038643,0.02713,0.0089,0.041756,0.034699,0.020214,0,0.047049,0.034131,6.4521e-06,0.044275,0,0.032374,0.0082244,0.012504,0.0081735,0.034988,0.0040415,0.039873,0.024981,0.032687,0.053333,0,0.01818,0.0032012,0.041204,0.066096,0,0.030437,0.027561,0,0.021559,0,0.024259,0.046003,0.05601,0,0.025671,0.027025,0.023811,0,0,0,0.013708,0.065829,0.053498,0,0.0016872,0,0.057742,0.027436,0,0.018587,0.024215,0.05011,0.017713,0.036913,0.020825,0,0,0,0.043494,0.051445,0,0.040701,0,0.0075043,0.020525,0.033037,0.008645,0.025888,0.014841,0.01912,0.04143,0.024842,0.044517,0,0.012217,0.04748,0.021317,0,0.026407,0,0.026301,0,0.04291,0,0.045187,0,0.017311,0.028741,0.0039913,0,0.014234,0.043407,0.027924,0.042855,0.039367,0,0.010427,0.019538,0.036585,0.036556,0.053929,0,0.0091581,0.0069801,0.0090887,0.05181,0.01498,0,0,0.0072132,0.035115,0.050348,0.027648,0.042355,0.019221,0.022942,0.030709,0.050667,0.046192,0.021219,0.020603,0.056986,0.059772,0.02643,0,0.017418,0,0.018319,0,0.038512,0,0.013078,0.0073099,0,0,0.0031948,0.018205,0.048379,0,0.020622,0.046015,0.02277,0.024076,0.03916,0.028328,0.041342,0.037292,0.041975,0.0097227,0.018615,0,0,0,0.023959,0.005077,0.0088921,0.053902,0.0021869,0.027735,0.035348,0,0.030938,0.013296,0.032182,0.035369,0.041149,0,0,0.029962,0,0,0.0099669,0.018595
0.011515,0.02186,0.027637,0,0.0038713,0,0,0.020891,0,0.016221,0,0.014197,0.00081881,0.022545,0,0.00046885,0.021079,0,0.0068547,0.027712,0,0,0,0.0080254,0.033177,0,0,0,0.0059838,0,0,0.025761,0.038996,0,0.018328,0,0.022854,0.035862,0.010171,0.018402,0.00030513,0.014872,0.019754,0.0031061,0.018261,0.027201,0,0.00049488,0.005089,0,0.0091813,0.029237,0.0096079,0.019971,0,0.016013,0,0.0038405,0.037733,0.022295,0,0.025705,0,0,0,0,0.012034,0.015816,0.044953,0,0.027244,0.0031517,0.050907,0,0,0.038079,0.035681,0,0,0.03311,0,0.048294,0,0.0018126,0,0.016382,0.027036,0.036293,0,0.02603,0,0,0.049125,0,0,0.031747,0.0041861,0.008591,0.027123,0.011833,0.010114,0,0.026644,0,0,0.017957,0.035583,0,0,0,0.0065537,0,0.020199,0,0,0.012972,0.011321,0,0,0.0069643,0.039972,0,0.039666,0,0.017616,0.021974,0.0015134,0.012512,0,0,0.0070295,0.022734,0.0026563,0,0.022488,0,0,0.036876,0.037286,0,0.028338,0.016336,0.022387,0,0.00050131,0.04252,0,0.032149,0.031396,0,0,0.025248,0.026413,0.015386,0.00053714,0,0.02558,0,0,0,0.0079161,0,0.030829,0.034901,0,0.0097023,0.019774,0.0024221,0,0.028956,0.018447,0,0.021075,0.020402,0.021171,0.029227,0,0.011743,0,0.012062,0.023137,0.031667,0,0.036025,0.0067222,0,0,0,0,0.010648,0,0.023677,0.011861,0,0.0066812,0.034234,0.024529,0,0,0
0.01176,0.035817,0.028839,0.067645,0.061528,0.020294,0,0.036652,0.0072325,0.057329,0.020462,0.0016232,0.034981,0.010442,0.038909,0.018144,0.023715,0.052755,0.02583,0.011925,0.012973,0.036787,0,0.015162,0,0.032432,0.017584,0.04198,0,0,0.024523,0.01995,0.01717,0.031151,0.054356,0,0.050307,0.021827,0,0,0.060736,0.044507,0,0.032572,0.046974,0,0.057239,0.026357,0.0013443,0,0.025513,0.034256,0.040542,0.01747,0.02427,0.022079,0.022548,0.043167,0.0462,0,0,0.0048663,0,0.020945,0.01121,0.013782,0.031308,0.031231,0,0.057251,0.038207,0.027317,0.0044904,0,0.031708,0,0.016638,0,0.0059274,0.05243,0.052084,0.056926,0,0,0.010099,0.039113,0,0,0,0.011155,0.043116,0.037563,0.0035469,0.055364,0.023261,0,0.040562,0.011395,0.034926,0.006234,0.039747,0.021978,0.060528,0,0.056023,0.037789,0.0029772,0.027427,0.045316,0.038736,0,0.025798,0.013174,0,0.046651,0.046847,0.023278,0.036969,0.041945,0,0.031471,0.056357,0.018433,0,0.00025325,0,0.00096248,0.057047,0.036673,0.040374,0.012954,0.043718,0.042228,0.020017,0.071988,0,0.034473,0.042151,0.069075,0,0.037026,0.0062882,0.002521,0.042409,0.0066942,0.027546,0.014535,0.02974,0.042964,0.012851,0.022507,0,0.039043,0,0.034481,0.022048,0.04475,0.020611,0.018482,0.041251,0.023848,0.029236,0.058683,0,0.052777,0.03778,0.050245,0.041093,0.035639,0,0.05101,0.027506,0,0,0.015169,0,0,0,0.0027664,0.033536,0.058201,0.025047,0.0048516,0.048452,0.029767,0.056331,0,0.048618,0.021374,0,0.01087,0.024917,0.019946,0.061773,0.034726,0.032466,0.0059748,0.060606,0.0029694,0.04463
0,0,0.0055005,0.018232,0,0.010528,0,0,0,0,0.030391,0,0.037797,0.0043413,0,0.014211,0.028689,0.0020577,0.035759,0,0.0098684,0,0.0019797,0,0.0012611,0.012827,0,0.011475,0.046251,0,0.029038,0.0066397,0,0.032619,0.015404,0.010444,0,0.02228,0.016162,0,0.027148,0.020625,0.01928,0,0.0086956,0,0.0071899,0.027265,0.011585,0,0,0.013596,0,0.036174,0,0,0.035691,0.036073,0.011242,0,0,0.012899,0.01312,0,0.01769,0,0,0,0,0,0,0.020847,0.022932,0.0031979,0,0.023169,0,0.016278,0.025399,0,0,0,0.031483,0.011333,0,0.0033377,0.011845,0,0.033612,0.018957,0.034304,0,0.018297,0.032103,0,0,0,0.022951,0,0.034347,0,0,0,0,0,0.012246,0,0,0,0.029137,0.029631,0.02947,0.0063142,0,0.022563,0.0047295,0,0,0,0,0.0066857,0,0,0.021747,0,0.040418,0,0.040508,0.022448,0,0.028328,0.0098604,0.0096594,0,0,0,0,0.024803,0.036437,0.029221,0.0044892,0.023388,0.0040086,0.02894,0.029925,0.028249,0.014496,0.016383,0.035394,0,0,0,0.01326,0.027432,0,0,0.018163,0,0.020343,0.032055,0,0.023896,0,0,0.013574,0.019524,0.038094,0.03546,0.029755,0,0,0.03709,0,0.014017,0.015108,0.029886,0.031032,0.00014607,0.0081125,0,0,0.025976,0.0013389,0.035984,0,0,0,0.024585,0.029182,0.018082,0,0.021718,0.036436,0.0087054,0,0.019003,0,0.014932,0.017366,0.040205
0.032958,0.04116,0.041241,0,0,0.034871,0.011957,0.037349,0.042938,0.02075,0.022511,0.0033124,0,0,0.05199,0,0.019202,0.0099642,0.036351,0,0.034818,0.017438,0,0.046905,0.020081,0.044579,0.058102,0,0.043719,0.041382,0.028563,0,0,0.062324,0,0.033062,0.026162,0.049525,0.034351,0.047265,0,0,0.035176,0.023733,0.0215,0,0.040115,0.031138,0.012675,0.03523,0,0.017049,0,0.034519,0.026056,0,0.0027026,0,0.040829,0.035403,0.014628,0.041746,0.032792,0.058766,0.038032,0.010946,0.027251,0.026008,0,0.01677,0,0.043472,0,0.026675,0.014222,0,0.0402,0.020806,0,0.038433,0,0.00071071,0.00019018,0.050209,0.037464,0.02825,0,0.028026,0.013311,0.0015594,0.035843,0.042391,0.054484,0.028583,0.04539,0,0.0064545,0.00156,0.042943,0.039518,0.049473,0.036453,0,0,0.02464,0,0.02569,0.023709,0,0.021148,0,0.0071867,0,0,0,0.047889,0.020392,0.028296,0,0,0.049079,0.036163,0.0011938,0.040494,0.0069865,0.036621,0.017648,0.033801,0.042092,0.032596,0.025496,0.020227,0.036771,0.014011,0.015684,0,0.051549,0,0.011165,0,0.012244,0.035834,0.011539,0.014107,0.047208,0.0082851,0,0.035331,0.027648,0.06099,0.016469,0,0,0.0041646,0.029405,0,0.043788,0.043955,0.0050444,0,0.021244,0,0.023642,0.033821,0.011152,0.0071704,0.052539,0.037592,0.053786,0.024301,0.050304,0.019355,0.023476,0.017288,0,0.0055496,0.031983,0.058685,0.015716,0,0.044938,0.014374,0,0,0,0.03165,0,0.031688,0.002861,0.024467,0,0.039515,0.036613,0,0.023865,0.051681,0,0.032201,0,0
0,0,0,0.010208,0,0,0.025717,0.0086341,0.037209,0,0,0.025785,0,0,0,0.0052701,0.0022905,0,0.0092348,0.069224,0.026822,0.010143,0.027859,0.017209,0,0.035824,0.011572,0,0,0.025404,0.031052,0,0.04027,0.010116,0.031291,0.025905,0.0032851,0,0.044106,0.03313,0.029211,0.042847,0.034203,0,0,0,0.01334,0.021229,0.003883,0.033199,0.0315,0,0.04088,0.056927,0,0.040148,0,0,0.0011399,0,0.026362,0.00309,0.023815,0,0.0030124,0.025341,0.038282,0,0.019543,0.01497,0.031642,0.037703,0.013409,0.0036113,0,0,0.004472,0,0,0.024109,0,0.023705,0.021186,0.031106,0,0.02763,0,0,0.037897,0.005604,0.0021828,0.03197,0.02138,0.039276,0,0.054748,0.021629,0.0097111,0.018238,0,0,0.011484,0.011506,0,0.041227,0.0032036,0,0,0.056248,0,0,0.00054331,0.038252,0.040672,0.050539,0,0,0,0.027176,0.030343,0.031701,0.0089847,0,0,0.030046,0,0.015204,0,0,0.023119,0.021304,0,0.028851,0.044707,0.0272,0.037144,0.0091679,0.037908,0.0076253,0.040778,0.010762,0.036684,0.031712,0.022144,0.0013011,0.02149,0.038636,0.020035,0,0,0.041874,0,0,0,0.015293,0.045151,0.028406,0.018686,0,0,0.02162,0.038981,0.03071,0,0.041102,0.014417,0.037544,0.00073131,0.013478,0,0.014297,0,0.0090196,0.0438,0,0.013099,0,0.028989,0,0,0.017489,0.01074,0.023788,0.0088725,0.026474,0.036249,0.021201,0.045327,0.0086065,0.01378,0.030812,0,0,0,0,0.031181,0,0.001756,0.022409,0
0,0.0067034,0.01814,0.05305,0.031756,0.03374,0,0.017868,0,0,0.021325,0.042372,0,0.02002,0,0.01182,0.04313,0,0.022677,0.023626,0.02311,0.0059952,0.027088,0.034081,0,0.041849,0,0.0071384,0,0.0092325,0.024613,0.011782,0,0,0.044239,0.046164,0,0.018121,0.0052115,0.0037543,0.020168,0.032845,0.038251,0.012301,0.019223,0.0023896,0.023455,0.0065386,0.034422,0,0.030332,0,0.022841,0.0080254,0.035937,0.024545,0,0.03025,0.033866,0.0010311,0,0.0097478,0.012226,0.013442,0.029982,0.032321,0.031994,0,0.0051486,0.046383,0.011087,0.025359,0.017107,0.0069065,0,0.018578,0.023756,0.035831,0.021236,0.012159,0.021059,0,0,0.040855,0.0081711,0,0.00061942,0.018243,0.016388,0.020902,0.045527,0.028874,0,0.047649,0.037837,0,0.013464,0.035607,0,0.025374,0,0.045275,0.00439,0.026337,0,0,0,0,0.043021,0.012992,0.040255,0,0.022673,0,0.00041623,0,0.014198,0.0090759,0.042987,0,0,0,0.03187,0.022297,0.0034953,0,0.026864,0,0.014406,0,0,0.043294,0,0.0202,0.059341,0.032951,0.014767,0,0,0,0,0.015144,0.046369,0,0.041875,0,0.021041,0,0.015234,0,0.063466,0,0.04138,0.043316,0.043906,0.006522,0.0075523,0.029378,0,0,0.040306,0.037,0.013405,0,0,0.014012,0,0.011478,0.044727,0.030829,0.015803,0.035833,0,0.036367,0.069716,0,0,0.027046,0.042413,0.017253,0.059235,0,0.033949,0,0.052139,0.011531,0,0.0064693,0.02118,0.012978,0,0.020995,0.018126,0,0,0.011551,0.036425,0.045283,0.047728,0.031701
0,0,0.027677,0,0,0,0.036568,0,0.027534,0.024194,0.00015315,0.011796,0,0.022418,0,0.031326,0.0095191,0.00024168,0.011094,0.021749,0.01403,0.0076821,0,0,0,0.019496,0.0036929,0.0034215,0.0043735,0.002161,0,0.04798,0,0.052276,0.0094693,0.024947,0.0069701,0.01515,0,0.019878,0,0.0019208,0,0.027987,0.00092649,0.035663,0,0,0,0.011645,0,0,0.0090886,0,0,0.038077,0.027068,0.0019084,0.029917,0.039371,0.013681,0.020042,0.010441,0,0.042729,0,0,0,0,0.01013,0.024374,0,0,0.034829,0,0,0,0.007792,0,0,0,0.01545,0,0,0.012648,0.020438,0.011161,0.038691,0.022582,0,0.02139,0.024247,0,0,0.031357,0.027705,0.024823,0,0.0018466,0,0,0,0,0.027387,0,0.047376,0.03221,0,0,0,0.029963,0.015077,0,0.014744,0,0,0.015812,0,0.031358,0.029558,0.0046944,0,0.028544,0.030785,0.027533,0,0.033496,0,0.041526,0.017413,0,0.035517,0,0.017267,0.039549,0.019745,0,0,0.0018568,0.036776,0.00033483,0.0080878,0.015989,0.029459,0.012946,0,0.035082,0.027033,0.020937,0,0,0,0,0.036351,0.022126,0,0.033457,0.032959,0.022685,0,0,0.03155,0.034878,0,0,0,0,0,0.0069449,0.024513,0.022917,0.012425,0,0.028152,0.0058719,0,0,0,0.036186,0.029868,0.0043946,0,0.033454,0.013621,0.037834,0.022398,0.041626,0.018239,0,0.032337,0.011416,0,0.03568,0,0.037105,0.019154,0.0039615,0,0.014714,0
0,0,0.038452,0.0467,0,0.021828,0.022356,0.016855,0,0,0.044946,0,0.0085003,0.013744,0,0.020505,0,0,0.031387,0,0.024504,0.031378,0,0.01591,0,0,0.02333,0,0.033897,0,0.037972,0,0,0,0,0,0,0.026694,0,0.0037178,0,0.018354,0,0.0082996,0.021278,0.039677,0.02598,0.013965,0.018908,0.028996,0,0,0.014437,0.0087588,0.0084819,0.018284,0,0.027623,0,0,0.019944,0,0,0.0098625,0.034043,0.010612,0.019304,0,0,0,0.017037,0.012967,0,0.032489,0.032177,0,0.024468,0.022046,0.0406,0.021247,0.038564,0,0.044711,0,0,0,0.016215,0.004752,0,0.033048,0.00096276,0.025832,0,0,0.0034522,0.012942,0.031577,0,0,0,0,0,0,0.011368,0,0.021037,0.012189,0,0.018954,0,0.015024,0.043189,0.0018704,0.047077,0,0,0,0.03364,0,0,0.011651,0.037573,0.019316,0,0,0.01746,0,0,0,0,0,0,0,0,0.015896,0.0013085,0.010951,0,0.001164,0,0.019119,0.025744,0,0.030461,0,0,0.00079418,0,0,0.013007,0.033788,0.029719,0,0,0.00069417,0.0072017,0,0,0.033191,0.003327,0.0053242,0.021585,0,0.00091435,0,0,0,0.017209,0,0.025119,0.0064233,0.047397,0.044688,0.023738,0,0.0029534,0,0.001949,0.02844,0,0,0,0.033754,0.0069141,0,0.021534,0,0,0.0047181,0,0.0054025,0.0038648,0,0.023532,0,0.031234,0.024844,0,0,0
0.049204,0.032731,0.016815,0.0064249,0.012122,0.0059742,0.031424,0.049911,0,0.013364,0.027516,0,0.053685,0.038965,0,0.03917,0.035449,0.043319,0.01464,0.014102,0,0.036467,0.028349,0,0.031998,0.036366,0.058331,0.023741,0.045942,0.03131,0.0038079,0.00017431,0.047423,0.017518,0,0.026075,0,0.027756,0.041182,0.05217,0,0.033635,0.03382,0.033526,0.0018734,0.0060096,0.044539,0.012892,0.043588,0,0.024936,0.029946,0.035534,0.050252,0.022311,0.00057591,0.013731,0.050187,0.022552,0,0.041468,0,0.016826,0.036333,0.070912,0.051318,0.015841,0.02114,0.076971,0.032627,0,0.05207,0.019663,0.052584,0.054653,0.027085,0.032412,0.0476,0,0.029762,0.037612,0.013274,0.05281,0.011014,0.034277,0.0025902,0,0.026124,0,0.044848,0.0024599,0.0053278,0.0041118,0.045866,0.032599,0,0,0.010661,0.023229,0.018153,0.054881,0.046295,0.021522,0.024435,0.039114,0.013158,0,0,0,0.046739,0,0.026391,0.045515,0.013697,0,0.0058208,0.045089,0.011769,0.047857,0.031765,0.048215,6.6307e-06,0.037954,0.06834,0.02205,0.031337,0.024604,0,0.045807,0.012855,0.023331,0.054116,0.022342,0.024226,0.05525,0.0091156,0.021728,0.01514,0.038851,0.041799,0.052816,0.014659,0.00075298,0.0067657,0.042173,0.033879,0.060318,0,0.028165,0,0.019047,0.004589,0.041982,0.054901,0.042896,0.016895,0.002735,0.038921,0,0.054994,0.054543,0.0046005,0,0.021523,0.0093458,0.048466,0.016103,0.035755,0,0.0105,0.015092,0.031829,0.022975,0.039488,0,0,0.020553,0.039708,0.020661,0.016266,0.012397,0,0.0038858,0,0.022264,0,0.030164,0.050155,0.016572,0.026898,0,0.022602,0.012284,0,0,0.041227,0.044529,0.0529,0,0
0,0.013441,0.025504,0.0027419,0.0047105,0.062695,0.0022363,0.02188,0.061172,0.050871,0,0.052975,0.0007337,0.026273,0.00014793,0.023976,0.026354,0.012233,0,0.061594,0.034854,0.019464,0.062914,0.064356,0,0.062173,0,0.016328,0.071055,0.023441,0.014196,0.059427,0,0,0.0040737,0.03573,0.052204,0,0.061318,0.057542,0.01957,0.031458,0,0.015604,0.040566,0.027604,0.030474,0.00073909,0.0012567,0.064628,0.0039442,0.011884,0.0034012,0,0.021648,0.042473,0.011636,0,0.00292,0,0,0.025834,0.04787,0.0040744,0.034268,0.030487,0,0.044594,0.044935,0.0013147,0.044586,0,0.0040366,0.065829,0.036193,0.036157,0.012452,0,0.055202,0.055775,0.036073,0.039864,0.028707,0.055456,0.050383,0.04729,0,0.036683,0.0061275,0.044005,0.042711,0,0.0026171,0.016564,0.00096989,0.023802,0,0,0.032649,0.0095183,0.013939,0,0.023163,0.011776,0.058429,0.029924,0,0.01941,0.026981,0.050974,0,0.018371,0.0099421,0.028118,0.0066064,0,0.041952,0.05505,0.0017033,0.0048434,0.00097208,0.012346,0.026509,0.01334,0.0091066,0.05205,0.039011,0,0,0.026736,0.016864,0.036854,0.0413,0,0,0.02036,0.048822,0.058477,0.016183,0.012818,0.042033,0.002973,0.036742,0.038869,0.021652,0,0,0,0.0051989,0.0059763,0.018479,0.016506,0.037612,0,0.031175,0.058099,0.010299,0.0029923,0.0078766,0.043556,0,0,0,0.059496,0.065067,0.045434,0.0072666,0.036895,0.0086668,0.02105,0.0031469,0.016513,0.055198,0.056463,0.023589,0.044132,0.033596,0.019157,0.068512,0.038774,0.017398,0.022504,0,0.072778,0,0.033103,0.060775,0.044212,0.0076531,0.050983,0.047557,0.05053,0.012282,0.04723,0.043861,0.0054532,0.012986,0.018342,0.020597,0.019468
0.037554,0,0.0046866,0,0.010007,0.042006,0,0,0.02168,0,0.045648,0.036166,0.047074,0,0,0.043213,0,0.012698,0,0,0.028872,0.012721,0,0.010964,0,0.029332,0.031774,0.0019598,0.0072559,0,0,0,0.0026353,0,0.010899,0.03782,0.046247,0,0,0.0063301,0.01208,0.0069977,0.0019384,0.03042,0.040832,0,0.0025064,0.02098,0.027013,0.031241,0.0036011,0.038476,0.039576,0.0097949,0.02913,0,0.0022897,0.0016522,0.0052897,0.0269,0.016082,0,0.0028106,0,0,0.008292,0.030028,0,0,0,0,0.037369,0.0071777,0,0,0.039914,0,0.010577,0.012472,0.014886,0.011351,0.042838,0,0.016459,0.038262,0.031296,0.036729,0.034004,0.035774,0.033296,0,0.0045068,0.020055,0,0.023137,0,0.031772,0,0,0,0.024424,0,0.019544,0.018405,0,0,0.019061,0.046086,0,0,0.014454,0,0.035641,0.034609,0,0,0,0.022325,0.039785,0,0,0.014866,0.040599,0.023929,0.013109,0.0059187,0,0.0040442,0.035517,0.0071982,0.02724,0,0.0086709,0.041775,0,0.004944,0.0090406,0.013494,0,0.034573,0.029388,0.010871,0,0.042254,0,0.0016243,0.046894,0.012175,0,0.0047385,0.0061675,0.045375,0.033386,0.022042,0,0,0.022334,0.0070289,0.027259,0.023084,0,0.032887,0,0.032792,0,0.0035811,0.04913,0.034119,0.005255,0.03515,0,0.023152,0.0026542,0.026997,0,0,0.049309,0.036923,0,0.017522,0,0.039456,0,0,0.017778,0.0305,0,0.017297,0,0.027311,0,0.0012086,0.023377,0.026531,0.038292,0.022481,0.0027957,0.0028325,0,0.038093
0.058797,0.029648,0.033953,0.037096,0.034988,0.030643,0.0096831,0.021588,0.018244,0.006905,0.016585,0.00046611,0,0.043911,0.042822,0.047287,0.010435,0.045412,0.032939,0,0.031075,0,0,0.042789,0.055249,0.00086631,0.0038048,0.026881,0.031463,0.028368,0.011614,0.056739,0.010182,0.015061,0.02522,0.039099,0.023792,0,0,0.049448,0,0.026303,0.025932,0.026046,0.0048391,0.051259,0.046486,0.015986,0,0.0063306,0,0.01763,0.0015425,0.018541,0.029104,0.057432,8.3554e-05,0.042146,0.031089,0.033109,0,0.010751,0.022561,0.05272,0.019122,0.0061112,0.010475,0.040122,0,0.018706,0,0,0.018632,0,0.021294,0,0.025419,0.0015093,0.028553,0.03082,0.0015039,0,0.041688,0,0,0.010277,0.036056,0.040079,0,0,0.024076,0.018889,0.024493,0,0.025555,0.031426,0.035499,0.025165,0.052421,0.0062933,0,0.056319,0.037911,0.043717,0.053317,0.015336,0.040577,0.031523,0.049693,0.032155,0.0044925,0,0,0.051298,0.024704,0.044807,0.0020595,0.01935,0.051539,0.043913,0,0.035395,0,0.0042933,0.021824,0.043436,0.00078465,0.0083103,0.0038156,0.03602,0.044253,0.016102,0.022015,0.017237,0.019135,0.013677,0.046796,0.044328,0.0042903,0.0062817,0.010484,0.043014,0,0.016972,0.011275,0,0.00064391,0,0.019667,0.019552,0,0.047436,0.041355,0,0.019148,0.059814,0.034742,0.026459,0,0,0.036318,0.043865,0.043503,0.0071104,0.027329,0.0060151,0.030688,0.03782,0.038367,0.0033132,0.048907,0.0069272,0,0,0.0097245,0.0053983,0.01786,0.034738,0.0040881,0.011525,0,0.0074389,0.05779,0.043891,0.036148,0.020058,0,0.025479,0.03468,0.0419,0.0020141,0.017327,0.058799,0.052649,0,0.020539,0.0075393,0,0.045165,0.056049
0,0.031281,0.009855,0.017673,0,0.033498,0.058558,0.044359,0.031755,0.01238,0.032034,0,0,0.0046124,0.033913,0.025754,0.042428,0,0.022114,0.0055936,0.034198,0.0032693,0,0.03037,0.043788,0.053028,0.034277,0.043852,0.012485,0,0,0.047243,0.05,0.0017905,0.045486,0.0087355,0,0.010605,0,0.024676,0.038676,0.054414,0.041975,0.039221,0.03519,0.06414,0.00041468,0.0049497,0.041892,0,0.041639,0.014313,0.04726,0,0.010664,0,0.020918,0.053171,0.049596,0.00054833,0.0024541,0.046843,0.053903,0.03637,0.0010098,0.036416,0.030386,0.0031228,0.075365,0.011063,0.036844,0.019253,0,0,0,0.036039,0.017202,0.034723,0.042221,0.033939,0.0044781,0,0.0095374,0,0.047277,0.038639,0.0040185,0.023698,0,0.045996,0.027151,0.023461,0.055951,0.027611,0.027841,0.048062,0.013298,0.0088876,0.048577,0.0063764,0.019455,0.053708,0.012537,0.039808,0.023897,0.031253,0,0.021188,0.051959,0.052405,0.030464,0,0.050319,0.041805,0.0023876,0.022081,0.026057,0.027042,0,0.030884,0.049989,0,0.041563,0,0,0.029518,0,0.051303,0.025495,0,0.045333,0,0,0.024148,0.0043755,0.0208,0.03851,0.0026367,0.022377,0,0.041735,0.005567,0,0.0071464,0,0.021699,0.031656,0,0.0013208,0,0.0018231,0.014377,0.035128,0.052152,0,0.03927,0.037133,0.021625,0.046608,0.026833,0.013342,0.018153,0,0.021053,0.018,0.052796,0.019465,0.029286,0,0,0.0041673,0,0.0061076,0.0094577,0.029561,0.0050976,0.032984,0.042678,0.026484,0.03613,0.023829,0,0.048623,0.043643,0.051554,0.055172,0,0.041082,0,0.029045,0.04582,0.014712,0.020201,0.015908,0.059279,0,0.01649,0.020926,0.022447,0
0.071499,0.00154,0,0.065992,0.00093143,0.05387,0.053257,0.045765,0.025684,0.012135,0.0071835,0.015508,0.042574,0,0.013437,0.021566,0.00055544,0.059075,0.035532,1.8169e-05,0.021014,0.030981,0,0.021032,0.025726,0.0024679,0,0.058274,0.034126,0.027171,0.023135,0,0.042814,0.025122,0,0.047485,0.010443,0.056228,0.038672,0.049288,0.011574,0.030451,0,0.021377,0.041666,0.017748,0.008585,0.033654,0.0025561,0.033595,0.030443,0.03116,0.052869,0.016433,0.050352,0.050178,0.045156,0.0074513,0.028575,0.058948,0.035477,0.035889,0.055777,0.047613,0.078118,0.0026973,0.029607,0.048942,0.011491,0.048146,0.03914,0,0.06677,0.070644,0.05581,0.024301,0.01809,0.033398,0.00076926,0.028712,0.026126,0.01275,0.050358,0.010724,0.060381,0.021223,0,0.042208,0.050306,0.039116,0.052476,0.019712,0.0064292,0.047518,0.0047879,0.057946,0.039226,0.0019768,0.021758,0,0.048866,0.010487,0.051241,0,0.036397,0.025259,0,0,0.029936,0.034278,0.053085,0.037293,0.060775,0.017806,0.029329,0.021067,0.0087976,0.010575,0.056943,0.011729,0.033164,0.0055529,0,0.051509,0.00040109,0.011388,0.038653,0.0045564,0.011715,0.017226,0.027074,0.0073275,0.035699,0.017336,0.052239,0.023803,0.048521,0.018979,0.0072132,0.058566,0,0.034069,0.014521,0,0.0079603,0.034568,0.035768,0.008658,0.049739,0,0.011166,0.016885,0.030164,0.011586,0.0542,0.050044,0.03367,0.0022087,0.019174,0,0.035107,0.023767,0.0090326,0.011048,0,0,0.016304,0.011442,0,0.046313,0,0.025426,0.0085508,0.048782,0,0.015565,0,0.00345,0.0073156,0.056301,0,0.029703,0.023407,0.048384,0.034304,0.026315,0,0.046856,0.060066,0.016346,0.011368,0.035301,0.0074993,0,0,0,0.0091115,0.034389,0,0.02277
0,0.021865,0.033003,0.014583,0.027761,0,0.036874,0.016179,0,0.026698,0.023046,0,0,0,0,0,0.032219,0.0033229,0.01113,0.043544,0,0.028882,0.035855,0.020601,0,0,0.018865,0,0,0.01685,0,0.022836,0,0.016592,0,0,0,0.027674,0,0,0.011023,0.025178,0.021182,0.0097271,0.025417,0,0,0,0.027752,0.012205,0,0,0.030751,0.023106,0.020907,0,0,0.015253,0,0.025856,0.0065715,0.035696,0.015324,0,0,0,0.014305,0.02156,0.010542,0.013302,0.026782,0,0.0078531,0,0.00095227,0,0.029451,0.016799,0.0027831,0,0.026819,0.014234,0.009757,0,0,0.011872,0,0.034226,0,0.012378,0,0.023872,0.0065093,0.031777,0.03293,0,0,0,0.031936,0.0018122,0.020016,0.020073,0,0.023386,0,0,0,0,0,0,0,0.0073349,0.02198,0.040012,0.025943,0.018967,0.0056897,0,0.0056225,0,0,0.011233,0.023121,0,0,0,0,0,0.039452,0,0,0.01757,0,0,0.048264,0,0.028275,0.045731,0,0.008763,0.0072317,0,0,0.032414,0,0.038603,0,0.020012,0,0.018871,0,0,0.032692,0.022163,0.039075,0,0,0.0088495,0.024936,0.0029718,0.032898,0.0080143,0,0.014849,0.046826,0.027757,0.023675,0.027587,0,0.023614,0.0027319,0.02472,0,0,0.0099544,0.030064,0,0.0039943,0.0033047,0,0,0.02135,0,0,0.017689,0,0,0,0.024751,0,0.010964,0,0,0.017158,0.016321,0,0,0,0,0
0,0.011027,0.029176,0,0,0.0071762,0,0,0.030587,0.014045,0.0299,0,0.039935,0.019004,0,0,0,0,0,0.0181,0.01806,0,0.013104,0.0086067,0.0067237,0,0.012985,0.0068004,0,0.014515,0.0046495,0.01118,0,0,0,0,0,0.024584,0.019735,0.017474,0,0,0,0.02964,0,0,0.03984,0.024908,0,0,0,0,0,0.0059332,0.011948,0,0,0.020395,0.03159,0.014105,0.039219,0.0041707,0,0,0.052544,0.02439,0,0,0.007085,0.010327,0,0.025341,0,0.00097823,0.0047383,0.019727,0,0.028393,0,0,0.018371,0,0,0.035063,0,0,0.0051476,0.026604,0.017086,0.016782,0.025867,0,0,0.017093,0.034909,0.015734,0,0,0,0.0026427,0.023183,0,0.0063073,0,0,0.022371,0.02153,0,0.023494,0.0028495,0,0,0,0.029976,0.019722,0,0.036204,0.015906,0,0,0.01531,0.010314,0,0.0087317,0.0091386,0.017627,0.029759,0.022091,0,0.017108,0.01131,0,0.033116,0.01025,0,0.010856,0.011396,0,0,0.025761,0,0.0045444,0.011985,0.0017215,0,0.0099385,0.0067699,0,0.034963,0,0.013295,0.030643,0.0063427,0.0011567,0,0,0.013716,0.0029446,0,0,0.016665,0.017737,0,0,0.012798,0.0058107,0,0.016183,0.032386,0.0017796,0,0.039018,0.035326,0.018936,0,0.0063821,0,0.0021684,0,0,0.011087,0,0,0,0.025362,0,0,0.023952,0,0.015104,0.0062392,0,0,0.024637,0.03606,0.015869,0.012063,0.0063203,0,0.03697
0.016263,0.03102,0,0,0.00033413,0.019326,0,0,0,0,0,0,0,0,0.024516,0.033767,0,0.018698,0,0.0057027,0,0,0.011261,0,0,0,0,0.0089221,0,0,0.03669,0.024191,0,0,0.021995,0.010977,0,0,0.00092353,0.03569,0,0,0.0025594,0.015599,0.0057676,0.011207,0.010325,0.021231,0.029769,0.00077426,0,0,0.0065791,0.030616,0,0.015239,0,0.010691,0.011833,0,0,0.013522,0.0061581,0.039524,0,0.026524,0,0.02105,0,0,0.02648,0,0.030907,0.027634,0,0.022275,0.039359,0.026529,0,0.026389,0.031884,0.042814,0,0.0096925,0,0.0092068,0.027369,0.02971,0.035127,0.026745,0,0.02447,0.014857,0,0.013131,0,0.021372,0,9.5112e-05,0,0.004361,0,0.0095863,0,0.033981,0.008656,0.0005679,0,0.019915,0,0,0.013426,0,0,0,0,0.0091477,0.0044897,0,0.030583,0.045957,0,0.019381,0.037339,0,0,0.0025069,0,0,0,0.020368,0,0.016466,0.014555,0,0,0,0,0,0,0,0.016946,0,0,0,0.031908,0.029343,0.019493,0.013912,0.03312,0.011795,0.024069,0.0165,0,0,0.012455,0.0062019,0.018569,0,0,0,0.021749,0,0,0.0057888,0.024793,0.0067667,0,0.0045931,0.024027,0.03066,0.0054793,0.032341,0.018657,0.038372,0.01375,0.0065986,0,0.022646,0.01762,0,0,0.041334,0.042757,0,0,0.0069528,0,0.026862,0.0011219,0,0,0.027578,0.02835,0.0098296,0,0.019604,0,0,0.014686
0.058951,0.021554,0.051957,0.056871,0.040112,0,0,0.044062,0.039186,0.034153,0.0091664,0.031401,0.022431,0.02898,0.0029588,0.0040117,0,0,0.0045037,0.045872,0,0.034198,0.064047,0.029572,0.0026416,0.0029561,0.019338,0,0,0.0065996,0.026471,0.04392,0.023828,0.0422,0.010382,0.0093503,0.054238,0.030658,0.019306,0.0089682,0.018246,0.020053,0.010135,0.022076,0.02812,0,0.032494,0.032646,0.044443,0.053717,0.011944,0.026346,0.028061,0.029182,0,0.048841,0.019747,0.031829,0.01156,0.025694,0.0055223,0.030959,0.020618,0.021098,0.028335,0.053332,0.027455,0,0.0077922,0.012151,0.040407,0,0.051575,0,0.062163,0.039151,0.02545,0.049462,0,0.042819,0.051893,0.028534,0.034703,0.045607,0.038803,0,0.020538,0.034084,0,0.021419,0.02259,0.032031,0.055087,0.013727,0.034033,0,0.051852,0.027413,0.039047,0.0074469,0.028581,0.037524,0,0.033415,0.0010951,0,0.061205,0.051026,0.0047516,0.030389,0,0.028492,0.05077,0.035183,0,0.016057,0.034858,0.0013141,0,0,0.035039,0.011773,0.020037,0.052584,0.05091,0.0069038,0.045081,0,0.037808,0.0083381,0.033979,0.013368,0.048033,0.039162,0,0,0,0,0.03967,0.033835,0.018487,0.022665,0,0.0016158,0.0076916,0.051621,0,0.0084675,0.00050124,0.03603,0,0.01394,0.019268,0.048187,0.045424,0.060641,0,0.035882,0.021607,0.043923,0.00053472,0.054138,0.0060058,0,0,0.048941,0.0090249,0.017342,0.026082,0.025991,0.02365,0,0,0,0,0.032869,0,0.030661,0,0.0282,0.00025264,0.057088,0.027853,0.024559,0.038716,0.021473,0.048452,0.015502,0.06148,0.025539,0.0023387,0,0.011033,0.0045617,0,0,0.044048,0.037707,0.041437,0
0.018404,0.031243,0,0,0.0090857,0,0,0.011097,0,0.010721,0.017166,0.0071268,0.029583,0.022026,0.01191,0.0053338,0.01294,0.0036078,0.0047832,0.0097434,0,0.035541,0,0,0.028437,0.0085014,0,0.038113,0.0066438,0.019717,0,0,0.012531,0.0426,0,0,0.00073579,0.036739,0.034888,0.037077,0.017624,0.012334,0.012728,0.024532,0.011906,0.020689,0.0098202,0,0,0,0,0.025624,0.022483,0,0,0.035896,0,0.0093512,0.031322,0.025061,0.0024436,0.033868,0.0027614,0,0,0.032666,0.032311,0.042894,0,0,0,0,0.03164,0.021694,0.01412,0,0.0046813,0.031446,0.026946,0.015671,0,0,0,0.028179,0.018496,0.011803,0.0089951,0,0.024525,0,0,0,0.0011973,0,0,0.0071242,0,0.0098405,0,0,0,0.029365,0,0.027815,0.0029686,0,0.0078434,0,0.039044,0,0.026811,0.030462,0,0.004866,0,0,0.020093,0.0029674,0,0.032773,0.018828,0,0,0.0082741,0,0.031705,0,0.031751,0,0.018675,0.02183,0.009705,0.014523,0.0011751,0,0,0,0,0.033595,0,0,0.018076,0.013064,0,0,0.017934,0,0,0,0,0.01412,0.011416,0.0040152,0.024797,0,0,0.00088681,0,0.004803,0.041787,0,0.012742,0.037765,0.042715,0,0.02716,0,0.01804,0.028393,0.0061281,0,0,0.0041523,0,0,0.031987,0.02763,0,0,0.01337,0.003624,0.035708,0,0,0.002084,0.026624,0.00438,0.007072,0.0098532,0.017791,0.021832,0.013778,0.0369,0,0.027356,0,0,0.028713,0,0
0.0030612,0.017999,0,0.017088,0.028311,0,0.034278,0,0,0.034276,0.028388,0.031483,0.0043144,0.031797,0.049809,0,0,0,0.0053569,0.048154,0,0.003451,0.0073596,0.016718,0.04214,0,0.036187,0.014432,0.022696,0,0.030239,0.020503,0,0.0071677,0,0.027977,0.029645,0.027002,0,0,0.023945,0,0.019619,0.019636,0.028997,0.011297,0.029983,0.013923,0.048524,0.050571,0,0,0.030332,0.026649,0,0.048958,0.049284,0,0.0099604,0,0.041338,0.00169,0.02615,0.040796,0.046183,0.0060887,0.02151,0.028775,0.040688,0.012125,0,0.033077,0,0,0,0.010982,0.03562,0.0067915,0,0,0,0,0.0093389,0.016097,0,0.0067707,0.026657,0.014272,0,0.0038825,0.020049,0.033912,0.035089,0,0.032618,0.0053549,0.045626,0.020678,0.0017191,0.035447,0.037154,0,0.0012388,0,0,0.026193,0.042277,0.00044623,0.029694,0.032561,0.028548,0,0.0075015,0.035118,0.048838,0,0.011653,0.035465,0,0.010023,0.0027585,0.042814,0.038801,0.034455,0.015936,0,0.02113,4.1261e-05,0,0,0.044065,0.021503,0.027924,0.025635,0.01665,0.013552,0.047761,0.0065036,0,0.0082869,0,0.026488,0.017422,0.0078226,0,0,0.018446,0.03454,0.023289,0.010422,0,0.012445,0.0080803,0,0.0022793,0.040464,0.0012515,0,0.033235,0.0084456,0.0010322,0.016266,0.045819,0.019461,0.022053,0,0,0,0.027928,0,0.042846,0,0.014186,0.0081306,0,0,0,0.032915,0.017061,0.010365,0,0.039314,0.016286,0,0.041688,0.047125,0.018891,0,0.02319,0.019372,0.022947,0.0067908,0.0085373,0.039281,0.04506,0,0,0.01308,0.043419,0
0.012245,0.043393,0,0,0.031739,0.046417,0.026082,0.042763,0.012784,0.032946,0,0.0070269,0.0046246,0.0053028,0.054846,0.0079937,0.061337,0.038548,0,0.053869,0.0037358,0.01466,0.010962,0.050162,0.033867,0,0.046129,0.057939,0.052813,0.041035,0.038604,0.048106,0.025831,0.070288,0,0.0004606,0.013769,0.011999,0.023618,0,0.017195,0.051416,0.049237,0.025792,0.0091518,0.047757,0.033722,0.027397,0.016844,0,0,0,0.015953,0,0.036076,0.028834,0.041061,0.043685,0,0.0095662,0.013431,0.045229,0.035638,0.031702,0.065552,0.010308,0.023187,0.015898,0.011347,0.054584,0.016211,0.029308,0.016098,0,0.034079,0.030302,0.010103,0.038531,0.023188,0.029605,0.036363,0.05764,0.048399,0.048577,0,0.014852,0.049889,0.025418,0.042906,0.0112,0.012934,0.022791,0.0089703,0.05881,0.053426,0.031065,0.031764,0.017322,0.030751,0.018983,0,0.026115,0,0.023678,0.0043763,0.069858,0.046797,0.001916,0.049738,0.021006,0.014916,0.062621,0,0.0087694,0,0.012159,0.032557,0.041031,0.015091,0.034709,0.04729,0.023041,0.043851,0,0.041802,0.015195,0,0,0.003176,0.036172,0,0.048553,0.049045,0.0073713,0,0.041559,0.010706,0.0045698,0.029816,0.012914,0.03533,0.041682,0.010747,0,0.017706,0.024353,0,0.04485,0.023846,0.03095,0,0,0.061945,0.0083123,0.017759,0,0.049193,0.0093689,0.021926,0.023309,0,0.038024,0.0288,0.032948,0.070916,0.024358,0.016269,0.055503,0.05041,0.020766,0.019405,0.027565,0.030619,0,0.025857,0,0.072469,0.040663,0.00062329,0.031782,0.044073,0.029325,0.023404,0.013863,0.026142,0,0.053087,0.01348,0,0.040981,0.0010862,0.038643,0.012614,0.0285,0.054042,0.043687,0.041276,0.024535,0.054564,0.059207
0.0063246,0,0.018317,0.042466,0,0.020486,0.035072,0,0,0.032411,0,0.018598,0.030257,0.018461,0,0,0,0.023697,0.043789,0.042777,0.0097279,0,0.066912,0,0.011966,0,0.011185,0,7.6526e-05,0.0046892,0.0039895,0.0074152,0.01685,0.044743,0.0092581,0.027138,0.036536,0,0.024197,0.02269,0.0082346,0.025683,0.0052785,0.032684,0.039523,0,0.037448,0,0.012609,0,0.036864,0,0.026345,0.046595,0.037662,0.047247,0.049037,0.027804,0.0064811,0.041641,0.004055,0.034953,0.037854,0.012649,0.0059366,0,0.0037676,0.037107,0.020148,0,0.023596,0,0.036297,0.054011,0.017107,0.013898,0.0097565,0.015554,0.023724,0,0,0.034349,0.013267,0,0.039143,0.030124,0.0098155,0.0063177,0.046352,0.0059673,0.019201,0.033366,0.020922,0.039012,0.0026882,0,0.011914,0.030224,0,0.034254,0.050627,0.035036,0.049825,0.0052714,0.035336,0.036082,0.032192,0.026017,0.015398,0.045001,0.044456,0.027231,0.013179,0.0072158,0,0.020974,0.030937,0.036869,0.011558,0,0.038466,0.038226,0.0060582,0.029789,0,0.0062421,0.0071954,0,0,0.016906,0.031906,0,0.017605,0.040167,0.0083073,0.012297,0.044727,0.042993,0,0.006236,0.01643,0.0048287,0.042289,0.013123,0,0.0019068,0.023456,0.032483,0.010126,0.017547,0,0,0.0040858,0,0,0.037535,0,0.018744,0.029013,0.019937,0.035266,0,0.022045,0,0.0037471,0,0.036934,0,0.0029114,0,0.048384,0.0085972,0.034998,0.019702,0.03988,0.0041923,0,0,0.0065486,0.019036,0.018563,0,0.011221,0.021339,0.0072667,0.036823,0.0054165,0.001643,0,0.028072,0,0.030885,0.010385,0.061376,0.0054315,0.041966,0.026493,0.01492,0.0095568,0
0.050046,0.0046525,0,0,0.018984,0.032114,0.038197,0,0.040729,0.027684,0.020427,0,0.014451,0.022258,0.019512,0.0012787,0.017439,0.0084174,0,0,0.02123,0,0,0.0079717,0.0055788,0.0023634,0,0,0.019882,0.051346,0.015474,0,0.01045,0.036427,0.022438,0.043392,0.0080935,0.042266,0,0,0.032636,0,0.020087,0,0.01236,0,0.019008,0.040041,0,0.041033,0.038536,0.046532,0.049214,0.014894,0,0.01865,0.056144,0.032952,0.027656,0.011307,0.0024595,0.0058038,0.016449,0.039497,0.015727,0,0.017846,0.043733,0.021134,0,0,0.04578,0.029257,0.024918,0,0,0.046648,0,0.0067651,0.03824,0,0.056753,0.029107,0.018333,0,0.01966,0.039528,0.044391,0.03888,0.017361,0.049933,0.037137,0,0,0.0088248,0,0,0.030124,0.044481,0.035733,0.015539,0.016868,0,0.0101,0.028352,0,0.016693,0.020818,0.029443,0,0.014218,0,0,0.019546,0.0061727,0.012006,0,0.018018,0.010718,0.042221,0,0.058547,0,0.0099907,0.024979,0.040962,0.033387,0,0.018268,0.022588,0.017352,0.0041894,0.028075,0.042082,0,0.030817,0.0033892,0.021812,0.03828,0.051065,0.022442,0.023602,0.052655,0,0,0,0,0.034347,0.012952,0.052276,0.032084,0.013073,0.0060939,0,0.022769,0,0.047576,0.0035584,0.0034966,0,0.045468,0,0.035539,0.011351,0.046045,0.019514,0.0051775,0.01539,0,0,0.013373,0.0032618,0,0,0.025156,0.04622,0,0.0091045,0.026619,0.011567,0,0.016444,0.050636,0,0.042254,0,0.00049525,0.027891,0.011314,0.036542,0.04237,0.046211,0.029264,0.029679,0,0.040748,0.029729,0.045764,0,0
0,0.028405,0.014634,0,0.056022,0,0.033816,0.010455,0.025562,0,0.011563,0,0.018572,0,0,0.0042587,0.024453,0.018521,0.0029335,0,0.023501,0.004029,0,0.035143,0,0.018914,0.040609,0.014104,0.025627,0.023883,0.040033,0,0.028829,0,0,0.0048633,0.05309,0.018086,0.044116,0.028034,0,6.2549e-05,0,0.0087592,0.031848,0,0.035001,0.026626,0.035934,0.015997,0.042074,0,0.0027479,0,0.02176,0.011739,0,0.01894,0.029979,0.027284,0.034548,0,0.011393,0.021007,0.018019,0,0.0089773,0.013317,0,0,0.0027219,0,0.033977,0.065501,0.038509,0,0,0.036101,0.028431,0.0044011,0.026735,0,0,0.052233,0.046959,0.016429,0.0060727,0.030626,0.030311,0,0,0.011063,0.04763,0.021957,0,0.037031,0.021295,0.032943,0.041666,0.0088692,0.035141,0,0.00066629,0.01856,0,0.039323,0,0.0079014,0,0.011365,0,0,0.024191,0,0,0.011843,0.037992,0,0.021422,0.00041667,0,0.016359,0.012216,0.014084,0,0.021981,0,0.025788,0,0.026838,0.0073535,0.035214,0.010541,0.030736,0,0.012682,0.038006,0.016347,0,0.039615,0,0.024135,0.029011,0.0085621,0.03479,0.040007,0,0.0016881,0,0,0.043914,0,0.0085086,0.022005,0.026588,0.014973,0,0,0,0.0057973,0.011125,0.0061186,0,0.039552,0.029212,0,0.0080219,0.0034354,0,0.020474,0,0,0.0061949,0.037586,0.046016,0.0028031,0.042346,0.037554,0,0.035671,0.032415,0,0.0043778,0.0086799,0.010779,0,0,0.029516,0,0,0.021217,0,0.025754,0.013917,0,0,0.034696,0.03876,0,0.027915
0.016067,0.031572,0.010813,0.040136,0.016417,0.009772,0.026574,0.027095,0.017691,0.017372,0.032847,0.010782,0.038007,0,0.030157,0.027245,0.022728,0.00083548,0.010673,0,0.044308,0.026536,0,0,0.0059806,0.044841,0.029616,0.054838,0,0.028536,0.037449,0.048261,0.039076,0.014878,0.019915,0,0,0.019666,0.039694,0,0.024204,0.033721,0,0.033651,0.010167,0.036789,0.035707,0,0.043503,0.0056599,0.051392,0.037773,0.046084,0.053653,0.036168,0.0039394,0.061234,0.023916,0.012897,0.030878,0.022815,0.0092775,0.039994,0.017595,0.05197,0.016405,0,0.046028,0.044353,0,0.012979,0.0063437,0.031634,0,0.050787,0.0034612,0.016818,0,0.052596,0,0,0,0,0.033544,0.0052742,0.0028307,0.021325,0.049865,0.023721,0,0.0057149,0.016141,0,0.0066581,0,0.021253,0.0054732,0.044145,0,0.034227,0.0073331,0,0.022784,0.039037,0,0.011332,0.034891,0.03426,0,0.017609,0,0.012317,0,0.054156,0.018726,0.051782,0,0.034179,0,0.038932,0,0.025733,0.020208,0.040705,0.040339,0.051458,0.013057,0.03626,0.01068,0.036499,0.038441,0.019488,0.017591,0.040554,0.011724,0.036147,0.0063376,0.048129,0,0.027662,0.031398,0.00099025,0.053289,0.0051335,0,0,0.022294,0.030071,0,0,0.012353,0.021372,0,0.050614,0.056768,0.030727,0,0.035526,0.0011876,0.050053,0.02577,0.022379,0.036343,0,0,0.016629,0.035217,0.043911,0.027157,0.021044,0.020522,0.03308,0,0,0.075706,0.041264,0.015656,0.02377,0.049043,0.004448,0.022856,0,0,0.051658,0.029761,0,0.040485,0.019102,0.036767,0,0,0.023404,0.03913,0,0,0.027485,0.0057227,0.034254,0.010083,0.0034599
0,0.0030781,0.031082,0.039969,0.0075658,0,0.02733,0,0.025412,0.04219,0.036865,0.014974,0.016834,0.049167,0.0026451,0.021282,0.019952,0.059889,0.035174,0.058955,0.036533,0.031022,0.0073299,0.0012105,0.051091,0.0061497,0,0.046378,0.0505,0,0.015026,0.0119,0.047467,0,0.032686,0.012853,0.016119,0,0,0.049678,0.038359,0.048429,0.053353,0.02454,0.0071379,0.026918,0.010183,0,0.015667,0.0075381,0.020368,0.049608,0.012387,0.036578,0.048904,0.0026239,0.037245,0.019763,0.033466,0.00014123,0.0064909,0.045907,0.023544,0.0037835,0,0.056911,0.030164,0,0.0058307,0.0059307,0.038526,0.025319,0.00077517,0.041472,0.010366,0.0006081,0.020524,0.011146,0.0078043,0.048186,0,0,0.039246,0.053675,0,0.044837,0.037914,0.018403,0,0,0,0.047475,0.033591,0.012764,0.046681,0,0.033105,0.035508,0,0.033546,0.012592,0.035593,0,0.054654,0.041719,0,0.051946,0.0058889,0.010303,0.0088866,0.042868,0.029462,0.055882,0.024521,0.044294,0.038648,0.037221,0,0.039811,0.043752,0,0.00026579,0.028462,0.0097172,0.042872,0.017722,0.0077825,0.025306,0.048868,0.031826,0.0043064,0.044486,0.039589,0.019334,0.036564,0.007374,0,0.057513,0,0.0020531,0.044801,0.046016,0,0,0.031142,0.037003,0.0044132,0.019752,0.018688,0.053047,0.055382,0.020146,0.024851,0.050352,0.030694,0.0099267,0.047854,0.029712,0.054862,0.022464,0.037813,0.063466,0,0.049687,0.041341,0.017429,0.025944,0.023963,0.032269,0,0,0.021787,0.05209,0.042353,0.056331,0.014491,0.066175,0.035172,0.039263,0.054055,0,0.0030103,0,0.032706,0.0026296,0,0,0.004845,0,0.038477,0.018745,0,0.057557,0.00053165,0,0.055307,0.037964,0,0.042402,0.045987
0.023546,0.032894,0,0.024851,0,0,0,0.034443,0,0,0,0.0055269,0.03911,0.0024761,0.013007,0.026704,0,0,0,0,0,0,0.042477,0.0085217,0,0.017194,0,0,0.012247,0.013869,0.0059845,0.02407,0.035239,0.010813,0,0,0,0.034984,0,0.0040639,0.020637,0.021548,0.0074107,0.020756,2.4225e-05,0,0,0.031645,0,0.015305,0.0078706,0.0017056,0,0.016753,0,0.036261,0.029109,0.033346,0.020782,0,0,0,0,0,0.0094545,0,0,0.030205,0.011218,0.0031887,0.027755,0.0054477,0,0,0,0.029215,0.019981,0,0.035907,0,0,0.019169,0,0.0038542,0,0.019481,0,0.0085154,0.011406,0,0.03298,0,0,0.018739,0,0,0.0012913,0.027549,0.022413,0.032045,0,0,0,0.019509,0,0.0091421,0,0,0,0,0.017935,0,0,0,0,0,0.031623,0,0.044773,0.019174,0.027425,0.014948,0.039726,0.0070883,0.0050941,0.0054964,0.034304,0,0,0.017924,0.0060806,0.025871,0,0,0,0.0054394,0.026683,0.0083194,0,0.0069839,0.0039666,0.014037,0,0,0.03275,0,0.026667,0,0,0.039191,0.021149,0.02345,0,0,0.025813,0,0,0.0037625,0.0043265,0.035618,0,0.031154,0.0057817,0.014225,0,0,0,0,0,0,0.016635,0,0.020273,0.034634,0.016527,0,0,0.005863,0,0.017939,0.0084398,0.03062,0.034866,0,0.015025,0,0.03598,0.013396,0.026323,0,0.014682,0.0085148,0,0,0,0.0072775,0.011669,0,0,0.014888
0,0.016649,0,0.020108,0.061273,0.011809,0.0013756,0.03199,0,0.0014751,0.012294,0.0014674,0.0077907,0.019486,0.038232,0.041883,0.042493,0.040733,0.0098287,0,0.029007,0,0.043068,0.044099,0.022719,0,0.03693,0.031612,0.02394,0.0018366,0.017882,0,0.0089728,0.02652,0.02481,0.03717,0,0,0.016231,0,0.027405,0.020451,0.01647,0.00082756,0.01178,0.05622,0,0.033573,0.030605,0.0029626,0.00032531,0.037292,0,0,0.03892,0.0013889,0.020182,0.033205,0.036246,0.031762,0.025796,0,0.056588,0.011134,0.0099548,0.0057974,0.0064598,0,0.011405,0.048825,0.011147,0.024042,0,0.014154,0.029383,0.035302,0.03179,0.047187,0.017874,0,0.029978,0.039768,0.033732,0,0.032315,0.046808,0.011966,0.024254,0.037959,0.033335,0.017785,0.028967,0,0.049428,0.041074,0.0068612,0.016037,0,0.050999,0.026956,0.047587,0.015855,0.041804,0.044781,0.00017898,0.0076099,0.016446,0.0070206,0.011485,0.045971,0.030889,0,0.01832,0.010996,0.021832,0.038202,0,0.062789,0.025523,0.040111,0,0,0,0,0.045536,0.011925,0.020146,0.044752,0.00076912,0.038662,0.01582,0.036115,0.037064,0.012498,0.0025542,0,0.032415,0.040519,0.051028,0,0.011808,0.038281,0,0.018809,0.018225,0,0.0071251,0.040903,0,0.036114,0,0.049451,0.033622,0,0,0.031181,0,0.037535,0.036287,0,0.015225,0,0,0.013153,0.0063665,0.035106,0.011078,0.00017545,0.033523,0,0,0.028352,0.0040112,0,0,0.013224,0.047951,0.049307,0.06609,0,0,0.017363,0.0038112,0.021259,0.0048826,0.020927,0.044199,0.02918,0.044662,0.0089112,0.026158,0.008263,0.0092381,0,0.018396,0.0016376,0.035392,0.044374,0.062521,0
0.034354,0,0.072896,0.0057677,0.014842,0.0049745,0.039207,0.020564,0.013442,0.0038717,0.018282,0.03024,0.063093,0.00034178,0.033111,0.050365,0.04328,0.0067478,0.038563,0.052318,0.051223,0.04533,0.067772,0.016724,0.060828,0.0056479,0,0.058172,0.040677,0.057568,0.067579,0.0047025,0.014492,0.022747,0.00034589,0.05498,0.036347,0,0,0.012129,0.034362,0,0.042516,0.0091443,0.024436,0.04624,0,0.031432,0.035388,0.0093701,0.056563,0.040075,0.01618,0.06173,0.02745,0.044045,0.018881,0.047904,0.020518,0.0016467,0.046018,0.030327,0.0073128,0.047703,0.01627,0.04628,0.044142,0.0035883,0.007318,0.039512,0.042506,0.030266,0.053635,0.056587,0.0049125,0.04564,0,0.013508,0.043054,0.00045345,0.0094024,0,0.055097,0,0.015203,0.043069,0,0.019003,0.05027,0.022394,0.024396,0.017408,0,0.02134,0.010324,0.027434,0.030718,0.044329,0.01816,0.040876,0.034363,0.041335,0.0064676,0.060392,0,0.025547,0,0.055296,0.049948,0.041372,0,0.005638,0.021975,0.002338,0.04184,0.0065231,0.010816,0.013074,0.0051037,0,0.025562,0.062325,0.051366,0.07399,0.03626,0.012093,0.040108,0,0,0.020582,0.027373,0.0033545,0.005921,0.01228,0.0032821,0.05187,0,0,0.027503,0,0.022641,0,0.061883,0.057881,0.030594,0.031195,0.041574,0.010062,0.033297,0.062957,0.023616,0.0044558,0,0.023115,0.017723,0.048806,0.037221,0.010174,0.055601,0.010703,0.033493,0.018397,0.039211,0.027366,0.025799,0.029831,0.040597,0.022346,0.024585,0.044143,0.035137,0.058103,0.021037,0.0050639,0.045542,0,0.057131,0.053675,0.044211,0.023461,0.014086,0,0.0091227,0.0058935,0.030515,0.0025136,0.015282,0.032151,0.044988,0.032569,0.046963,0.042069,0.024393,0.0028881,0.0092562,0.0037538,0.011058,0,0.0037498,0.051287
0.054076,0.04785,0.054371,0.032627,0.048095,0.042259,0,0,0.003443,0.043712,0,0.028331,0.051007,0.031142,0,0.006649,0.020503,0,0.051841,0.024351,0.042184,0,0.046236,0.038136,0,0.056336,0.043146,0,0,0.0018156,0.038723,0.025585,0.0021634,0.047183,0.02958,0,0.01314,0,0.014931,0,0.042068,0.0060168,0,0.032343,0.016317,0.046786,0.050414,0.04241,0.038753,0.033117,0,0.051033,0.011973,0,0.027852,0,0,0.0044002,0,0.056835,0,0.011679,0.00577,0.0073184,0.047056,0.058366,0.04934,0.0082792,0.013901,0.015489,0.03081,0.0007538,0,0.033497,0.0032824,0.015972,0.0054745,0.010129,0.053037,0.0081222,0,0.047498,0.0062154,0.058138,0.0030045,0.0033733,0.01622,0.0053446,0.031054,0.045901,0,0.028664,0.040331,0.034205,0,0.022127,0.0030618,0.03045,0.000331,0.0079971,0.045455,0,0,0.049088,0.011077,0.0024777,0,0.030355,0.039502,0,0.0055937,0.052935,0.0068197,0,0.071539,0.013908,0,0,0.028062,0,0.020227,0,0.023453,0.017037,0.046139,0.049039,0.033611,0.0067881,0,0.013596,0.020504,0.030574,0,0.012208,0.041687,0.0050185,0,0.018498,0.0061239,0,0.0010819,0.0011417,0.01558,0.047052,0.032242,0.0077489,0.038689,0.0319,0,0.047038,0,0.023293,0,0.043476,0.021874,0.023763,0,0.016915,0.009312,0.057443,0.021584,0,0,0.021363,0.016476,0.0025337,0.028573,0.0031251,0.020905,0.036852,0.0423,0.025123,0.029129,0.033177,0.01263,0.050239,0,0,0,0.036468,0.044087,0.0035052,0.0081542,0.061221,0,0.023775,0.022974,0,0.017563,0.043172,0.0022128,0.0087579,0,0.017061,0,0,0,0.032757,0.068767,0.029349
0.029935,0,0.023948,0,0.016617,0,0.042545,0,0.029536,0.0095882,0.037508,0,0.0062169,0.030351,0.041541,0.0077386,0,9.0684e-05,0.033805,0,0,0,0.025101,0,0,0.0054709,0.011617,0,0.012593,0,0.0425,0.039054,0,0.028838,0.017423,0,0.035597,0.044724,0.021644,0.028518,0,0,0.015158,0.027294,0.012012,0,0.0083727,0,0,0.021236,0.03719,0.03055,0.010602,0,0.0070931,0.043856,0,0,0,0.037436,0.034107,0.0061282,0.0046468,0.015419,0.012304,0.034702,0,0,0,0.036917,0.023632,0,0.0084562,0.00075435,0.02058,0.020979,0.018293,0.0092799,0,0.027145,0.023986,0.0061582,0,0.023995,0.043037,0,0,0,0.0012806,0.0093193,0,0.0095214,9.1517e-05,0.027063,0.0268,0.029681,0,0.017947,0,0.0022859,0.025879,0,0,0.016,0.049845,0.034861,0.028377,0.037966,0.0091259,0,0.012373,0.032638,0,0.012349,0.0035978,0,0.023097,0.029293,0.040053,0,0.02609,0,0,0.006249,0,0,0.02192,0.023953,0.026544,0.0039294,0,0,0.0085963,0.01614,0.0044341,0,0.019498,0.030733,0.012402,0,0.025749,0.023865,0,0.016677,0.039519,0,0.0021611,0.025367,0,0.017619,0,0.030972,0.013592,0.018876,0,0.020543,0.0027523,0.01917,0.035102,0.023012,0.024098,0.013936,0.013623,0.035004,0,0,0.0018385,0.0045173,0.035425,0.022731,0,0.0013223,0.035108,0.017792,0.00043019,0.00039375,0.0014078,0.030885,0,0.015795,0.056235,0.024427,0,0.01008,0.0086224,0,0,0,0,0.02958,0,0.027841,0.013065,0.014934,0,0.032745,0.018575,0.0074769,0.022227,0
0,0.040626,0,0,0,0.0095318,0.0016574,0.029913,0.050907,0.024687,0.049098,0.047484,0,0.051226,0.027302,0.035151,0,0.01411,0.022375,0.034141,0.051003,0.017952,0.035637,0.0021271,0.022924,0.026696,0.01021,0.019016,0.051954,0.037063,0,0.00077248,0.019678,0.01235,0,0.044426,0.03581,0.048482,0.0033391,0.0077084,0.04073,0.025001,0.0077257,0.021622,0.018631,0.019103,0,0.045141,0.020676,0.012093,0.016785,0,0.0084258,0.019055,0.017778,0.0064164,0.060458,0,0.014979,0,0.019761,0.038999,0.03219,0.015768,0,0.012629,0.0031102,0,0.070129,0.0030127,0,0.046308,0.050869,0.035326,0.051043,0.049087,0.026539,0.038471,0,0.038156,0.039862,0.030286,0,0.051681,0.048853,0,0.038987,0,0,0.040313,0.0034753,0,0.01027,0.039631,0.016078,0.058498,0.041923,0,0.0063815,0.040629,0,0.020963,0,0.014677,0.047053,0,0.050223,0,0,0.038998,0.036616,0.01301,0.034631,0.056141,0.0080949,0.025311,0.0050492,0.0039184,0,0.045158,0,0.054373,0,0,0.0071071,0.0080768,0.00028975,0.017405,0,0.047685,0.010134,0.0025908,0.027009,0.044731,0.02992,0.035946,0.048157,0.0056251,0.018453,0.021977,0.040826,0.02296,0.048229,0.044523,0.037522,0.003136,0.063169,0.044315,0.037786,0.042402,0.034424,0.025349,0.046909,0.057468,0,0.036281,0.00094415,0.030652,0.051718,0.031865,0.001592,0.01544,0.017384,0.015782,0.0099168,0.0048503,0.0072372,0.034849,0,0.035931,0.024508,0,0.0497,0.034887,0,0.042118,0.027857,0.047229,0.043439,0,0,0.019124,0.046203,0.042474,0.014508,0,0.0075542,0.0031064,0.033304,0.012705,0.059422,0,0,0.039627,0.047378,0.041013,0.025286,0.064726,0.062114,0.020157
0.013678,0,0,0.043741,0.023523,0.031644,0.019525,0.011767,0.0032488,0,0,0.041973,0.031838,0.025549,0,0.0026467,0.018655,0.045838,0.030904,0.02367,0,0.025412,0.051375,0.0094686,0,0.03929,0.018044,0,0.027507,0.0031625,0,0,7.6374e-05,0,0.03162,0.029485,0.0090219,0.014288,0.018036,0.01659,0,0,0.021906,0,0,0,0,0,0,0.023939,0.001813,0,0.025291,0.015381,0,0.0088641,0,0,0,0.0058133,0.02647,0,0.0017327,0.00089906,0.0024032,0.0033795,0,0.016643,0,0,0.030893,0,0,0,0.0075792,0.0029576,0,0.022485,0.0021873,0.0050992,0.035144,0.004719,0.010393,0,0.037072,0,0,0,0,0,0.0033451,0.028217,0,0,0.01749,0.013085,0.0013478,0.00973,0.0070382,0.007048,0,0,0.012637,0,0.017828,0,0,0.019154,0,0,0.017558,0,0.006091,0.027554,0.013769,0.012339,0,0.010391,0,0,0,0.0054583,0.0032757,0,0,0.021842,0,0.028716,0.040169,0,0.00054571,0.017153,0,0,0,0.019493,0.0035862,0,0.033793,0,0.030059,0,0.021242,0.040169,0,0,0.029773,0.020064,0,0,0.044692,0.0081612,0,0,0,0,0.011141,0,0,0.013818,0.03587,0.012403,0.016523,0.029322,0.038027,0,0,0,0,0,0,0.0025147,0.01813,0.0054439,0,0.025672,0.042567,0,0.034127,0,0,0,0.0207,0,0,0,0,0,0.024399,0,0.032426,0,0,0.019799,0,0,0.029667,0,0,0.010702
0.0087188,0.036782,0.038948,0.0010124,0.018498,0.028928,0,0,0.034907,0.029362,0.040759,0.012305,0,0.024002,0.045983,0.03545,0,0.034574,0,0.054195,0.026494,0.030839,0.015771,0.050485,0.00097607,0.023039,0.052923,0,0.041241,0.031257,0,0.00095974,0.026199,0.023617,0,0.037077,0.053431,0.025663,0.0092557,0.0084307,0.021472,0.010645,0.037958,0.020244,0.0083964,0,0.03943,0.0035979,0.006298,0.026238,0.044518,0.017902,0,0.0081602,0.016909,0.0037567,0.046837,0,0.0024544,0,0.041183,0.030518,0.022448,0.040424,0.053876,0,0.032467,0.0035222,0,0,0.0093229,0.0019948,0,0,0.041779,0.030635,0.01682,0.0027599,0,9.6623e-05,0,0.0081141,0.025341,0,0,0.034672,0.024923,0.0094473,0,0.0034351,0.021805,0.021105,0,0.00025012,0,0.0029538,0.012244,0.039862,0,0.029558,0,0.00253,0.017263,0,0.014211,0,0,0,0.011433,0,0.019604,0.018517,0,0,0,0.039543,0.0050064,0,0.0076693,0.010859,0.025395,0.018691,0.0017567,0,0,0,0.027809,0.027794,0.02544,0.0074685,0,0,0.025127,0,0.012561,0.0064079,0.01189,0.0076351,0.041689,0.042323,0.0021835,0.03742,0.03518,0.036709,0.017498,0.0073561,0.042634,0,0.030945,0.017712,0.032115,0.018995,0.022138,0.0051101,0.033773,0.03942,0,0.032542,0.0086909,0,0.0083807,0,0.022457,0.050959,0.024844,0.042317,0,0.042147,0.023012,0.019334,0.024827,0.0035943,0.037205,0.016391,0.0029368,0.032911,0,0.016656,0.038048,0.026526,0,0.015122,0.010904,0.029637,0.018383,0,0,0.024093,0.0019021,0.026686,0,0.014776,0,0.022392,0.049285,0.030341,0,0.0073792,0,0.012927
0,0.012204,0.042183,0.016176,0.058341,0.0078901,0.029397,0.011657,0.015338,0.012825,0.01248,0.043268,0.029671,0.051689,0.053693,0.058351,0.028807,0.052639,0.013745,0.034198,0.024826,0.0081869,0.0097417,0.055389,0.038448,0.0076836,0.020154,0.04572,0.039293,0.053721,0.0014775,0.0094498,0.040262,0,0.035968,0.033856,0.032878,0.0097578,0.056028,0.026658,0.01988,0.045326,0.020705,0.013273,0.047893,0.059182,0,0.043976,0.025046,0.052794,0,0.0099526,0,0.052576,0.0060815,0.018783,0,0.019519,0.02142,0.013762,0.058642,0.024165,0.0050966,0.044992,0.013012,0.047556,0.047279,0,0.0051449,0.055444,0.044253,0.02325,0.058674,0,0.031305,0.044826,0.020392,0.050009,0.023588,0.045527,0.016987,0,0.024916,0.027529,0.013513,0.0044743,0.012118,0.013974,0,0.052914,0,0.02735,0.038989,0.0026282,0.0091526,0.045494,0.022474,0.036935,0.035196,0.023771,0,0.016385,0.037249,0.0060761,0.023506,0.012235,0.0011278,0.057686,0.035572,0,0.052973,0.025958,0.072598,0.016699,0.015135,0,0.02319,0.017475,0.042751,0.0090392,0.015882,0,0.0096985,0,0.022802,0.019907,0.053988,0.01277,0.027297,0.042156,0,0.044945,0.04033,0.025629,0.024959,0.058778,0,0,0.0095036,0.051861,0.011117,0.003466,0.035081,0.054611,0.0081058,0.017595,0,0.03324,0.036556,0,0.00050774,0.059132,0.0097273,0.023642,0.043955,0,0.024146,0.044575,0.014093,0.062605,0.02992,0.021881,0,0.010598,0.034903,0,0.017185,0,0,0.026,0.028827,0.038605,0.014272,0.001343,0.024223,0.021267,0.022031,0.00089045,0.0037651,0.046782,0,0.053303,0,0.037433,0.0068355,0.044067,0.054317,0.047352,0.032077,0.011068,0.046684,0.05495,0.057045,0.00032328,0.053297,0.034048,0.050748,0.027058,0,0.024567
0,0.010038,0,0,0.00031805,0,0.025583,0.0063352,0,0,0,0.024737,0.026136,0,0,0,0.029333,0.0039347,0,0,0.01369,0.024303,0.0088556,0,0.03112,0,0.043805,0.032597,0,0.025073,0,0,0.022489,0.05177,0.037853,0.040427,0,0,0.0063147,0,0,0.039503,0.015405,0,0.019052,0,0.029912,0.024877,0.010842,0.017605,0,0.0094213,0.023688,0,0.016852,0.03207,0.010957,0.02552,0.0025567,0,0,0,0.024648,0,0,0,0,0,0,0.024084,0.039652,0,0.032597,0,0,0.034123,0,0,0,0,0.0044473,0.039089,0.032794,0.012685,0.033454,0,0,0,0,0,0.032751,0.022421,0.04424,0.02443,0.031651,0.020655,0,0,0,0,0.041175,0,0.025652,0.023316,0.027645,0,0.048458,0.010421,0.013818,0.018449,0.029853,0,0,0,0.052652,0.00082878,0.044266,0,0,0.017546,0.030022,0,0,0.02239,0.014416,0,0.023628,0,0.032245,0.024804,0,0.00040675,0,0,0,0.0055382,0.022083,0,0.04141,0.021697,0.0050019,0.017975,0,0,0,0,0,0.0071728,0.021304,0,0,0.0082436,0,0.0071504,0,0,0,0,0.024148,0,0.019284,0.0096636,0.039612,0,0.042027,0,0.015849,0.026131,0,0,0.00093942,0.033296,0.024465,0.013902,0,0.0033559,0.050188,0.0033454,0.015561,0.0092296,0,0.046671,0.015066,0,0.032581,0.044375,0.0049864,0,0.027741,0.028767,0.028177,0.014878,0,0.042616,0,0.016358,0.0085835,0,0.017646,0
0,0.020964,0.0058631,0.017859,0.001655,0.015898,0.015134,0.022241,0,0.039037,0,0.015194,0.0026808,0,0.00079346,0,0.042661,0,0.0084259,0.017642,0.022436,0,0.023058,0.028992,0.026077,0,0,0.0075924,0,0,0,0.037086,0.037518,0.01559,0.016961,0.017475,0.0029294,0.0079081,0.024517,0.026473,0,0.010612,0.0082561,0,0,0.034735,0.024747,0,0.0029505,0,0,0,0.01526,0,0.016458,0,0.017011,0,0,0.027078,0.0045824,0.011222,0,0.016825,0,0.035487,0,0.012725,0.011237,0,0.031536,0,0.040922,0,0.0075169,0.025019,0.023562,0.036653,6.8761e-05,0,0,0.027652,0,0.006748,0,0.018598,0.025511,0,0.0022126,0.013681,0.02218,0,0,0.029211,0.019586,0.032691,0.0083458,0,0.022917,0,0,0.018669,0.040616,0.0033109,0.043692,0.031252,0,0,0.019802,0,0,0.036929,0,0.042419,0.006916,0.00066841,0.014267,0.018139,0.022352,0.044458,0,0.029607,0.027656,0.042217,0.011352,0,0.018272,0.033675,0,0.014228,0.017065,0.0089167,0.029993,0,0.0088467,0.030124,0.018949,0.042949,0.0013098,0.0044314,0,0,0,0,0.027971,0.035429,0.0052557,0.009279,0.020386,0.052937,0,0,0.0039229,0.016608,0.040792,0.035548,0,0,0.036778,0,0.016666,0.017872,0.026443,0.010771,0,0.030675,0.052494,0,0.0054251,0,0,0.014171,0.0053235,0.031369,0.010546,0,0,0,0,0.034197,0.049692,0.0030176,0,0,0.024704,0.0093485,0,0.019933,0,0,0,0,0.034182,0.052757,0.024892,0,0.0014902,0.022566,0,0
0.030412,0.024227,0,0,0,0.038578,0.014549,0.011386,0.0201,0.038874,0.0067851,0,0.022772,0.0086209,0.022242,0,0,0.023284,0.0053614,0.022788,0.012682,0,0.02089,0.0033337,0.015316,0.01257,0.010229,0.031112,0.014527,0.039166,0,0.040012,0.03224,0,0.036709,0.0019491,0.043497,0.020902,0.00065863,0,0.018417,0,0.014004,0,0,0.038514,0,0,0.023442,0,0,0,0,0.0097899,0.01152,0,0.0074259,0.015096,0,0.0035122,0.0099803,0.013304,0.0081267,0,0,0.0017333,0.020849,0,0,0,0,0,0.0016151,0.0074876,0.036071,0,0,0.032492,0.00080089,0,0,0,0.020231,0,0.001014,0,0,0,0.00078263,0.026714,0,0,0.031958,0,0.0313,0,0.017189,0.018719,0,0.020557,0.0089594,0,0.043047,0,0.03443,0,0.021966,0,0,0.001107,0,0.013354,0,0,0.035707,0.045618,0,0.026562,0,0,0.011462,0.015268,0,0,0.034244,0.044009,0,0,0.056528,0.0085551,0.0026068,0,0,0.016687,0.03822,0.011172,0.032398,0,0,0.0035968,0.026944,0.016402,0.036011,0.038004,0.030179,0.037559,0,0.01923,0.031967,0,0.019254,0,0.029164,0,0,0,0.004448,0.029012,0.028212,0,0,0,0.010052,0.019821,0.012044,0.0051107,0.036676,0,0.013634,0.038119,0,0,0.034178,0,0.007319,0,0,0.0305,0.030614,0,0.019744,0.046379,0.0094813,0,0.0012747,0,0.027276,0.0021099,0.005681,0.016181,0,0.003492,0.041426,0,0,0.0082077,0.033344,0,0.0054758,0.0088759
0.036726,0,0,0.024176,0,0,0,0.021044,0.025243,0,0,0.0093864,0.0046772,0.027336,0.014958,0.002652,0,0.020979,0,0,0,0,0,0,0.037411,0,0.028847,0.013011,0,0.0032378,0,0.0017256,0,0,0.026802,0,0,0.021627,0,0,0,0,0.028527,0.017213,0,0,0.012184,0,0.0022446,0,0.019636,0.019084,0,0,0.020629,0.036813,0.02688,0.011406,0,0.0071214,0.0024103,0.0073816,0,0,0.0008066,0.0020688,0,0.0086825,0,0,0.0038592,0,0,0.039225,0.033718,0,0,0.0073068,0,0,0,0,0,0,0,0,0.025654,0.019812,0,0,0.032972,0.024117,0,0.015043,0,0,0.021761,0,0.0086924,0,0,0,0,0.02003,0,0.026713,0,0,0.015716,0.010588,0,0,0.030391,0,0,0.013452,0,0,0,0.03718,0.0018786,0,0.022904,0.04247,0,0.0133,0,0,0.011575,0,0.030332,0.030416,0.019064,0.018552,0,0.009452,0.019103,0,0.04094,0,0.017851,0.021068,0,0,0.0063783,0,0,0.014083,0,0,0.022646,0.014479,0,0,0.01977,0.032885,0.028903,0.013299,0.005445,0.028658,0,0.034403,0.022019,0.025613,0,0,0,0,0,0,0,0.0081981,0.036356,0,0,0,0,0.027859,0.019938,0.028907,0.0071226,0,0,0.0077818,0,0.006075,0,0,0.023243,0,0.029062,0,0,0,0,0,0,0.0078874,0,0
0.047283,0,0.065486,0.062471,0.052715,0.028051,0.048082,0.033786,0,0.027108,0.028874,0.023442,0.046761,0.0037222,0.021185,0.00063076,0.013697,0.0043664,0.028975,0,0.056605,0,0.0050396,0,0.017696,0,0,0.019655,0.031621,0,0.053574,0,0.03101,0.021136,0,0.025925,0.038972,0.015719,0.02431,0.033979,0.016634,0.024299,0.03595,0.03031,0.02397,0,0.02686,0.019202,0.0549,0.047617,0.064912,0.041853,0.028157,0.01688,0.029411,0.0014576,0.016864,0.035867,0.014878,0,0.0362,0.023717,0,0.035014,0,0.044831,0.04108,0.022484,0.044989,0.0034335,0.0061854,0.039926,0.049024,0.071403,0.016448,0.0051268,0,0.0010737,0.011744,0.041869,0.013713,0.02236,0,0.039062,0.052414,0.0022949,0.035361,0.016788,0.010275,0.022729,0.031744,0.0054292,0,0,0.012543,0.045356,0.046903,0.0094192,0.011485,0.044256,0,0.014037,0,0.017006,0.018572,0.053451,0.01708,0.054383,0.016332,0.035901,0.044638,0.0097972,0.018646,0,0,0.022303,0.031595,0.036063,0.027477,0,0.021378,0.031799,0.047414,0.04325,0.046916,0,0.021053,0.00045227,0,0.002285,0.037113,0,0,0.020647,0,0.020769,0,0.046638,0.02739,0.021677,0.010495,0,0,0.013206,0.020143,0.027162,0.018482,0.026117,0.010499,0.011307,0,0.018649,0.0004676,0.027716,0.03767,0.0097039,0,0.026093,0.025424,0.014526,0,0.02323,0.04947,0.051857,0,0.046072,0,0,0.032712,0.026208,0.013691,0.007818,0.0074848,0.010886,0.063376,0,0.0029604,0.027978,0,0,0,0,0.03261,0.0035473,0.041692,0,0.05681,0,0.027874,0.026475,0.021188,0.029025,0.0097237,0,0.058552,0.036278,0.034545,0.039753,0.033576,0.040254
0,0.0066425,0,0,0.022683,0.0070357,0.03478,0,0.019766,0,0,0.041397,0.0096327,0.024648,0.033031,0.027102,0,0.021258,0.033449,0.03734,0,0,0.0077442,0.03254,0,0,0,0.040751,0.0018125,0,0.027962,9.2048e-05,0,0.0051054,0.012378,0,0.010688,0,0.020282,0,0.022243,0,0.011784,0.017059,0.02208,0.043614,0.021078,0,0,0.010333,0,0.017506,0.0019218,0.014297,0.027332,0,0,0.033671,0.033631,0,0,0.033435,0,0,0.0011289,0,0,0.03791,0,0,0.015184,0.037056,0.005556,0.014371,0.02491,0,0.042057,0.0128,0,0.033675,0.01808,0,0,0.006547,0,0,0.041535,0,0.0056136,0.010634,0.013296,0.0004491,0.022733,0.028887,0,0.017436,0,0.031698,0.016588,0.028804,0.026609,0.0020813,0,0.0099286,0,0,0.002333,0,0,0.0084274,0.0034751,0,0,0.015777,0,0.02849,0,0.035272,0,0.028769,0,0.0006084,0,0,0,0,0.032124,0,0.020135,0.024806,0.023129,0.012846,0.0037282,0.034881,0.020753,0.027886,0,0,0,0.013497,0,0.026987,0.020146,0,0.0084729,0.025082,0,0,0.031729,0,0.03712,0.029101,0.019294,0,0.0086164,0,0.033361,0,0.032807,0,0.039471,0.0045951,0.038431,0.032632,0.0039342,0,0,0,0,0.034565,0.030724,0.033056,0,0,0.042645,0,0.029473,0.023315,0.040446,0,0.023603,0.028833,0.042321,0,0.036387,0.0035025,0,0.037716,0.021286,0.021823,0.0091624,0,0.014937,0.0027228,0.029466,0,0.017808,0,0.0078353,0
0.048196,0.03441,0.040159,0.040536,0,0.0228,0,0.012677,0.048042,0.026653,0,0.020543,0,0,0,0,0.035703,0.042423,0.030355,0.031958,0.024823,0.009065,0.04936,0,0,0.026365,0.0080114,0.031935,0,0.022229,0,0,0.036001,0.023173,0.018211,0.03555,0,0,0,0,0,0.019128,0.0069048,0,0,0,0.0035074,0,0,0,0,0.029443,0,0.0042191,0,0,0,0.0082325,0.0096391,0.020834,0.032411,0,0,0.0074664,0.0063462,0,0,0.01987,0.020419,0.042986,0.029079,0.00020319,0,0.015634,0,0.004205,0.011703,0.022215,0.027736,0.0010345,0.0019094,0.027853,0,0.038948,0,0,1.1419e-05,0,0.034672,0.039158,0.016498,0,0.04276,0,0.020878,0.01319,0.015461,0.024638,0.019156,0.027447,0,0.026463,0.048202,0.032721,0,0,0.033785,0,0.0034705,0,0.023265,0,0,0.031946,0.034754,0.035782,0,0.014879,0,0,0,0.0062853,0.0098923,0,0.018008,0.0031423,0,0.039702,0.027034,0.022735,0.024935,0.028609,0,0,0,0,0,0.015015,0,0.012022,0,0.0072157,0,0.0031624,0.022226,0.026429,0,0.017241,0.028121,0,0,0.039938,0,0.0051649,0.038884,0,0,0.030812,0.0056054,0.0009223,0.032494,0,0.036937,0.016447,0.047173,0.001855,0.0047527,0,0,0,0,0.020268,0.026797,0.023268,0.023237,0,0.038869,0,0.05784,0.020703,0,0.033888,0.014435,0,0,0,0,0,0.0013678,0.0097286,0,0.03597,0,0,0,0.039705,0,0.0206,0.035826,0
0.00051043,0.04219,0.0057047,0.0029604,0,0.043328,0,0.013646,0.0085774,0.033659,0.020164,0.034519,0.01718,0.014546,0,0.027256,0.051645,0.03574,0.023593,0.0099437,0,0.03807,0.031836,0,0.054197,0.0020856,0.044838,0.015267,0.023582,0.0080915,0,0.019343,0,0,0.010648,0.012558,0.030227,0.037094,0.029399,0,0,0.0064056,0,0,0,0.019376,0.016625,0.020434,0.05369,0.0026597,0.0039185,0.03649,0,0,0.029054,0,0,0.040908,0.026282,0,0.048778,0.041146,0.035977,0.031278,0,0.018264,0.038432,0.0008876,0,0.024899,0,0.048124,0,0.014411,0,0.024851,6.0593e-05,0.035366,0.041658,0.006988,0.0065206,0,0.044574,0.038185,0.021108,0.043507,0.04004,0.014963,0.044795,0.030922,0.024529,0.0135,0.045626,0.040003,0,0,0.0096876,0.024884,0,0.023336,0.025044,0,0.025868,0.033292,0.045439,0,0.03603,0.029616,0.030938,0,0.04388,0.010948,0.019978,0,0.057975,0.014433,0,0.031641,0.056882,0.036177,0.015607,0.032138,0,0,0.025035,0.011705,0,0.036511,0.028649,0.038707,0,0,0.0077825,0,0.027502,0.0092355,0,0.020998,0.038942,0,0.048376,0.029686,0.003444,0.0042432,0.029466,0,0.0054652,0.021455,0.028364,0.042078,0,0.032028,0,0.0035815,0.014348,0.020715,0.00038124,0.032799,0.0057505,0.0033538,0.0048678,0.014726,0,0,0,0.018009,0.015722,0.0050046,0.051505,0.038336,0.014222,0,0.04117,0,0,0.012023,0.035195,0,0.017201,0.028925,0.019239,0.043759,0.014457,0.0055495,0.010864,0.0046596,0.038186,0.029758,0,0,0.014092,0,0.025958,0,0.0088734,0,0.04874,0.011856,0,0.034487
0.0061558,0,0,0.0037645,0.040888,0,0.023795,0,0.0058613,0,0.035766,0.031015,0.02095,0.014409,0.028349,0.012093,0.032661,0.036746,0,0,0.0071847,0,0,0,0.042171,0.015457,0.017145,0.0069504,0,0.021142,0,0.031224,0,0.022002,0,0.0027763,0.042145,0,0,0,0.0072799,0,0,0,0,0,0,0.019179,0,0,0,0.022991,0.0054171,0,0,0,0,0,0,0.011021,0,0.031659,0,0.037835,0.039812,0.017643,0,0,0.014949,0,0.0033649,0,0,0,0.029246,0.012622,0,0,0.034303,0,0.030874,0,0.027392,0,0,0.011851,0.029035,0,0.0076641,0.013726,0.0083416,0,0.040673,0,0,0,0.0307,0.011062,0,0,0,0.036455,0,0.026662,0.023789,0.0040987,0,0,0,0.017083,0.0057661,0.015914,0,0,0,0.02592,0.027258,0.0039485,0,0.017126,0.0015342,0,0.037557,0,0.032347,0,0.013993,0.019397,0,0.031152,0.013846,0,0.0017629,0.019926,0.058078,0.032026,0,0.0099621,0,0,0,0.028327,0,0.010642,0.021518,0,0.010075,0.028962,0.041516,0,0.020082,0,0.0034828,0.011233,0,0,0.035419,0.022653,0,0.04597,0,0,0,0.0050549,0,0.030504,0,0.014377,0,0.0031827,0.0030915,0.023919,0,0.031285,0.01188,0.0037199,0,0,0.029972,0,0.021755,0.016592,0,0,0.028382,0,0,0.024129,0.011552,0.017175,0,0,0,0.0074892,0.0076357,0.021581,0.016168,0,0,0
0.0065666,0.046454,0.065899,0.0055932,0.005252,0,0,0.025726,0.051086,0,0.031918,0.019704,0,0.022292,0,0,0.0067052,0.05819,0.03482,0,0.022882,0,0,0.031522,0.026776,0.01588,0.048387,0,0.0012542,0.0029989,0.0048827,0.013511,0.038523,0.046606,0.044439,0,0,0,0,0.046605,0.029636,0.012887,0,0.037575,0.04489,0.0067392,0.039148,0.056712,0,0,0.027232,0.033952,0,0.010273,0.033585,0.028983,0,0.029765,0.006814,0.024386,0.051556,0.029303,0.017414,0,0.019806,0.053126,0.016442,0.016892,0.014353,0.0064846,0.021768,0.052653,0.026469,0,0,0.037027,0.03749,0.020994,0.033136,0.045793,0.031674,0,0.040402,0.0058684,0,0.011378,0.046154,0.043294,0.024488,0.025246,0.029433,0,0.011201,0,0.011029,0.0063251,0.0032427,0.022089,0.024236,0.0083055,0,0,0.052977,0,0.022428,0.035489,0,0.042342,0,0.028686,0.053203,0,0,0.04155,0,0.034136,0.043714,0.034712,0.025277,0.043549,0.016713,0,0.0067974,0,0.027359,0.042823,0.029426,0.0051693,0,0,0.030772,0.010156,0,0.018734,0,0.008723,0,0.006711,0.020921,0,0,0.017757,0,0.01506,0.040813,0,0.058373,0.021552,0.032039,0.037778,0.056871,0,0.03043,0,0.044599,0.032322,0,0,0.034217,0.041497,0.0030878,0,0.026528,0.01646,0.019371,0.014001,0.036718,0,0,0.034748,0.0064026,0.016324,0,0.046735,0,0.032807,0.044465,0,0.0097871,0.0057176,0.012081,0,0.024001,0.034516,0.0078313,0.024891,0,0.036378,0.03476,0.0089932,0.016211,0.034443,0,0,0.021013,0,0,0.00024795,0.047145,0
0,0.012356,0.0036564,0,0,0.033063,0,0.025622,0,0,0,0,0.00073407,0.0098685,0,0.023308,0.0014997,0,0.018145,0,0,0.02523,0,0.038222,0,0.024526,0,0,0.028034,0,0.021622,0,0.019407,0,0,0,0.0068204,0,0,0,0.033989,0.0051416,0.023899,0,0.034629,0,0,0.029639,0.0096507,0,0,0,0.030987,0.029623,0,0,0,0,0.034265,0.040144,0.039875,0.0088031,0.029026,0.029279,0,0.028918,0.01172,0,0,0,0.0077717,0.023056,0,0,0,0,0.017012,0,0,0,0,0.0042362,0.028787,0,0.012885,0.035411,0,0.039491,0,0,0.030976,0.031455,0,0,0.027263,0,0,0.010896,0,0.017137,0.019196,0.0332,0,0,0,0.020039,0,0.012177,0.011301,0.010629,0.012347,0.00945,0.020068,0,0,0.019387,0.026265,0.011311,0.0097344,0,0,0,0.0091116,0,0,0,0,0.02725,0.012722,0.014488,0.0077077,0.027439,0.00047767,0,0.00025304,0,0.029605,0.019675,0.019332,0,0.020682,0.027356,0.029038,0.044142,0,0,0,0,0.012272,0,0,0.019626,0,0,0.004019,0,0.025706,0,0,0.016725,0,0.009254,0.028663,0.00564,0,0.013153,0,0.026502,0.00228,0,0,0,0,0.015893,0.0060113,0.030298,0,0.0050953,0.021786,0.032428,0.041622,0.015542,0.03003,0,0.030749,0.036077,0,0.0010304,0.003883,0.018005,0.026864,0.016353,0,0.029744,0.033042,0.021491,0,0,0,0.035338
0,0.034854,0.001605,0,0.039511,0,0,0.021551,0.03991,0.04725,0.037193,0,0.042297,0,0.026412,0,0.011138,0.054026,0.007051,0,0,0.026619,0.048652,0,0.015523,0,0.046014,0.031259,0.00065248,0.029478,0.046506,0.023322,0.0050444,0.032012,0.022745,0.0012904,0.0029008,0.048286,0.011044,0.041225,0.02978,0.02479,0,0.031299,0.035635,0,0.023511,0.048712,0,0.026938,0,0,0,0,0.029493,0.0086205,0.044243,0,0.051983,0.025045,0.0084449,0.018509,0.040306,0.01957,0.047779,0.039836,0.028341,0.033288,0.006744,0.045143,0.0099778,0.012259,0,0,0,0.027269,0,0.019399,0.016402,0.019333,0.031942,0.022247,0,0,0.032584,0,0.011886,0.030433,0.023494,0.01796,0,0.018303,0.033171,0,0.038238,0.029271,0.011794,0.015214,0.037607,0.030554,0.011936,0,0,0.01692,0,0,0.053554,0.047095,0,0.010663,0.0017689,0.037919,0.049338,0,0.041066,0.029299,0.045898,0.049535,0.0089092,0.0040112,0.017009,0.034204,0.0083527,0,0,0,0.019855,0,0.046083,0,0.027289,0,0.0035018,0.01211,0.0044658,0.030719,0.01289,0,0.0050788,0.04496,0.045541,0,0.058979,0.039771,0.046891,0.030171,0,0.029683,0,0.040534,0,0,0.027008,0,0,0.036706,0.0089164,0,0.026322,0.040532,0.040441,0.022387,0.030468,0.01259,0.034881,0,0.036628,0,0.0069709,0.040879,0.013392,0.042013,0,0,0.01342,0.044293,0.022698,0.019096,0,0.012833,0.04512,0.037733,0.0073803,0.046846,0.0043245,0.042466,0.014781,0.0048737,0.032769,0,0.03096,0.0010252,0,0.043528,0,0.012128,0.00786,0,0,0.053804
0.053791,0.0058248,0.020566,0.0044773,0.011175,0.013177,0,0,0.019872,0,0.0021642,0.012463,0.050359,0.036393,0.0057147,0,0.0092097,0,0.041359,0.013347,0.030603,0.026863,0.0084015,0.048614,0.016469,0.0013748,0.002226,0.035853,0.019242,0.027228,0.042166,0.045292,0,0,0.057651,0.054024,0,0,0.042453,0,0,0.028927,0.044897,0,0,0.049129,0,0.0035026,0.035568,0.016024,0.030891,0.030763,0.045114,0.035777,0,0.017147,0.049075,0.030434,0.016154,0.016069,0.051702,0.02818,0.015293,0.010727,0,0,0.02351,0.03093,0.02707,0.031569,0.0005715,0.022424,0.00097095,0.027736,0.019537,0.012673,0.030988,0,0.047996,0,0.021616,0,0.046319,0.016545,0.029507,0.031387,0.05773,0.030492,0.034219,0.030748,0.0446,0.046918,0,0.0075889,0.0025769,0.04102,0.01024,0.014732,0.023307,0.0095813,0.03652,0.023033,0.022325,0.028246,0,0.0044927,0,0.047799,0.050735,0.036672,0,0,0.057215,0.017386,0.034178,0.048371,0.03143,0,0.024834,0.05015,0.013974,0.062749,0.0088804,0.0086273,0.037431,0.015991,0.039845,0.04826,0.01021,0.027175,0.036876,0.00085223,0.0089304,0.02767,0,0.01953,0.015101,0.0072394,0,0.012261,0.023339,0.033339,0.052018,0.022934,0.014345,0.033059,0.0077806,0.019669,0,0.024846,0.0010801,0.025228,0.053333,0.012289,0.0025213,0.0039453,0.018573,0.016488,0.020624,0.045216,0.043479,0.03177,0.030948,0.033386,0.010849,0.033258,0,0.029309,0.017362,0.0033178,0.043339,0.037353,0,0,0,0.045066,7.1345e-06,0,0,0,0.03358,0.0039435,0,0,0.0038413,0.026875,0.045161,0.033652,0.039665,0.0061553,0.017473,0.018953,0.035469,0.012509,0.026892,0,0.033681,0.042292,0.061394,0.00057004
